
Processing unphys_event.cc...
50to80 1050


50to80 890


50to80 780


50to80 680


50to80 590


50to80 510
129.216,-2.20578
44.1822,-0.378067
98.0107,3.08224
68.7082,5.04025
51.8495,1.47433
76.553,-4.85458
82.5446,-8.87168
126.616,-8.94716
91.2616,-3.83527
51.0446,6.50656
288.623,18.617
41.6881,7.84157
43.5886,-8.35499
47.2836,-11.84
55.3997,7.41439
96.9782,11.4381
64.4348,-4.32589
96.1454,-11.0311
34.1114,-11.591


50to80 430
69.5606,-16.9036
62.5008,-0.245485
36.0583,3.46134
52.152,-12.7869
43.4832,1.17494
60.255,6.87487
49.8263,-5.25652
48.4948,0.965108
39.9929,17.6076
48.3951,-12.5497
60.1825,1.46449
42.0573,-7.1333
44.7841,19.6627
34.2883,4.49693
69.4171,-13.3925
44.9949,3.20356
70.633,-5.87929
75.1474,-6.15503
48.1364,-9.89363
37.0874,-1.67295
39.0135,3.32768
33.2967,-7.1926
42.0291,23.3401
45.8113,-4.54194
57.436,4.12326
43.835,5.32574
35.2736,-3.35366
48.3679,3.0661
35.2301,1.14046
53.8618,-2.33146
30.1604,-7.20917
24.5832,0.510822
137.722,-10.8965
52.2449,-8.78735
36.3827,-13.1293
65.0562,16.6982
29.9837,-5.96587
32.2546,20.0456
38.8925,15.3588
30.7277,6.0051
41.5347,11.7467
38.0699,-0.125677
67.7569,6.84863
39.2244,4.62904
42.559,7.90044
29.743,-3.03295
37.833,0.877237
36.8424,6.04351
50.3706,-13.9221
47.7654,-10.8291
110.006,-3.9177
73.5307,-5.81904
31.596,14.6334
32.9037,-3.2768
62.4258,6.91777
79.2066,-3.07055
47.6832,-2.90231
44.4459,-6.37307
30.2905,15.3594
30.4693,-1.7969
42.4113,7.31901
42.4791,8.92791
38.8164,8.81907
79.1834,0.799552
66.6875,3.44753
73.2371,-0.700417
27.8382,-15.7091
52.7789,-9.24142
27.4975,5.9742
40.7739,-3.24983
43.6812,-7.10516
39.3177,-20.8717
35.806,7.96609
52.5825,0.723766
47.1323,13.6841
34.6021,8.90469
108.986,-1.42893



80to120 1050


80to120 890


80to120 780


80to120 680
53.4031,-5.18151
83.9937,-2.22939
97.1009,4.40569
81.5931,9.18402
72.6082,2.26715
70.5984,-3.57468
67.2919,-2.78082
53.7614,7.27702
53.1424,0.662308
78.5073,4.57617
76.8994,6.50625
64.3747,-9.45091


80to120 590
72.5312,1.21922
36.5888,0.260418
114.19,-1.74813
82.4655,4.22745
79.0083,-6.08956
40.8139,3.37248
59.7001,-3.98537
69.1528,11.0779
37.4934,6.44903
41.6497,-6.15728
43.0828,-6.00959
57.5414,0.576596
52.6743,2.00501
108.584,-8.78506
138.899,-2.95268
46.1141,-3.70722
84.1723,21.4231
72.6047,5.41253
65.5519,10.19
69.6513,-19.1627
54.6631,-10.6675
67.9583,-19.439
35.4594,-19.2435
61.623,3.81084
63.8816,-3.55936
40.14,2.065
36.6729,-9.70002
118.284,-7.35186
24.9575,16.8248
103.061,5.32678
38.881,-2.13811
93.2024,0.450056
78.3231,6.65925
56.2668,0.495674
60.6505,1.24857


80to120 510
42.4597,5.1106
65.2383,13.1679
59.2952,-0.368443
46.1126,7.09584
62.1693,14.2191
87.7796,-0.185106
62.6565,-8.19595
68.8151,-11.6125
58.143,8.23898
116.212,9.303
58.5032,-2.03052
42.1908,10.4439
37.3653,3.24598
68.736,18.1268
54.0724,-3.68426
37.7827,3.30183
45.39,8.73172
87.6776,10.1402
83.1766,-12.735
51.3451,6.94172
53.187,1.98196
82.1698,-12.3049
48.5838,-4.97323
70.6642,5.61585
82.0639,-6.02582
62.0768,8.17329
75.1253,-20.4651
36.9992,16.9065
55.5191,12.5483
33.2134,-9.30879
85.0116,-10.2072
55.3015,-1.64209
54.9971,-14.5525
41.5543,-1.95175
44.6504,1.53255
53.8387,-6.69468
86.618,2.44358
45.1959,3.61473
36.1179,3.28107
67.4926,11.3897
36.6144,-2.89088
31.2274,1.35414
63.8178,18.9505
27.2819,-14.1647
32.4493,3.749
28.351,21.7366
85.3811,-3.45068
62.4211,9.77447
54.2823,-1.84019
30.5711,-8.32137
38.6906,-11.8966
40.3269,-1.55806
32.4285,7.29178
42.3439,12.5435
58.5035,8.6476
50.8194,2.82916
76.239,1.60748
79.9365,-2.26085
61.3733,1.61447
29.8433,-3.77808
33.0226,4.89852
98.5404,2.09974
57.488,7.53057
25.8601,4.21951
43.7052,-1.00814
31.976,-5.00076
91.4083,9.17297
98.1229,9.58815
55.8262,1.8937
68.1274,-14.6596
73.6126,13.7975
57.6272,-3.03032
73.8675,-3.71676
57.0444,21.7733
47.0384,4.51661
60.3342,-5.51387
55.1934,10.9198
38.6088,0.754193
29.6548,-9.64577
65.5853,-3.6171
51.0743,10.6106
88.8331,-2.94983
80.1399,-2.48174
64.9787,-7.92064
43.3089,2.63404
35.8298,-6.44411
72.8759,-22.3905
64.4221,-2.06111
55.9783,0.980429
54.767,-3.96815
60.4467,4.93723
62.5349,10.858
55.7419,-4.27371
50.4386,5.11345
50.017,11.6251
49.835,-9.61767
68.9726,-10.2842
56.8223,6.47604
37.2245,-1.67239
57.5985,-2.08174
58.0467,9.06624
70.1339,-6.09232
47.5856,5.70351
57.3324,-15.8085
39.0746,-16.6594
32.4252,-7.80014
41.6558,-3.63078
59.3839,14.5882
63.3963,-9.14314
71.4301,-1.18444
98.7654,5.98046
43.1583,-12.4319
40.2047,3.01802
48.3602,5.83708
58.7203,-3.0888
39.2162,-8.47039
77.2334,-2.47276
29.8131,5.55146
51.1077,1.33756
81.2051,7.34754
44.0271,-14.1346
45.3219,-10.5752
45.6762,0.070305
65.0516,0.238882
63.8163,-8.5293
28.1037,-2.50677
52.9969,-8.10829
58.5366,-2.58199
64.7688,-2.00803
46.9172,-3.44525
67.555,4.0057
29.6875,-5.62034
24.0022,6.16422
42.9323,12.4512
38.0067,4.91492
95.6247,-4.27669
42.3752,-3.21823
115.237,-0.203449
43.3685,3.13313
54.1867,-8.16246
44.2866,-14.4658
46.3905,-41.8829
80.7899,10.862
51.0208,0.456486
43.8955,9.2642
42.6297,-1.98002
71.7362,0.51462
58.0389,5.79936
40.9113,7.42712
76.3489,2.84811
51.1043,3.88568
62.6481,-2.76693
61.7266,0.728557
55.3954,1.51473
48.3467,-0.452818


80to120 430
21.0358,-1.08474
39.5662,4.86412
78.0436,8.14632
69.0771,3.18155
67.8026,-13.9689
34.7976,2.99588
34.241,3.12493
66.7243,-41.9191
46.6645,10.1022
54.381,-4.13086
64.8016,0.190717
56.9799,-0.278026
56.4754,4.85648
50.8146,2.56059
51.7273,-0.470685
49.8971,-1.89375
62.0426,3.11176
50.8415,-0.943269
35.0355,-4.75407
119.643,-2.91069
37.191,0.273365
39.3639,-12.1813
66.6299,2.04748
45.8509,5.7077
48.2113,-16.767
53.269,10.7271
108.93,1.11029
100.408,8.435
34.7422,14.8147
34.6046,7.25812
55.4312,-13.7755
59.7163,-2.70158
45.0671,-3.76255
53.7782,-0.184718
58.7971,2.71319
51.138,-0.601498
43.4564,-1.52366
42.0822,-6.21373
53.1864,-1.38866
83.2375,2.65912
68.9812,-2.00579
56.5885,0.752725
48.6301,5.28556
54.4858,5.41025
65.7162,-0.648627
65.6382,-12.4766
28.8851,-0.739432
44.2034,12.483
63.7129,-2.72921
48.6345,-1.16402
120.75,5.14733
55.4975,-1.51115
86.0041,9.55129
62.3289,7.28004
79.7838,2.0915
61.18,-7.6465
85.9198,-0.81155
52.941,8.69607
61.215,-0.647462
41.2468,0.967309
63.6166,3.33398
59.1922,2.60806
49.371,-4.44104
65.3768,2.77815
32.9276,7.76993
89.1587,8.84293
59.17,-7.57654
45.4349,2.12145
49.0062,2.00108
52.966,-5.79863
25.7113,-21.8832
33.7724,3.32518
85.9687,-18.9897
53.5003,-4.71246
46.6968,-14.126
25.9944,7.11699
45.5728,-3.96677
28.8673,-5.76708
52.1908,-10.5218
79.2572,3.16088
80.6347,7.6386
52.3749,-12.9702
57.5443,9.19347
64.8649,5.81395
83.8168,5.62358
37.016,-14.506
51.7904,4.77957
68.9797,1.13882
58.905,6.56883
51.3078,-10.6794
38.5866,-8.85277
58.1803,3.9915
61.3759,0.245571
60.4659,4.61743
49.619,-2.14419
88.8503,1.39039
79.8031,-3.98145
81.2994,12.3692
50.322,6.69818
54.7592,-11.1986
46.9101,-10.4391
37.8584,2.53396
116.548,-7.16123
44.4523,0.454069
84.2891,-2.15593
45.3292,-13.5477
50.3803,-4.10169
68.4582,-9.43774
56.4091,-6.22883
57.8439,5.87705
45.3468,1.99638
63.2895,0.370687
47.376,-1.87415
49.887,-4.01356
45.324,-1.70566
44.6452,7.52324
36.3525,-1.03382
48.6985,-6.20255
49.5119,6.81708
40.4342,1.82888
47.4666,1.77541
70.9891,-3.3386
70.8163,1.566
59.1598,2.30159
41.9516,-4.66024
58.9836,-2.39188
34.0872,-1.57442
53.5626,3.36251
74.5755,2.58527
44.0092,2.04622
39.5131,8.93624
63.1779,-4.04886
42.3223,14.3053
46.2576,-1.68098
65.6998,-8.08935
96.208,7.32415
33.9676,-3.2557
37.3141,1.39505
39.6254,-11.1469
54.3099,-3.30343
73.3917,-1.23847
64.2935,0.707279
42.0604,4.11157
46.3698,8.28002
37.5028,-15.5115
42.1676,58.3856
44.5529,5.36424
40.9449,4.82165
48.9292,-0.927128
39.2202,1.3402
56.4065,-2.30807
46.4177,8.14903
80.5899,-10.6107
44.5881,-1.30727
57.5343,-11.8126
31.1078,8.45343
89.6406,19.1452
41.1745,4.66883
65.8815,7.1437
61.0551,3.70463
54.8255,1.59798
73.9462,3.95745
48.0196,14.9723
123.327,-9.14828
49.4049,10.6667
57.2928,-2.9406
46.2027,11.1917
51.5174,-3.74364
56.9627,-1.17632
59.8538,-6.41882
56.6185,5.19057
43.3918,0.523079
82.4946,-0.228351
57.8591,10.6478
81.1081,-4.72286
105.114,-5.10848
44.3306,9.99151
100.253,14.5953
29.5172,5.7026
65.4028,-12.1943
59.9232,1.93328
89.4109,-7.94701
42.7097,5.65379
44.9366,-7.356
60.7668,0.833388
49.1945,1.68503
49.9269,-4.9598
42.7666,-2.58648
33.6561,-5.54343
57.9821,-2.86036
61.034,-0.152781
81.7279,-6.50146
34.4389,-3.954
29.4479,-16.1966
35.0974,-21.6227
40.1562,-4.58027
37.4111,-4.68148
87.7422,2.55062
77.5934,-0.780649
34.0972,15.26
34.2906,8.2751
72.9982,-0.856737
110.705,-6.76417
83.6832,9.12933
30.8109,-14.8015
121.63,-0.722946
48.5282,-10.8178
31.0807,-5.66855
42.6451,3.11008
38.5387,-1.71209
29.6787,7.56221
37.9675,-2.64673
52.4931,20.5776
45.3146,-9.87092
44.8787,9.46023
50.7252,3.05812
42.0875,-4.11921
36.21,0.784706
66.0956,-4.9239
90.8128,-0.533394
34.6613,-2.78018
47.3766,2.42749
56.736,15.8732
57.7894,1.16269
60.0368,14.854
50.0427,15.0644
48.6753,7.33032
55.9941,-6.05887
84.5538,-8.17622
59.3111,-2.28437
48.2267,7.13399
57.5916,4.15317
41.0722,4.6097
63.7701,-1.77359
64.2932,11.1609
46.849,-4.09219
50.3074,-0.0985306
74.5624,5.16709
92.8907,-10.1843
28.1962,-3.44089
63.2033,12.1748
88.5239,11.233
91.3466,-4.80469
62.3234,3.06481
57.9548,3.21728
33.5992,-2.74189
49.1214,6.65191
44.4529,18.3057
78.9649,-7.58167
105.194,10.131
53.035,-18.9552
42.3345,-9.01423
50.9228,-7.00072
42.8938,7.28725
77.2113,-7.52712
49.6358,2.73568
26.6998,-21.8633
45.839,-21.2291
37.9175,3.34149
61.8963,0.290758
112.423,13.0049
44.9283,9.09943
62.1582,3.51887
51.3696,-2.25477
46.7977,-14.9921
32.9242,-14.5071
61.641,-1.07438
52.5453,10.8246
38.5145,13.6181
36.3839,-9.82487
62.3567,5.87744
45.1164,-0.905894
87.7026,-16.3414
48.117,-14.0187
37.3051,-2.72057
81.0121,-22.2054
66.8511,2.8182
41.5684,14.3413
100.652,3.90773
37.1926,-5.47783
47.0746,7.01673
55.4379,-4.81665
35.4397,-8.51131
32.3783,11.6197
52.0027,-3.85758
49.8049,5.44559
34.0823,0.608447
31.3821,-19.7519
44.4521,7.41426
45.4766,-12.8939
60.6579,-11.8929
51.2136,-8.50505
41.3848,1.46385
62.2037,-3.92456
44.0937,6.39227
80.3738,-4.16526
49.92,0.730887
35.1486,-9.06442
83.0035,-3.84619
56.1288,-9.23572
54.7697,0.0691829
29.4821,-14.4068
42.0378,5.29523
55.7733,5.16118
150.568,-2.14756
61.8189,9.93734
66.7471,9.59329
67.6314,-13.3125
79.0675,-6.6299
73.1795,-4.05805
37.2449,1.62681
43.4446,-5.75267
44.2914,-3.84101
130.465,-3.62733
68.5425,8.33936
54.7708,-8.2426
53.9442,7.9572
41.4169,-23.0273
46.9507,5.40822
51.1171,-5.53536
32.2273,-1.43484
47.2059,5.07033
44.5839,2.59321
53.3875,12.2401
67.1432,-0.210613
62.1116,-6.77315
74.8382,1.54977
52.5694,-9.72634
72.6192,-0.196845
41.7317,7.21509
43.544,1.76656
55.9407,-4.46957
45.0802,-0.866534
76.9867,-15.9595
30.3226,6.33116
52.8363,9.64201
41.0759,-3.85853
41.2435,8.69525
70.215,7.59117
69.4827,0.226668
35.4209,-12.0369
39.8585,-8.45196
41.392,-3.16252
90.7726,-6.02767
35.4177,-0.176086
24.9972,-9.91948
68.9925,-2.50008
77.6768,-3.96453
39.744,-4.41696
51.9853,19.0075
60.5707,9.73459
51.4572,0.877884
42.1347,5.93561
45.4817,-0.151831
51.659,4.75847
82.8667,-4.73918
58.5915,-22.8811
47.6544,13.5898
50.8833,-17.9419
55.4074,-3.46281
36.8981,1.10067
141.59,5.03395
38.1318,4.40587
40.0885,6.46461
49.9888,0.729333
63.9439,-7.51655
85.0992,-3.47127
44.0633,-1.06334
52.553,-8.36569
81.279,-1.25945
85.1917,4.46046
38.4115,-18.4692
60.3515,6.23945
63.5291,-0.568094
39.2381,-9.19191
48.4667,2.11524
35.2581,6.19103
60.2741,2.60366
31.4362,-4.69399
37.0256,-2.4425
48.121,-3.2866
37.2198,0.19158
47.3306,7.56312
64.7423,-1.58611
57.6254,-0.174964
46.3293,-7.05147
32.4776,-1.24948
38.7926,2.84927
62.13,-9.99846
34.9834,16.8978
46.0724,-4.757
47.9314,-7.99151
49.3404,-0.509657
58.8374,-9.87295
52.3457,2.72938
44.5909,8.77846
75.0188,-3.87394
84.1186,4.98285
38.4549,5.58966
46.4259,-6.84854
58.5174,6.66797
47.6345,-0.910469
56.2103,-19.9077
47.701,5.04211
32.0209,2.28006
50.4406,-5.7518
34.5424,-5.54106
39.5268,4.08434
68.5187,-7.65289
76.7025,-2.11286
47.8055,10.0966
64.1479,6.39383
79.1123,-0.454717
50.6996,9.08622
64.7655,-6.54078
45.3713,-12.2592
52.7614,5.41538
47.6182,21.0965
41.4739,3.50127
56.9842,-18.1416
29.0953,3.90182
38.4733,-13.3032
69.4165,3.48305
89.7673,-25.8299
41.0548,2.3968
41.5547,-1.31577
60.8835,1.22233
83.457,5.96518
40.4256,3.15643
95.1373,-0.703352
64.3365,-3.61003
89.7323,-3.1588
61.7325,1.6335
60.3916,-10.2776
54.4884,5.81093
56.1566,0.696145
55.0459,-3.66087
47.2593,0.980688
49.1791,-4.58985
38.7255,-1.03364
50.2488,-3.70722
24.4729,-13.4461
34.2466,19.3495
40.5838,-2.32313
63.2395,3.20895
46.2073,0.840682
61.3114,-0.473361
42.0309,0.0529985
89.3239,0.358387
42.9643,0.513153
69.477,6.97375
64.5868,0.178633
71.3534,-11.9299
63.4197,-5.10309
50.7728,3.85465
43.7389,2.86904
52.5891,-4.42071
47.2427,-4.79023
40.2004,3.41327
40.9453,6.0455
37.467,3.89094
45.1286,11.6264
53.4029,3.59561
86.2401,-10.3829
55.1074,-4.58001
57.5207,-6.9122
47.1479,-2.23698
25.2162,-16.4685
52.0636,0.992297
60.5558,-2.96308
89.3877,-7.62703
93.2483,2.02525
29.4745,0.351784
41.2859,-4.28921
53.0917,-2.69455
56.0151,8.03363
45.1753,-2.82437
41.287,-11.7208
58.3033,6.16133
85.0608,10.788
58.085,-5.61836
53.1438,-3.32423
40.7143,11.6073
59.8537,3.63247
43.3888,-5.65789
46.3531,2.09448
59.345,8.88493
54.3321,-1.30796
75.4907,-6.01006
56.5474,-6.2035
32.0705,8.98411
64.1285,0.450789
44.129,1.94705
38.3173,-1.91774
74.5749,-13.5507
35.7107,-11.9516
77.9243,5.67874
77.0344,-1.98334
64.1493,-1.62638
70.7833,-18.3824
76.3169,2.88112
61.1678,-5.12898
46.7928,9.82984
67.9517,4.5176
27.8424,-2.24838
33.5029,-24.9607
59.3457,-0.524676
50.4451,-4.99985
79.6609,16.4628
56.434,-0.455882
40.8934,-4.00156
30.7924,3.3522
42.0917,10.3165
56.4912,3.76212
55.8641,-18.4136
41.8082,0.265942
48.354,2.67992
90.1844,-3.43636
48.1868,4.9453
48.9854,-4.60698
49.2871,0.163484
54.7963,2.83412
76.2877,-4.04407
53.1303,-2.30893
71.9948,-1.7158
69.2001,-6.09754
46.3546,6.73452
36.0707,-8.02038
56.6897,8.91164
46.9348,-1.43161
41.0977,-1.39095
53.6393,5.89336
57.7829,16.7879
101.693,-1.31029
62.5794,-2.5428
125.402,7.64667
53.8068,-5.97726
68.2519,-11.3669
68.7206,6.59387
33.7154,5.89569
61.3344,-1.09376
57.4948,11.9561
48.4883,-0.637104
32.9034,3.69906
38.2449,-2.48174
61.735,16.9368
60.3348,4.25796
39.9703,4.29193
46.377,2.88052
107.412,-3.84002
59.5874,3.12061
40.5664,1.56648
35.9455,11.079
69.3169,4.66495
74.5422,5.61572
58.327,17.6925
151.815,-18.2422
49.5179,-7.42803
51.6563,-3.47852
43.5038,2.05706
35.8435,-1.11741
96.561,21.7616
50.1825,0.797998
44.5772,-2.46313
85.7023,1.58905
51.1167,-5.71814
62.6281,-1.34969
51.3646,0.379319
68.3277,-7.67585
62.024,4.96524
70.2662,-8.46599
57.2998,-4.29875
39.8113,-2.3921
65.9544,5.35138
42.9487,-12.0284
73.6883,4.11481
46.1508,0.288643
61.9823,-8.84112
83.112,4.92144
58.334,4.08964
38.8139,-8.45205
50.3402,-1.43294
35.6701,1.34624
47.9635,-10.5173
55.1945,-4.94431
47.4833,2.60504
59.725,-9.44063
51.2158,13.8554
33.2055,8.10838
49.1775,8.79947
41.8374,12.2213
51.3548,1.60648
44.0429,-8.59352
42.3507,-19.6163
54.8982,0.364084
71.8321,4.64501
84.5544,5.77545
51.9472,4.14825
51.5431,1.13856
57.4961,2.10682
36.4013,-4.89532
61.4414,-0.584623
27.3495,2.56706
72.7445,6.40216
67.9449,-12.9489
36.6152,-10.047
61.9024,-6.25343
80.5723,-3.86302
60.2076,-2.67288
60.015,5.04396
60.9006,16.6947
57.388,-0.833129
56.8227,-14.0864
52.68,-2.37561
47.0631,-4.14778
36.4938,11.802
55.6786,3.03887
69.963,-2.81237
49.5359,-2.86412
71.1279,-8.77177
38.8171,-3.60549
46.1341,-2.22689
43.4969,-13.3031
49.8976,9.25544
44.3678,2.4157
53.8849,-2.01973
66.45,0.19486
57.3767,-2.65178
45.2723,22.6331
47.4185,-1.08017
96.964,-9.86432
70.7608,5.35315
40.3437,-15.3973
63.0918,-6.06263
82.8239,3.33731
41.285,-14.8876
65.4993,10.0256
74.2299,-4.47872
64.1563,5.4676
55.6474,-0.509053
45.8983,11.6431
88.7659,2.7728
72.9049,1.9899
82.8118,43.8315
41.5706,1.51382
89.3493,0.165642
54.0177,2.80063
35.2383,-10.9178
98.3686,27.0026
42.6121,-3.00827
55.9914,6.31273
67.711,-2.94931
78.0203,19.5049
32.598,4.52744
37.3501,2.05412
96.3603,-5.09316
42.826,-10.3089
60.7375,-12.1502
36.1254,-2.78756
47.6765,15.7081
66.8864,1.68861
81.9608,4.87379
68.8063,-1.73989
65.1641,3.44715
77.8441,-10.2385
57.9145,1.466
89.633,5.67852
47.5177,7.51668
53.4137,1.25932
25.9549,15.3642
37.1019,0.658424
47.8638,-2.67651
70.9163,-5.39894
41.6028,13.9963
34.9661,12.2069
63.7384,-6.02922
90.0788,-9.25566
55.4833,-24.3073
41.6258,2.4274
38.2534,-6.12469
79.5353,2.56227
42.9403,-9.00897
91.4624,3.54028
56.0702,-6.45101
56.98,9.08415
84.6578,-2.58406
40.3687,11.363
26.7783,-8.9608
68.2677,31.2975
50.2058,2.57237
101.743,3.58033
43.8226,3.12626
73.4028,2.2028
54.6019,10.8297
50.5164,8.30061
68.1869,5.13196
71.9016,-0.251484
51.0802,-5.63773
43.3759,-2.06496
80.7985,-1.32082
99.0168,-13.2962
25.7223,3.69936
33.457,-4.14851
63.8556,8.34251
99.3695,11.3909
41.974,-8.05046
63.1338,4.36055
43.7066,-0.256318
28.5205,11.0002
32.5898,4.9822
43.3608,5.3128
45.2117,-2.97279
45.3072,-1.23209
39.815,5.76087
68.7633,-9.8777
73.2014,-7.32972
49.7197,-16.4374
34.8673,-2.68501
80.2642,-2.0079
54.3416,7.56795
73.5086,-4.11545
45.4998,-5.43632
59.6865,-0.0223992
34.0374,-6.259
89.8912,-7.41836
63.6701,7.26916
60.0477,-2.60504
51.9729,0.600894
57.125,2.24605
45.5527,3.6755
45.2683,-3.40602
41.1313,1.30036
48.7466,21.2026
28.8201,-0.662179
33.6219,10.9982
57.9977,-22.5692
52.9495,-0.176172
44.6297,9.50628
44.5557,-10.1482
64.2531,10.8959
43.2693,3.97139
60.2365,6.06267
76.4503,-6.31929
70.2865,-4.89869
59.3979,0.183423
83.0991,-14.5388
47.2472,-7.39489
108.378,-3.70394
54.7419,3.96932
72.9878,6.03928
61.7097,-10.8034
64.698,7.48349
29.7207,-20.7923
48.1505,-13.9043
42.8326,3.98943
65.9849,-0.717249
88.1661,-0.819621
113.457,2.71967
71.2169,0.071945
79.5558,6.21239
48.8317,-1.28081
51.0203,2.48631
38.3768,-5.87312
88.3369,-11.0482
36.977,13.0309
57.8262,4.21782
39.349,6.0398
42.5825,-7.26731
45.8854,-3.65271
82.1072,-0.943442
33.6536,-2.48018
78.7124,1.85564
54.5142,0.725363
53.7087,1.13925
57.7151,0.0592996
42.8679,-10.8258
53.2448,-0.972315
36.4705,0.198097
36.1405,-3.09752
32.8945,-4.66706
78.7541,-5.52203
51.3704,-1.67506
44.8905,-8.00631
69.4176,-4.79114
82.0932,-17.5803
37.0602,-4.0499
32.7592,7.20572
41.6765,14.2832
50.2724,6.58165
77.3214,-6.78696
59.5077,-1.28992
95.1705,4.62951
61.8052,-0.468053
42.981,1.25487
80.8792,-4.58946
44.7803,6.49439
119.529,5.33619
41.8188,5.85599
52.397,5.40075
49.6456,-11.9208
58.0513,-3.59781
109.216,11.3627
40.5481,-2.30496
52.27,3.29005
109.767,3.23947
43.7935,8.32275
59.0167,-9.28596
41.3525,-3.0614
51.3589,3.43661
69.4546,-4.52114
72.049,3.14128
38.8043,5.05708
74.2509,-1.02324
54.2007,-5.43519
66.389,6.98523
46.6996,-4.73793
63.8311,-2.38756
39.1683,0.0236939
39.6487,-1.20498
93.677,2.99092
95.138,5.14456
44.8074,14.6531
76.167,-4.63935
57.442,-10.5357
47.463,11.4693
49.8603,-5.85922
49.8756,12.8607
57.3129,-4.87107
44.7955,-8.21848
36.588,11.0109
41.6219,-2.17125
59.2184,1.47649
69.0072,5.63376
26.003,-10.9028
47.281,-3.05566
73.269,5.23079
93.6764,-9.86057
79.5708,-11.497
63.9147,-11.3008
38.4086,14.4104
58.5297,3.87208
76.9286,24.6871
35.6718,4.88712
46.6036,-2.21946
43.6692,-8.91337
29.8527,-12.4643
65.1913,-7.97959
49.586,5.94278
49.1815,3.7332
51.1614,-6.47587
72.8871,2.62929
79.0347,-2.05404
38.7301,-18.7859
94.1739,1.50135
61.0746,4.23845
68.655,-0.734944
36.8012,15.3951
44.482,1.30714
52.5804,4.46905
38.2287,8.68575
66.1219,1.62629
33.3201,-4.22054
34.9131,-2.7595
80.7399,-3.63286
52.1444,-2.03211
38.4401,4.14998
56.8806,-3.20675
50.9614,-6.83598
27.8978,0.674479
43.0121,10.3549
48.6163,-19.6343
127.889,5.0844
47.5269,-0.583242
73.2202,5.11168
67.0487,2.01429
47.0032,-10.0437
32.447,-13.825
47.9913,-9.84883
67.5317,-22.7289
57.5237,-1.30032
59.2024,1.28832
59.2577,-0.96623
55.3575,-0.695886
112.957,9.13028
81.886,-5.8531
51.8598,-16.5389
133.228,-5.46795
35.074,-3.84705
55.5945,-31.7939
44.3239,-5.64576
63.7798,-2.25956
46.0134,-12.764
56.9198,-2.84781
64.0848,-9.17253
53.8313,6.59292
37.7499,-1.31629
58.6701,-5.28992
77.4333,1.2383
56.9574,0.357006
75.5223,4.00626
69.8632,2.0669
89.179,2.89459
56.5912,-2.53927
43.8306,5.10991
44.5774,5.12752
50.9946,-7.796
59.9971,2.73434
98.8397,-2.6182
80.2337,-5.39091
76.1389,-1.85667
38.6612,-5.37179
47.4808,3.97199
56.6687,0.14061
59.1185,-6.3842
47.2935,4.41562
48.58,-2.75579
45.5727,6.77677
63.0584,1.97342
31.9934,15.9644
93.6055,-0.322264
102.962,1.5733
40.7946,16.1732
45.5313,3.02057
34.5484,-9.37888
48.3108,-2.09154
64.9269,-1.70217
55.6815,-3.63415
62.357,7.8581
69.2812,-8.46206
60.9242,1.17745
33.1522,-6.8523
66.57,-1.8499
39.575,10.3042
52.1231,9.63437
54.2275,4.68165
37.0396,11.9893
38.828,-43.6987
33.6291,9.62773
59.4027,-0.758249
46.0634,6.7608
58.2497,6.2924
93.7049,-2.651
69.4181,-5.15747
102.438,0.426448
56.325,-5.66333
59.7098,10.9935
50.352,-12.9983
33.5884,-4.17726
80.6995,-0.435425
84.6785,2.97301
72.4083,-6.68381
54.3266,-12.0377
58.2614,-1.20071
34.5345,16.9557
57.8271,-10.3428
65.2669,7.07724
36.0017,4.78346
51.4636,-7.37814
59.0005,3.1074
68.726,9.21483
62.5061,5.35488
33.8177,21.1561
46.0601,1.39492
61.0854,0.997735
37.8623,1.47317
81.4239,-1.37317
40.2651,9.6443
54.3255,0.068665
60.9367,1.77644
83.466,8.62568
55.3564,-1.59975
67.8569,7.16874
70.7517,1.53773
45.6108,17.2147
56.1904,1.83423
43.8571,10.6168
143.09,8.78605
68.2581,-2.99118
47.2922,0.754322
34.2563,0.501328
47.7107,10.472
59.7873,-1.19471
45.6798,13.8058
54.0141,5.16494
69.3287,0.146091
50.3075,8.79852
41.0294,-6.17454
33.4361,9.79924
41.795,13.3314
66.4384,-16.9807
44.3327,0.385836
32.9095,-10.0622
55.029,-1.87834
80.8214,-5.06895
52.1124,-1.75775
33.4296,-2.44315
46.082,0.108155
48.4281,-9.43395
37.5609,5.11651
62.7076,-15.8494
63.9514,-5.04793
54.1015,-5.40118
89.181,10.7898
58.8767,5.22311
45.3506,7.38755
37.9838,2.09219
73.945,-3.21845
73.1785,3.63722
63.3923,-2.61648
35.9736,0.0549838
67.5837,-4.23237
42.9579,10.3348
40.9835,-3.49091
55.5873,4.10251
68.8946,-6.25175
50.8519,-1.71257
47.2768,-10.3723
29.8945,-13.7844
77.7805,1.94541
60.6555,7.17965
49.4956,-3.31443
72.575,8.27622
62.4798,-4.09012
55.8278,-5.66186
73.6971,1.36963
36.1715,12.1889
69.3555,-1.95576
40.3995,7.23472
64.5042,-6.00575
68.8934,1.3916
155.303,8.98393
82.0042,-8.65632
67.4183,6.64781
47.2673,1.28262
37.8747,6.86701
57.1835,-0.0323256
26.5716,-10.736
45.7525,-6.00389
24.2568,5.61011
79.5057,-5.66531
81.8234,-11.2793
67.786,1.44114
48.6572,-11.6544
121.866,-4.72968
65.6956,5.3181
67.6287,6.81799
65.5879,8.75291
76.0836,2.69187
53.5138,8.83046
27.7338,6.84781
74.7144,-2.64889
57.5675,-17.1914
51.4364,7.02385
66.2921,3.35202
71.9723,0.343023
44.6368,-2.24872
65.2189,0.440388
49.3078,-6.71704
53.7376,14.7203
50.968,-6.46232
46.4797,-8.05594
43.2293,-1.26601
67.3427,1.22553
40.4951,12.1376
119.6,-1.04262
37.4377,12.0587
52.1994,-8.6372
67.424,-0.897565
78.7753,2.81431
52.3318,7.47827



120to170 1050


120to170 890
100.868,-7.50986
62.6181,-3.58063
197.807,8.17169
106.651,-3.72526
40.8473,1.39976
52.173,-0.494768
114.806,-15.6174
110.829,2.70392
182.69,0.107508
80.9248,2.62045
66.0262,-3.45888
58.057,1.34153


120to170 780
58.8129,-5.97234
144.947,27.2785
71.5369,-11.4601
66.6218,-4.40246
131.255,0
115.442,4.02823
60.4138,-5.16187
62.8244,-0.799466
51.237,2.73918
90.499,2.35058
80.0357,-11.9137
108.524,3.36942
101.918,2.32753
81.6082,6.04217
120.601,12.6997
118.311,5.09243
186.758,36.5916
82.1912,4.87996
86.2866,-6.51998
74.0193,0.537235
59.439,8.37859
116.092,2.34475
86.5902,3.8092
79.6501,17.3234
194.659,13.227
77.5342,1.56984
116.061,-1.30623
55.412,-6.10963
77.7439,1.30377
57.5522,-12.8138
115.966,7.8947
114.166,-3.04435
64.4306,-9.01561
84.945,2.50983
138.024,-4.27574
82.7507,0.0921431
101.464,3.50468
96.1251,6.04925
82.6418,-0.849486
83.2414,-5.04103
67.5401,-9.74689
88.9518,12.8079
143.873,1.42979
103.639,0.312812
57.6718,4.85618
113.196,-3.14879
68.7166,-0.303015
95.9844,-2.05348
95.8032,6.76464
62.812,2.95695
59.6103,12.2999
115.804,9.1579
71.5441,-1.725
63.6364,-1.17935
56.4982,-3.47951
67.8511,-5.13636
58.47,10.3604
211.581,1.25794
105.682,-1.62422
64.7097,-7.70774
68.9072,10.9967
81.0199,6.27057
126.822,3.41435


120to170 680
58.1564,-8.53254
45.2235,5.05747
89.8302,-13.6599
103.883,4.50008
67.8212,3.01181
58.9688,-0.612806
116.789,8.80651
78.132,-3.59811
64.6661,-17.606
97.0483,1.31719
85.9138,3.96707
64.827,-3.40623
68.996,-5.42376
58.6195,14.4066
81.3038,5.82621
67.4046,10.1653
74.4708,8.12603
111.223,9.19692
68.0924,8.82179
77.8648,-1.91299
80.3279,-18.0667
85.0952,10.862
57.5619,9.36502
140.294,-6.7763
69.8136,-5.73808
88.1232,-8.61981
109.979,-5.61059
47.5127,-3.15548
94.7333,1.75823
74.7405,7.96492
75.5297,5.69993
114.588,0.92428
65.0968,-7.63139
55.1702,-4.87405
101.37,9.28596
51.1252,-4.20151
53.1847,-0.716861
44.2957,3.35241
53.9342,-2.84759
71.2381,6.61609
95.7836,-3.26092
66.3715,7.66298
51.609,-12.8827
45.9895,7.15924
69.9111,-1.7707
116.688,12.9872
172.853,6.37738
129.012,6.17299
97.1873,0
130.211,0.0469995
71.4624,-9.33541
77.262,18.549
189.354,5.59984
82.4143,7.21815
135.948,1.71477
108.415,0.930581
61.8379,-6.8214
71.6569,-6.16884
89.9271,4.93797
83.775,-6.4858
78.9105,-4.43098
162.792,-7.2232
74.1031,-0.587083
107.79,3.41439
92.9551,-4.90508
110.829,-9.22083
86.9705,0.971581
53.1034,2.31523
98.9664,-2.70672
96.9622,4.43737
91.9037,10.8911
71.3629,-28.6266
90.0242,-0.741849
118.271,-2.84453
99.7404,-23.8515
67.879,8.8135
65.1904,-2.71695
73.0703,-5.2131
57.8519,-19.1395
96.3209,12.0822
55.8368,2.6586
107.473,5.03973
55.0534,2.71324
58.6571,-1.9959
116.431,6.00014
69.6212,6.20613
97.1584,4.34661
82.104,14.5162
85.0294,-2.3839
71.353,-2.8936
89.6849,-11.7314
85.5896,10.2205
33.1464,6.9753
73.5045,0.989751
87.0365,1.66099
70.255,-9.93135
99.4326,-1.72556
89.9109,-0.926999
69.2743,-4.53633
97.9592,-8.78139
73.3696,-0.593557
63.4026,2.92117
62.4231,-0.78285
53.9329,-0.268704
133.171,15.8891
50.722,-3.45323
74.36,9.87943
87.0224,-6.2281
81.6787,6.08455
84.8273,-5.78534
99.5882,2.4104
65.1716,-1.91455
71.9654,-6.41925
62.589,2.07104
104.848,-0.333398
86.5231,3.26096
50.1852,-0.04687
139.503,9.0141
55.6009,-9.19247
105.137,2.09789
67.2851,0.691527
76.274,-2.92502
75.129,0.206901
78.7218,-2.01209
188.851,-0.415442
82.3633,-1.10921
61.1311,-13.3579
74.1925,-7.42661
110.144,-0.762393
91.0875,-16.507
56.2328,-3.99457
70.2399,-7.33593
56.2174,9.54909
67.526,5.89936
97.3874,-7.38077
63.7715,-5.53459
59.1182,5.67459
57.7015,1.71391
79.9278,1.23183
50.7359,3.66307
72.2404,22.8839
146.257,15.3146
47.9219,1.7338
70.8201,2.50029
84.2454,2.21597
77.4666,0.485877
79.0915,-0.923978
49.9997,-2.62614
69.9858,-3.48884
99.3355,-4.0685
90.727,0.580523
81.549,3.62409
70.9471,-3.34266
74.1549,-8.32892
61.0098,6.34899
45.912,15.0923
70.6225,-1.77528
109.339,3.80191
125.722,16.8273
88.7548,-7.02273
68.9399,-14.2743
131.056,-1.70087
99.4529,1.30886
69.3502,7.36221
62.5425,3.33368
79.8055,3.61715
83.6922,-0.761573
51.3464,0.108802
89.104,1.06334
78.4226,12.2919
92.978,-0.347036
122.288,-12.6981
84.0695,-6.26616
58.661,2.57241
86.2517,-7.65513
216.575,-10.0489
95.5766,-7.54762
43.5476,-4.53305
94.9742,2.08127
121.196,13.1578
110.081,8.3057
78.6021,-9.07944
74.3387,-6.24717
88.2993,-1.35004
70.24,8.36124
79.2578,4.53979
85.1183,-8.10462
32.4388,3.56989
60.4746,-5.86233
42.2167,4.64462
65.4022,0.29529
71.7036,-17.393
77.1476,16.5742
95.7853,-1.23528
114.571,-0.451911
62.2087,2.3224
106.826,13.358
83.4627,10.4395
55.6456,3.73096
98.5206,9.42268
68.4105,-10.3687
61.3343,-9.17021
94.7021,5.872
39.4938,-1.32065
118.131,-0.956476
67.4405,-6.11071
86.0779,10.6243
55.0166,5.00611
90.8692,-10.7413
63.8036,-4.38144
57.1876,7.75565
68.6866,-3.78279
53.935,10.9223
87,5.83967
119.28,-4.02931
88.6419,-0.883927
64.2472,5.13934
110.672,9.32881
103.972,0.194428
57.0227,3.78965
89.9384,-3.00866
82.2566,-8.85955
100.11,1.15608
53.3256,-0.132453
93.7769,-6.20307
72.3008,-0.956174
70.6727,14.9776
137.209,-16.793
49.6688,-3.63808
40.7796,-16.0361
56.2895,5.69324
84.5519,1.84632
67.826,1.00421
59.0069,-8.92291
80.114,-4.72213
87.3752,3.60731
41.8327,5.01457
89.2299,-2.96463
85.7531,0.293909
65.4751,3.00866
67.411,0.095639
57.701,5.8152
75.328,17.0151
50.9056,-11.6495
98.8252,9.91257
124.012,2.91651
108.756,5.68737
53.9329,9.32009
116.605,-1.29846
166.241,-10.3779
71.7853,7.52652
98.7575,-10.4114
107.978,3.19333
84.4917,-7.07176
77.3414,2.38303
107.982,4.25805
107.868,2.40539
87.5197,-6.78558
47.1717,12.0646
76.1142,-2.97525
69.5246,0.709308
118.755,-5.06265
65.8574,-4.02965
92.7072,10.3738
79.3288,3.66799
54.5655,-1.61745
106.286,-8.52093
80.2658,4.28675
56.4211,-5.28604
37.3072,5.68353
68.4111,0.624156
68.951,-1.9748
75.0544,-17.8156
95.2336,-0.750308
183.322,-9.05489
126.196,7.71253
73.9074,-2.98932
126.18,11.3389
121.814,-6.97081
78.5425,18.1764
150.769,4.48718
70.1074,5.54982
82.4538,9.30672
64.2824,-0.227143
108.438,-0.135949
77.1037,-2.69174
85.7763,-2.72131
46.0002,3.54326
61.2606,-4.56137
155.179,2.90357
38.7394,-1.16144
69.4436,-0.651691
78.1984,4.16711
90.0301,-3.39151
115.075,0.921863
81.7236,-1.26609
113.258,1.42582
68.846,-14.4826
70.262,-8.19992
62.3921,2.28942
85.932,-8.48209
100.897,-1.54887
71.239,0.0807062
74.0162,-24.0989
86.2961,-5.76182
48.7642,-13.3187
63.4178,-2.52192
99.4975,-6.94582
81.3134,-3.43942
93.0657,-7.29377
80.2246,5.58137
65.9838,-6.6359
92.3618,6.41523
85.2694,-4.30302
92.6654,-4.58299
83.468,-5.63635
70.2183,1.96453
88.9512,-1.05613
108.853,-6.45481
90.8664,3.88926
58.4155,8.81631
63.566,-3.94092
70.4517,-13.4103
76.1019,-4.7775
104.446,-6.49426
80.6262,3.21655
66.6082,5.36441
82.2259,6.15365
102.092,1.80842
125.764,-9.01082
114.959,-1.80708
78.9169,5.78158
65.7769,4.02927
75.5349,6.35313
86.4678,-3.00568
62.9833,-1.80307
69.6603,6.46922
71.6655,-20.8746
73.9926,0.332406
114.937,-12.758
83.8251,-8.54027
82.4788,8.05832
71.3506,-2.97417
83.799,-3.953
52.6124,1.42621
98.0346,-5.36368
130.229,9.24081
78.9835,-5.96708
52.1016,-14.2111
85.1065,8.76106
75.9496,21.9607
81.3977,1.0478
54.4643,-7.15389
96.4011,4.46305
178.019,8.77509
67.9565,-9.82263
152.194,4.6602
67.9048,0.189379
84.3965,-3.2528
46.7066,6.89244
105.783,-2.03569
75.9338,-7.91067
92.3292,-7.1049
52.9963,2.99377
59.4292,9.2147
95.7765,0.00189897
69.5863,-0.766579
72.5429,-3.52638
70.2848,-8.44571
166.303,7.61624
59.4506,-3.68659
60.4814,9.39424
67.6176,-9.06227
123.782,-2.81462
92.1814,-5.33101
81.0181,5.53398
53.022,3.825
118.231,-2.84224
62.9369,2.95842
93.6779,-10.2836
73.8039,0.70715
77.1774,3.34585
79.8538,7.17465


120to170 590
77.9635,-8.19905
96.2956,6.15046
130.612,-0.818067
51.6616,5.46432
73.9853,-8.83029
93.4631,0.599427
72.7844,0.0227013
82.3274,7.67895
57.2253,2.08269
165.551,6.00424
101.568,-17.6466
79.5574,-2.04687
93.2347,5.78137
57.8741,-3.63812
54.9705,1.91226
45.9828,-1.46566
57.4669,-0.480051
69.9061,1.23066
51.7574,4.24726
70.1897,-2.90646
79.6794,-4.28183
72.8657,-0.796574
72.9631,-5.61188
73.6712,-0.82726
62.9706,5.72202
78.5115,-0.0232624
130.63,-1.60648
91.181,-3.50804
83.0164,-11.7926
90.3288,-2.05227
111.192,0.427829
55.7579,2.11049
55.235,10.2936
84.3944,4.9002
65.467,-10.8895
78.5954,9.84524
78.9962,6.56214
92.8836,-5.94425
46.0222,-17.2129
102.245,-3.32242
67.2115,-8.40259
78.956,-1.91213
59.3012,1.29044
101.458,7.53981
79.6501,10.3872
94.0993,-0.633004
55.6389,0.22848
81.2144,-11.8607
107.569,-3.72556
73.5788,2.74172
81.5464,11.0674
100.316,-2.40409
84.3727,-1.15013
66.317,6.24178
76.7172,4.0253
73.5116,-1.52617
59.5271,0.314107
90.4605,-14.2871
97.8658,-0.463176
70.8399,-0.806975
78.3018,-10.1162
67.4005,-10.8348
81.082,-9.17146
118.409,-0.939126
100.29,-1.26428
75.1948,-9.72975
73.5259,2.25477
63.6647,-1.8937
70.5977,-3.27015
63.4942,-1.06014
61.1927,-2.03712
87.5571,-0.369738
45.9398,11.577
72.3067,-9.02631
65.8952,7.52954
66.5011,5.08626
118.634,4.07721
72.8317,8.55477
88.8289,-1.00442
53.1321,-2.43676
49.3904,12.7225
59.4786,2.93542
66.1211,-9.99354
123.991,10.944
55.0012,-1.40774
51.6031,10.2876
75.543,-4.6195
46.6492,6.06966
77.9228,0.558599
86.0494,1.28396
93.1577,-3.86078
66.7265,-6.23384
81.9694,-3.5566
81.1497,14.9157
85.9176,3.22548
83.6331,-4.44795
49.1548,-5.19092
41.9864,-8.53422
85.1034,-3.83643
69.0433,-0.392525
66.1964,10.2333
64.5395,3.74334
82.5256,-2.40336
85.8615,2.26797
51.6971,1.74714
80.6419,5.35483
55.1537,0.589241
57.3018,1.79772
97.8202,2.69792
64.3483,4.11865
65.92,0.789712
73.3112,10.0889
64.5264,5.66669
63.8152,5.38237
80.036,8.1786
38.2285,12.3259
58.6144,-6.08654
88.4712,4.67422
121.819,10.1162
50.9713,7.40783
99.595,-12.22
66.5285,4.41497
53.5201,-5.18893
40.596,12.6726
55.5112,-18.2592
83.2768,2.00755
51.3005,-5.90009
81.5673,-4.21921
54.7347,-6.86637
52.1458,0.438619
104.323,-13.6598
87.9139,-1.13532
82.5132,-11.5987
50.6692,3.18241
127.843,1.26791
60.4353,-2.51825
136.831,-0.470469
57.0765,-0.642973
52.4136,16.8321
113.506,-8.42451
65.6478,-2.61548
51.8812,5.72479
78.6938,-9.41047
98.5321,-3.52574
164.1,-9.17901
104.836,-2.57889
119.316,-7.75836
47.1658,11.2614
109.739,1.52461
53.4368,-0.532315
51.1379,-0.246262
74.1311,1.14478
67.1905,-1.43937
66.8368,-3.02234
57.0271,-9.00383
74.342,-3.01789
91.2388,-0.903607
71.3202,-0.162232
53.0729,-4.15606
51.6667,0.159815
74.8989,-4.83253
72.4705,5.88076
67.1249,-1.57248
48.3238,9.53852
77.4623,-4.54039
156.41,-24.0724
83.207,-1.14797
63.5112,2.58109
92.9741,-5.11064
77.0583,3.4821
116.629,5.35725
73.932,-3.24331
100.096,8.52417
68.705,13.2859
63.1318,-4.71436
189.209,1.06545
58.473,-3.24102
85.6913,12.8723
42.4752,-8.16133
125.611,-8.71816
76.5726,5.74818
60.1315,-5.21254
81.0326,-24.1891
113.886,2.23716
109.734,10.235
71.6831,2.9639
93.477,0.969294
51.0746,7.05389
130.829,-1.76595
110.089,3.49876
65.4342,-4.48195
78.5518,-1.19954
125.448,1.29907
83.0394,-3.67096
51.8469,6.6586
38.1104,-0.0621912
81.5151,-0.881639
83.6269,-2.2328
121.825,3.42634
45.2853,-2.04385
145.502,-8.88885
85.4409,3.62608
35.2973,-0.617208
109.539,-7.28267
76.4871,2.41031
109.714,9.41521
103.286,-1.87186
87.9275,-10.4592
119.549,6.4085
105.466,-8.72576
87.5626,2.90693
62.766,-30.4981
191.973,-2.81008
65.3891,2.24165
76.1396,1.30839
64.8151,-10.3585
108.128,-4.13669
49.8622,-0.924496
103.759,1.3954
78.6293,0.582422
60.8895,-4.34385
73.4715,1.19626
95.0341,4.44104
66.5996,7.61491
58.8348,-0.350705
61.6923,-1.6597
128.464,-3.43243
96.1336,-3.95037
71.5861,0.697612
80.4049,9.72505
52.2807,-7.3749
74.4574,0.563389
50.3618,-2.81898
59.0422,-5.61547
69.0847,-2.20518
63.9167,-1.37451
63.2063,3.27818
45.9702,8.49236
92.0178,7.34055
83.5509,-0.315186
252.543,-3.16221
68.4604,7.20102
82.7024,-0.345267
76.5054,6.47436
62.9141,0.706762
82.1887,0.937918
119.536,1.82858
124.16,5.92375
73.4845,-3.10999
55.5144,2.07566
118.684,-4.80556
65.1262,5.75292
122.936,-1.33579
76.7408,12.4448
46.984,0.251656
98.9928,2.13586
67.6726,4.98505
55.1283,6.48696
53.5638,-4.54695
64.4777,-10.1145
108.414,-7.89889
82.5163,-0.633651
122.376,0.730197
90.4822,-7.854
56.4651,-1.26057
148.381,17.6712
75.0599,9.6055
74.5571,-2.27686
81.2328,6.70733
84.2394,-17.4324
62.967,-6.93641
70.3032,5.31923
40.2223,-20.9088
91.5175,-0.870936
63.6991,1.84614
75.0065,-12.4959
76.1162,-3.1008
106.158,-7.49143
68.4721,-9.83976
43.914,21.7247
93.3299,-5.22393
63.7966,5.28422
64.019,-4.89114
75.7705,-4.47039
76.8231,16.251
94.9096,-5.11755
81.8546,1.43312
100.044,-9.45354
47.1906,5.62474
75.1713,6.88359
83.5075,0.61587
117.841,-1.11081
73.4441,-5.29001
68.0014,-2.76473
101.636,-6.36996
97.4212,7.37697
73.0028,6.56219
66.1661,5.70575
79.5802,2.63573
108.303,1.31581
128.147,4.73594
61.2103,-1.29514
62.4219,11.5932
80.6057,-0.979954
164.013,-1.0106
114.358,1.95123
54.0895,-5.6042
109.755,11.6899
63.642,-9.02157
79.4541,4.76956
73.2308,10.7298
66.732,-3.58797
103.365,12.9592
66.1486,-0.624674
122.569,-0.955354
102.381,-6.81207
63.6832,2.8494
88.0628,-0.991477
55.9661,4.67211
85.8419,-3.41279
120.894,-2.96632
53.3314,2.30712
111.342,-6.40388
108.192,-1.00222
55.2923,1.02406
67.9563,0.201247
87.6521,13.043
74.9027,7.39609
62.3257,-2.30379
61.8936,3.5963
88.4578,0.39231
72.2502,-8.3464
62.756,-2.28575
72.6591,10.1201
53.1748,9.52186
43.8683,-4.53085
89.447,7.48405
146.065,0.134827
93.0257,4.06008
55.0304,2.3555
74.4803,-9.67166
145.775,0.300425
61.7823,-3.32609
347.58,-3.40861
98.9844,7.41016
50.706,2.13781
38.9792,-11.9768
77.2369,-8.08956
77.0052,-4.98902
112.07,4.86421
87.3495,-2.61648
82.3325,0.444359
81.6871,0.29926
68.1161,9.74896
63.1113,3.50036
49.5295,4.59887
43.9101,8.13276
72.1058,1.11785
115.878,1.49898
62.49,1.55759
65.1112,8.65627
57.3192,0.803005
38.6986,-1.68641
56.1981,2.63758
45.9613,-3.46488
63.0593,8.705
70.9651,8.07493
73.1135,8.92355
81.3217,2.08464
43.6572,-5.44503
86.8407,2.90805
50.7993,-0.522518
68.7118,4.04933
72.8891,4.89252
65.5337,-6.19914
121.383,8.87526
69.0285,7.34305
95.0193,15.0872
69.8378,-7.70511
54.7428,-6.22775
87.7687,-5.32984
86.5498,0.869166
65.8071,9.5938
81.5201,1.10524
50.6585,24.1664
67.7768,3.20438
99.2208,6.8236
70.7999,-13.4103
64.7118,5.85456
39.189,0.692649
68.7087,0.113679
51.2408,8.40699
64.7917,-31.0815
76.6112,10.0674
243.258,5.72414
55.4254,2.17384
70.7496,1.02449
101.262,4.86123
37.0973,21.7529
51.0636,-1.79198
48.8701,-8.48563
91.2294,5.2046
47.0866,4.42291
85.1349,-3.10524
60.2326,0.825749
66.0588,5.65448
108.398,18.7527
103.383,-1.46751
83.4529,5.48923
84.4212,5.13749
95.6801,-7.84378
78.1074,5.43519
46.1577,-10.5412
63.6041,5.64477
64.1339,-0.448977
91.0633,-5.34542
68.0086,1.21197
140.25,-1.70312
59.0839,6.6148
48.3837,4.82476
51.5581,5.86492
66.9757,-2.48394
41.5823,-2.36404
92.2039,-9.03003
69.1023,-10.9925
68.7621,19.5788
55.2659,2.18545
83.9404,7.41832
54.2308,-2.38718
64.1502,1.44002
65.4359,-1.28392
69.8577,2.39719
76.5099,0.719234
58.3622,9.21125
65.6549,8.64747
119.229,-3.92262
75.3269,6.32585
58.2724,-3.56773
142.747,-6.56607
67.8576,-0.0179107
91.6346,0.906024
103.786,-9.65699
69.3319,3.0409
69.6085,-1.66777
58.1387,-5.04116
87.0101,3.57593
73.6444,4.49697
90.8806,-0.0281393
110.984,5.28656
83.6249,7.84248
92.724,1.67273
59.4819,6.59568
73.1764,-3.50519
62.9698,-2.21812
61.9221,-2.24821
68.5116,8.05918
99.0172,-8.1937
43.9757,2.21251
37.0679,5.25263
138.331,-21.9387
81.1442,5.21422
68.9889,10.5108
73.6186,-5.32371
61.9177,-0.71617
89.0507,-9.1961
65.6703,-3.60605
100.778,5.76475
49.5829,-0.838783
92.7994,-3.20593
104.09,9.88249
69.8624,-0.483719
60.7086,-3.46234
59.0415,-10.8731
92.5861,12.4995
57.4434,-4.1625
115.081,-1.65789
90.2266,6.89887
104.845,5.01854
57.6477,-3.60023
72.0793,1.76634
69.5923,-7.59108
71.3159,4.65411
58.3493,-3.79617
70.9455,-10.838
107.149,-1.36838
50.2275,2.52563
66.5093,0.805896
74.7279,-4.51109
51.2184,4.14761
70.1254,3.60895
68.1996,9.12243
67.805,-14.9308
49.1498,3.01768
48.7088,1.45172
202.381,10.928
57.6351,-5.25656
72.1396,-1.39367
82.0544,-0.469865
70.7523,1.89357
58.3684,-10.8009
64.4015,4.30237
67.6062,2.62321
78.9178,-1.24633
42.2584,-2.80003
68.1291,7.51676
85.3702,1.76147
83.3804,-9.41051
48.666,3.36743
73.9845,-4.97884
83.3353,-22.128
84.2679,-11.4661
104.469,7.57688
88.5259,-6.85191
102.315,2.86761
68.5749,-2.18515
71.4918,6.96127
105.259,-17.6301
102.585,0.410091
54.7665,8.78325
105.009,-8.79788
66.3799,-1.06562
56.2897,14.6171
54.0994,-0.712847
59.6095,6.25391
140.609,-6.51385
72.9796,1.89452
83.548,-4.23789
90.5648,-9.05924
123.935,6.70185
59.2442,-9.591
72.3652,-4.03078
61.937,1.35712
87.3547,12.9911
74.0065,5.05082
92.239,6.21027
82.8347,5.64857
130.556,-9.16075
45.93,-8.79132
47.0237,-5.99004
110,2.72666
86.0102,-0.793726
41.3575,-23.8586
68.297,-0.0802746
90.2779,2.70163
41.2086,-1.24667
90.3553,0.0154075
91.0712,7.11405
119.77,-2.41946
116.701,-13.9031
64.167,9.53468
127.968,-12.0753
118.468,-0.903909
56.818,-1.96332
80.8092,-6.13988
59.4052,-3.21159
83.1218,-5.14021
106.983,0.675299
76.9975,9.07392
65.3371,8.55006
56.5155,-6.18494
77.7993,-1.73091
121.091,8.29107
87.9557,-2.31847
158.742,2.59649
70.3165,-28.4992
99.1809,3.02851
78.7222,-4.11347
43.7902,-3.06563
81.9206,-7.6944
84.4518,-11.4978
43.1464,1.35043
72.4877,-0.023176
37.4365,-16.6883
61.5174,-3.45897
68.5614,14.8663
67.9124,3.47451
55.2255,17.6384
61.9625,-4.19452
58.7321,10.6079
111.301,-20.7656
155.416,0.794071
63.096,8.84548
48.6959,5.15756
79.9041,3.81015
89.1459,-5.344
58.3148,6.58079
74.7443,7.94541
67.2403,1.96845
117.64,5.83026
89.5052,11.0075
78.4008,12.4184
104.56,11.7813
57.4735,1.4332
47.2898,0.17846
44.5311,13.7601
93.9673,1.37477
72.072,-4.26331
46.0719,12.5337
79.1704,-1.58538
64.7347,-1.56492
112.859,-3.07952
132.136,-14.3404
104.436,14.2195
105.016,5.64067
92.4843,-5.59449
69.1266,0.264475
108.868,-16.8361
60.5596,11.7951
73.3553,-4.7797
96.2289,-12.8931
50.7345,2.14627
81.5961,2.96105
88.4599,-1.36199
82.1951,10.4261
93.7253,6.57608
89.3926,-6.09042
81.808,4.32973
57.6896,5.9417
99.3509,7.50127
88.7223,4.08839
120.225,-1.46717
78.3418,2.15697
59.7476,-7.14137
85.7236,1.00783
102.369,8.61247
64.478,5.18958
72.3885,-2.00402
91.027,11.1213
75.382,5.1355
52.1704,-0.202456
95.522,12.8486
70.7404,12.672
73.3665,-1.34702
57.487,-3.80786
87.6317,15.4491
61.9681,1.74373
63.3492,7.66208
125.122,-11.1623
75.3706,3.41719
80.1085,3.26562
68.2588,13.763
80.6157,3.43286
65.9264,-12.9549
123.946,9.50149
110.963,-0.654281
57.7383,3.0106
100.367,2.81462
66.5602,14.1735
104.363,-3.12316
48.9882,8.61666
81.4928,0.315142
100.352,-1.90915
95.1463,-3.96284
93.7484,-6.25693
65.302,-5.90946
46.0589,-8.21705
93.6712,-1.95844
60.3246,9.44387
105.635,-3.96522
63.3365,5.57369
59.266,-4.7961
83.4972,-4.1962
88.5287,-4.45299
121.808,-0.938134
62.1998,-4.72692
112.838,-2.35153
89.3716,0.0608101
74.9553,-4.4397
63.875,-0.783713
53.4206,1.98839
84.3464,0.229905
87.609,1.82443
33.821,3.78223
79.9891,-19.6642
59.4807,1.41249
45.624,7.57205
134.983,-9.42432
84.1539,-11.2908
89.0064,-0.0526101
158.81,-3.18181
74.558,6.00773
81.7814,2.06137
42.9927,1.2837
75.6437,0.189897
63.5924,-2.48519
77.8343,-2.54496
39.6467,10.9538
72.385,-1.85814
110.637,-3.34836
81.3723,6.83447
90.9343,3.92443
73.9266,-2.4539
97.5482,-8.84643
105.041,-0.68242
48.6802,2.09426
79.2185,-4.30746
72.2393,1.64097
72.8907,-5.51603
47.5401,11.385
92.2129,-2.00294
78.7074,-3.74136
57.8967,12.9552
98.233,1.1948
72.4841,2.41475
72.9729,-11.4736
84.6853,15.5541
87.9746,0.869943
70.5669,-1.31862
97.0534,-19.6968
55.1111,-11.3275
107.47,6.64138
65.1563,1.13243
106.31,4.26154
97.0916,-3.29946
83.4446,8.06285
89.4725,4.67638
76.4765,3.51141
42.1387,-7.06658
69.1712,6.04178
70.2631,8.78938
57.0411,-0.437237
49.349,-4.0934
94.6081,1.20019
86.7913,-7.26809
75.4628,4.30362
67.936,2.50129
100.02,-0.969984
97.9564,7.38172
60.4835,2.1413
67.0106,5.00926
125.07,5.37939
79.1874,-5.68335
51.5255,-1.63234
72.1656,13.7104
41.5418,4.35187
120.29,11.1893
61.9969,2.1265
82.2726,14.3521
138.013,-7.38267
74.5728,-12.0935
105.227,-0.692519
96.4903,-7.37054
76.8507,-4.66343
88.1762,2.82066
71.8961,0.411386
161.375,-1.81093
68.85,1.57213
48.2027,-4.276
78.98,6.48101
50.2889,-2.09266
84.6914,4.62533
59.893,1.98049
72.577,0.0204139
132.925,-0.634212
146.294,-8.10592
97.4531,7.82871
99.9196,6.94146
68.5149,21.0707
80.4894,-1.1856
65.9726,3.59889
64.95,-0.0602059
54.2199,11.9065
107.445,-11.6228
69.9761,-5.49238
62.2916,-1.58417
74.468,5.91084
40.9338,-3.18466
76.3571,0.167109
81.2763,4.3593
81.8196,3.78598
28.0645,1.52578
78.2199,0.18502
111.864,-7.03719
64.8,-0.740511
69.2271,7.29135
73.4728,6.71984
48.1268,9.12247
69.9279,-2.2375
92.4438,-0.900111
59.3522,2.16974
69.5041,8.77453
69.938,-1.48512
50.9755,-4.0713
50.7493,-6.11222
110.356,12.5324
72.5177,-3.17218
70.3134,-1.2219
65.614,6.11748
64.7838,-7.01621
53.6268,0.993851
70.2813,-7.28138
73.965,5.61253
91.442,-6.63754
81.4205,11.6365
83.4107,10.7757
106.228,-0.196198
75.6887,2.93369
54.0095,6.9103
101.301,-11.4299
80.3962,2.36845
151.297,-6.10725
81.8379,0.864721
47.5779,7.93212
70.9137,-1.79759
34.2948,5.45988
52.8438,6.70983
110.039,-8.82533
46.7862,-4.47997
48.4987,0.271164
53.644,9.92448
55.9298,9.4219
56.239,6.82088
59.8055,1.27261
87.2539,-20.2342
90.6382,-3.79776
60.6575,-11.8433
78.8185,-12.3963
77.4238,-2.91133
56.945,4.29991
109.824,-2.44889
115.813,-0.441769
119.854,-10.8236
54.019,-16.3422
86.0245,-9.26662
105.632,2.9352
54.7864,1.54783
109.488,8.55537
58.719,-7.54102
49.0782,-3.06519
66.1482,-8.18209
100.509,2.27855
71.4428,-12.9529
78.5209,0.345569
37.7409,2.38398
62.77,1.6127
106.658,3.7288
56.8352,0.123951
62.5854,2.71876
47.7181,-12.0658
79.9016,3.43411
66.3964,15.6037
79.8129,9.34517
67.5093,-1.22393
65.3994,-0.0102285
118.972,-7.49342
108.307,-1.01163
83.8812,-11.6031
58.6344,-0.41609
51.1756,-12.1619
87.9459,-3.24059
39.4114,9.33494
44.9628,1.09963
71.6974,-466.161
56.9912,13.6194
50.275,1.52815
58.5503,8.48558
97.867,5.93825
79.8906,1.71214
65.9127,7.37641
86.9778,-4.93037
93.3827,8.29741
80.6474,-3.24465
67.658,-6.38649
92.5626,1.53359
59.9737,-6.30915
63.7591,2.0473
68.3222,-3.81895
55.2458,-5.48409
71.8484,-9.00638
55.6385,32.0792
59.5269,-0.445222
87.1715,-3.31948
115.799,-1.32617
109.69,1.03429
109.495,0.065687
77.635,7.24336
68.1912,0.672969
56.5646,1.18396
132.08,7.12148
73.4828,9.73735
93.7233,8.09578
60.4623,-6.576
109.457,-11.7295
85.7754,-4.67884
60.3381,-5.61171
72.905,-1.99288
65.1807,-4.61812
80.1406,6.65519
94.6748,5.70131
49.7916,7.23632
77.7754,3.23571
66.7524,-3.83048
65.8126,-10.1412
101.602,7.85163
111.14,2.44294
50.5147,-1.21499
67.7782,-2.0464
112.264,7.57904
74.3175,7.72069
73.0913,10.6867
61.4758,0.802098
69.7385,-10.8574
69.0398,-2.91077
54.2042,-5.23386
84.5893,0.370471
126.8,-2.48536
89.7363,3.07111
101.451,-2.30388
67.1134,-0.113032
148.106,-1.65478
103.496,8.38287
52.5351,3.42984
94.5912,0.0697439
63.0246,0.8699
134.395,-13.0514
68.8386,-0.439913
67.4875,-1.88019
87.6081,5.0557
68.8942,-0.00474742
81.9595,-8.08352
58.3213,-2.11006
83.7327,5.94062
51.2408,-2.39633
87.3208,4.51946
107.001,21.0344
107.391,0.774261
62.6649,4.68799
67.7516,-0.153255
82.1143,-6.08222
96.341,-5.94692
90.0353,-5.43558
186.786,-1.36264
73.8439,-0.902485
68.014,-7.76
103.82,0.977235
62.8148,7.16403
110.958,-5.90881
42.853,-23.6754
50.6768,3.41383
72.1907,1.87817
56.2702,-2.01904
76.7519,-2.04148
64.5082,-1.70722
173.639,12.3919
38.8442,-1.96453
81.6045,-2.66028
65.2894,-6.48657
178.52,-0.469218
96.8095,-8.48791
100.435,2.52649
91.4695,10.6441
50.7466,3.95029
105.033,-8.02867
74.3617,-0.618805
49.7061,4.28235
63.4483,-4.45075
90.3813,1.64878
49.6087,3.90156
96.4322,19.0152
64.766,-1.72137
85.0899,2.10708
81.2502,-6.27665
66.3081,-6.80707
113.285,6.44721
75.5282,5.17754
108.958,2.91971
95.3103,9.07008
32.0332,-5.24197
114.197,0.67422
86.0431,-4.81712
82.8198,6.7652
64.0874,-6.93344
61.9326,3.26277
74.2587,4.33017
66.7435,0.689023
87.5092,8.34333
34.0536,-0.879481
55.3672,-5.82919
53.0664,-5.45142
127.415,3.60347
56.7323,-1.9322
81.9396,4.37518
52.6177,-7.35199
62.1853,-6.24044
99.8197,2.08209
80.9266,-7.5219
133.96,3.01776
103.621,-5.74248
78.4205,5.85361
85.6876,0.683801
67.3987,18.7452
63.8597,-6.93896
46.596,9.87282
86.9876,4.9125
54.0055,10.0484
85.5639,13.743
68.4189,1.99625
104.184,7.83018
74.8948,6.16237
184.848,-9.23512
72.9853,-0.144883
53.7628,2.50811
93.6394,-2.67301
67.6389,3.21215
141.126,7.66644
44.2919,25.6154
60.1995,-3.1976
47.8783,-3.12031
88.9899,-2.64272
122.417,4.95234
81.9318,0.285406
47.5109,-3.95896
54.7461,4.60858
70.6299,1.52733
116.361,4.04066
71.8949,4.57285
63.9798,9.99582
109.03,8.1764
54.5275,-1.30744
59.1342,-4.24635
65.6967,7.21241
95.5494,-12.8867
74.7887,0.922079
72.276,4.4337
90.5276,-1.71611
71.0195,-2.19232
81.3511,0.591917
48.3616,-1.12505
55.9466,3.55711
70.6409,5.7644
81.3294,-1.30882
65.9031,-0.533869
41.5281,5.26036
30.7826,-4.28567
82.1956,8.24044
59.1925,12.7322
44.3447,2.85847
61.7562,-10.6066
75.1902,-2.10069
76.9884,1.69233
45.1374,14.6698
42.7894,-4.63689
135.263,-2.90447
68.6955,1.09139
98.1084,-1.31551
66.7935,4.12944
67.1478,-1.30852
53.8921,-5.54102
61.7624,-3.01021
90.378,4.50802
65.434,0.517037
80.5723,3.85499
70.953,-4.28563
69.7436,-13.0204
63.6781,6.73245
36.7276,11.8183
63.146,-8.6151
69.7662,14.1069
72.7452,3.63363
49.8051,-9.52876
66.4987,-1.17369
73.4142,-12.6749
153.39,-6.46888
36.9563,-8.94289
64.2226,-7.0362
69.897,0.535639
56.4612,8.03756
61.0572,1.87104
74.5354,-6.18507
69.7378,-0.60029
82.1271,1.15328
221.894,-3.54537
90.4764,3.58521
103.787,-6.24217
57.4027,-4.83085
61.0702,5.80894
69.4156,-12.5278
120.032,0.370515
85.4874,-2.28921
69.2669,1.88412
61.1895,-0.431195
31.1676,-3.95918
61.7917,-2.57384
63.9265,8.25995
79.5146,4.14191
91.5534,1.91157
77.7651,15.7173
76.9677,1.41913
62.5142,1.97661
109.467,-2.66361
102.21,0.598736
57.3545,10.2944
74.4343,14.461
99.7391,-3.78378
56.4934,-0.0498048
51.8729,9.31172
64.1638,3.30835
83.2738,9.1472
41.3291,0.301634
132.339,-2.08123
173.628,3.52492
58.7841,21.9302
81.8137,9.17469
48.4093,13.576
103.428,-2.83542
57.9187,9.2147
61.6085,-12.8601
52.5296,-0.161153
75.684,-6.67315
33.2949,-11.9992
51.3693,3.70398
60.1228,-6.08391
92.5953,-5.5995
65.6552,-5.51288
90.7597,0.141473
42.3858,3.46031
70.8459,2.33733
44.2528,-1.61162
89.0588,5.38163
104.466,-2.3
57.0363,-6.85191
77.1599,0.873741
69.3487,11.9657
55.9507,0.0778577
104.781,-3.64425
64.4554,-6.57898
71.9377,0.673271
83.5751,-2.48031
87.7014,1.62392
61.5517,9.51612
62.1786,-9.95275
48.8531,15.0102
63.3913,-3.52125
81.2537,-8.04252
74.9283,-3.5578
102.556,-6.32978
91.0497,6.75921
80.5627,-7.74253
99.2597,-2.39123
61.5226,-4.05041
101.716,-0.134309
80.6489,-3.53139
55.8581,-9.74689
61.2288,6.01019
92.8734,-9.57214
63.2466,3.80571
91.748,-2.67284
99.3145,-3.23325
54.3033,-15.0986
69.3403,-1.50265
92.3597,8.22171
67.9121,6.50358
62.3413,3.81766
86.2377,5.19644
38.7075,4.09258
110.639,3.5629
107.225,5.20317
106.719,1.99409
108.154,-3.52513
53.103,6.22344
88.2851,-9.42298
67.1704,4.52447
88.8338,3.61093
99.7634,2.16551
69.8358,-5.85581
75.126,-2.22585
72.6529,-7.87748
91.8147,15.1526
63.9585,2.83775
87.2174,5.89401
66.0541,-1.32652
70.9199,4.14968
80.0275,-1.72305
75.2963,-2.42485
53.3664,4.98919
118.336,0.0645649
91.4141,-3.2219
66.9218,-0.471721
46.0676,-14.9093
99.5822,1.10028
99.4847,6.20617
45.8952,0.319415
99.2391,1.7168
58.4942,4.59317
74.4103,10.9371
96.1864,-4.97482
112.154,-2.43594
80.8778,-1.08966
110.662,-10.6142
43.7217,1.14689
62.6963,15.3832
81.9802,1.83276
83.7696,-5.41832
73.7954,-2.39572
45.0204,-19.2665
63.5944,1.00278
75.1293,6.9261
78.494,1.45496
58.0866,-0.535725
93.0466,-1.88222
53.3447,4.67902
54.1347,-0.638485
85.9735,12.324
94.3308,-9.16934
90.1455,-3.63475
72.7325,-4.0552
55.015,6.96503
61.8535,-11.337
87.1109,-1.5487
102.183,-6.02806
42.8897,0.656914
58.6856,1.75939
67.5658,0.857859
76.4346,5.7294
60.0146,-10.208
113.592,6.13095
67.6989,-1.59885
109.066,0.0175655
55.9137,11.6484
73.8812,0.675515
54.0958,12.499
58.6813,-3.209
146.211,13.2685
109.599,-3.00822
50.3333,0.105522
90.0619,-2.88591
64.6633,5.89056
41.8313,16.7968
78.9654,4.55295
69.5322,-4.91017
58.5796,-3.11871
73.6741,1.83656
107.396,-2.28705
51.2164,10.3975
57.199,3.03956
64.2923,-7.85374
83.7998,0.840682
63.3767,4.39818
75.9333,6.08602
122.84,4.36991
57.4932,-2.9191
84.1833,-8.91164
103.837,5.15436
84.6971,-1.96958
74.4864,8.31899
70.2121,1.85538
80.5294,0.831489
59.5266,4.28114
99.2612,-2.66382
35.1825,-10.5013
56.7345,0.820139
101.106,1.07827
74.0818,-3.54188
85.4661,-1.46044
122.343,3.06744
56.7924,9.42044
63.0784,0.20319
84.2096,-3.18284
109.429,3.93971
90.8489,-5.06727
45.6447,5.49829
101.206,-12.3893
59.0397,-5.16217
55.4269,-1.14624
169.747,-11.8994
92.0844,-3.64296
60.4372,-8.71648
73.1881,-4.61095
59.1251,-8.82576
70.4766,15.5816
61.1435,-15.27
146.555,6.09422
55.1954,4.29016
91.6846,-4.59097
76.5704,-3.40839
78.3658,-4.55865
80.8949,4.58674
67.1168,1.80156
122.188,-12.2307
127.547,-0.317905
61.0501,-8.0114
54.9735,0.51134
83.8519,-12.3538
123.943,-0.964676
83.934,3.11612
79.1173,6.45658
51.3192,-2.4356
77.121,-2.4504
109.669,1.82301
82.3819,-1.23433
53.7183,-1.48404
73.1775,0.88889
71.1063,5.22126
109.162,9.92798
70.1189,-4.23043
52.687,4.36629
121.902,-0.454803
125.558,4.95458
73.459,-5.68374
91.8,-7.91745
98.3009,-2.89493
65.0104,7.41254
74.9235,7.83696
63.9577,4.16824
108.496,-8.66068
102.143,-6.76538
53.3612,5.36446
79.6137,-3.48228
62.9372,-5.54296
58.9964,-5.47999
63.9199,12.0742
62.9561,1.31124
50.9359,-19.0465
76.752,-13.1522
99.5314,-1.43976
87.7207,-18.6151
57.8939,0.457177
43.0828,-11.5889
55.4044,-7.25963
127.222,5.74481
88.4113,-3.60921
55.2574,0.436979
95.5461,-3.41219
75.779,0.287694
58.5421,-4.14963
50.5378,8.77224
110.746,-13.7937
56.5196,-4.49015
86.1709,14.029
77.0811,-2.41609
46.1543,-6.4659
90.1943,-3.58551
73.6404,-4.36202
85.3002,1.99107
71.8258,-3.56639
129.964,-1.44529
62.7895,6.81941
66.7903,-1.76967
89.6803,-12.163
59.6522,-4.82096
52.5091,-11.1436
77.8323,0.689887
54.8964,-5.44447
78.195,7.07832
77.4821,-6.26189
65.273,5.76233
55.3684,2.16733
91.8229,3.20442
125.908,-6.84958
96.144,-6.39784
118.673,12.3462
59.7434,0.0958116
63.2422,-8.26228
76.4424,4.02599
57.6953,-10.2883
60.9668,6.06811
135.495,-5.36903
98.3338,-6.49767
60.3001,-2.47207
81.4299,1.63557
77.4378,2.88345
94.8228,-5.15143
89.3983,15.8891
72.0669,-29.0933
69.3256,-15.6325
81.1261,0.750524
195.85,-4.24726
77.6578,5.20283
88.3663,-1.51667
88.8477,17.8805
83.8016,11.4983
76.1056,-7.87166
55.3156,3.90074
75.3321,-5.37663
107.775,-3.15259
95.5882,-1.31426
49.8393,3.19324
132.048,-4.65826
68.7145,-4.2905
78.5338,-11.4515
54.9015,-9.38276
75.7,-28.7067
117.946,-1.13494
173.967,-2.35947
96.0489,4.14169
53.0292,9.31901
92.8392,-0.640039
91.9224,2.26991
161.998,7.19105
60.3145,5.93134
109.948,13.9941
68.0398,8.50168
33.8336,9.95823
82.2217,-6.3498
81.3535,2.18999
70.7814,2.12309
48.7538,-7.60615
95.7084,0.236249
67.6869,1.39656
96.0051,-10.5074
69.245,1.39039
129.17,14.3011
153.324,-1.14706
98.7873,4.51972
77.2541,9.65578
63.6149,11.5235
60.8969,1.29812
117.23,1.35228
86.7403,-5.22048
56.7197,-0.154291
63.4317,1.18513
86.471,5.94446
59.2519,-9.4544
71.8537,11.9169
54.2439,-11.7653
56.928,-5.2626
116.205,1.00222
121.418,6.21148
54.0938,-9.01225
64.4821,13.7513
62.5991,2.9986
50.8254,3.88904
86.9416,-1.21741
109.22,-1.87575
61.4426,-2.00673
66.3852,4.08045
195.717,11.3578
114.321,-6.47138
49.5896,4.13992
73.3177,0.512462
58.2993,7.88106
39.7317,-15.7703
65.6177,-10.9313
113.399,-1.73354
39.5128,-9.73118
91.6172,4.01524
57.142,1.89703
74.0471,0.988715
92.8191,-8.11157
81.8944,5.57636
91.5811,-3.0311
82.624,-5.76807
43.7064,-0.607195
105.122,-3.08405
103.687,3.90488
78.3887,2.12469
107.71,-14.7271
89.3395,-2.32434
83.9556,2.79144
81.4099,-1.20218
94.382,-4.72062
58.1193,5.9231
166.677,0.347943
100.484,-7.61676
46.5924,-8.31822
73.8158,-0.13966
72.1541,-2.46926
83.105,-4.37004
58.8333,0.159513
56.3195,-7.20676
41.0434,2.96023
47.8255,-6.12508
51.4714,-16.4052
113.202,-0.0854536
102.204,-0.942493
74.0331,12.0821
75.2279,-1.83868
86.3018,-1.78939
122.56,4.22732
131.126,16.664
63.8332,-3.55336
51.201,0.318984
56.3607,2.90193
103.209,-3.58007
64.1445,7.48422
118.868,10.4893
76.1608,0.904815
72.4828,6.53439
84.6447,7.1106
53.0689,0.614187
67.5849,-5.60049
60.9411,-2.22382
65.556,8.73603
57.0694,10.4978
93.975,0.470987
78.2271,-1.29423
47.2007,3.26329
49.4894,10.7307
100.906,5.39428
128.759,11.2995
177.607,14.2887
71.3323,2.03397
96.5051,-10.9151
46.5854,0.144796
70.9213,4.25559
55.7196,4.58057
79.4105,4.28614
32.6527,-11.1602
106.708,2.84405
75.6577,-6.09098
65.8866,2.19944
64.1054,-1.55241
71.9294,0.369004
71.3454,3.42393
41.8648,12.0874
74.2235,0.59209
55.2389,-12.3821
64.7166,0.911764
55.9035,-1.98818
50.7354,-2.40081
79.6954,1.43631
68.2112,20.0482
110.497,-9.57438
51.0495,-1.78986
60.5599,2.53167
48.0014,9.80256
75.2118,-1.99413
97.428,0.987248
63.715,-2.15425
55.349,-5.16813
75.3842,4.25356
82.2385,-9.16882
52.9354,-3.37732
71.7423,1.68434
78.1882,-7.47965
102.712,2.28187
62.438,-8.45986
51.0095,6.33556
78.2217,4.21502
75.405,6.86969
66.9708,-2.17876
146.951,-6.34812
78.0211,-8.7466
54.0296,42.8027
99.6663,-5.34788
88.4739,-6.4722
45.3641,4.79446
97.8831,10.0839
52.4189,-12.977
65.7147,4.2637
90.1513,2.09348
67.6799,0.673745
60.5326,-3.34132
71.2637,-5.47127
60.8649,-12.9591
71.9927,3.59855
116.842,-32.7461
66.0769,-7.76087
83.8205,-0.0108328
124.105,-0.308194
67.5648,-2.71721
64.9753,-5.18651
67.0091,-5.71318
136.271,5.62159
136.13,9.79246
91.4679,2.72606
59.6785,-5.4216
93.249,2.036
91.3713,7.14754
73.1454,-6.52209
61.0746,-0.928423
51.8047,-3.79772
77.4722,-16.7578
77.3328,-6.49529
70.6913,9.97412
89.781,1.21271
68.5582,6.06837
132.619,-4.41532
95.306,0.220108
110.192,-0.792431
95.6198,-4.48191
97.8522,-0.670206
97.1779,-1.92741
77.7677,4.92208
75.0181,12.1755
36.4476,7.54598
119.552,0.868433
92.6416,-0.835978
57.4192,-1.097
52.3515,-9.57602
55.6834,-4.7302
90.9372,-11.6846
84.4763,18.3835
75.1219,11.6134
63.6856,2.21385
45.0303,12.2244
56.7683,-10.5654
66.1894,-7.81382
104.518,-5.67054
73.1593,4.51122
77.1293,29.8702
62.8146,-4.2139
66.3858,-4.89623
155.813,-0.278501
58.7982,3.71373
65.6436,-13.2647
61.2946,4.16737
114.471,6.4189
99.5418,-2.60849
76.0552,3.85258
79.5462,5.45548
49.2238,1.05272
79.0806,-2.91185
56.5961,2.39235
56.0461,1.13282
83.8844,5.89034
55.9057,-2.88402
80.3842,3.70303
68.9037,3.96975
94.3579,-2.59218
50.4575,-6.66633
46.1181,-1.67558
66.4014,1.92564
81.1053,4.33694
124.071,-9.41159
119.097,15.8476
68.7496,3.52941
98.6241,2.15542
150.426,8.04533
49.3164,5.44503
102.112,-2.42723
87.1441,-8.67138
78.0409,-1.47256
83.5821,-1.9625
71.6644,4.96235
67.081,2.9226
87.3716,-5.9051
88.9562,5.1043
60.8096,8.28598
52.2931,-7.56912
53.7073,4.318
55.1096,-5.44063
109.819,6.7088
119.268,10.2172
60.3074,-0.139747
56.3194,-3.21012
116.867,1.35388
120.096,-11.3341
74.914,1.5701
81.7393,1.58262
97.041,4.06535
61.0076,-3.97804
63.6209,-11.0887
54.5549,12.4458
76.0859,4.33008
72.2594,7.86285
63.8939,2.51475
57.0062,7.22816
63.5089,-2.75497
64.971,-1.27438
87.0182,3.62245
83.1328,-2.34876
54.3268,5.33023
58.3371,-1.46976
55.6795,-7.19044
57.4615,-4.3173
62.1672,1.76306
54.8531,1.39203
59.4091,-6.33798
77.6295,-5.39954
55.7007,-3.36225
41.3765,14.1303
75.7189,-8.64052
94.8852,-5.42816
62.4596,3.34732
76.5857,-1.77618
65.0459,6.39473
51.8123,12.2649
51.6045,-11.1832
84.9679,2.96386
71.759,0.745949
79.0316,-4.9595
59.7603,-4.20052
117.989,-5.11133
69.5639,-9.6818
29.6033,1.59725
86.4041,8.73387
113.683,-12.1052
62.3617,4.17657
67.295,-2.72416
87.8801,-0.30677
173.375,7.76656
43.6246,0.333355
64.8235,-10.1584
72.7259,-0.24993
50.0802,-2.00466
91.2107,5.38547
63.7654,-5.83575
107.953,4.02029
168.034,-2.94832
83.9705,-4.30224
43.1927,-3.83626
77.3024,2.83499
64.5239,2.82402
89.5913,5.27974
85.111,1.7619
116.379,-6.22672
90.1525,-3.48452
73.9912,-15.5937
71.369,2.10734
88.649,1.52517
53.7669,1.47973
87.7743,14.386
60.1572,-0.72355
86.6425,-5.02804
63.8332,14.5382
96.2251,-4.50487
32.2296,-7.21358
99.9105,1.45306
83.5401,-4.45118
67.4243,-0.861484
55.2238,-2.56952
72.1165,-1.07344
61.0348,3.28172
81.7952,7.79004
144.038,1.1752
76.7145,-3.07275
92.8242,-2.25589
48.6284,14.2837
131.558,-3.25535
77.7931,3.97722
65.9901,-0.635334
42.3844,-1.17658
61.6136,-0.133532
59.2277,-5.65198
53.9711,-4.76525
94.446,-26.7434
110.911,8.30475
87.3181,5.36472
48.5497,-9.20042
74.1479,1.07227
78.2143,24.0079
68.5689,2.68117
77.7853,-0.299908
53.0758,5.27093
132.642,-1.81369
89.1728,-0.0861873
57.0252,-2.9475
114.741,-9.27391
50.7643,-0.681557
59.6447,-0.204139
65.6396,5.69302
57.6898,-3.98404
99.8005,-0.846034
61.5197,1.28599
105.14,-1.35172
50.0869,-3.15911
99.3671,10.1661
70.7517,-5.1995
46.0806,-1.59992
45.5078,3.69487
132.808,5.22428
84.5211,8.30458
43.1618,6.35067
30.8798,2.41134
88.3731,-5.59686
56.491,0.349842
56.1911,2.82834
71.1167,-6.11045
68.5341,-5.37563
68.0947,8.73305
136.773,0.0643491
71.0411,-2.4274
65.8735,-1.42919
243.576,5.15445
54.9224,13.0334
55.0321,0.122613
71.0552,-0.136424
65.857,3.6099
75.9163,-4.38683
91.6169,-7.2806
75.1188,1.84355
109.283,-0.0674565
31.1367,-2.00298
75.3751,-10.5246
65.9244,-1.08487
59.2493,-0.515699
84.9553,5.1459
75.2418,4.08809
97.4629,-4.09841
42.3608,7.89949
82.3178,13.2393
37.5431,1.51866
68.5454,-2.28826
57.1185,-4.87806
90.1246,2.20777
91.4886,-10.4653
62.5833,-7.74494
156.837,3.61167
59.2042,0.728513
68.7974,-0.435684
122.107,-11.9353
113.557,2.10298
84.7609,-0.81073
90.8349,3.36894
127.587,-2.89196
76.9045,1.04655
103.156,-5.30995
63.3355,-2.36845
77.152,-7.8121
53.3798,-1.05621
81.2654,-3.99893
74.8681,3.61753
94.0666,-0.523813
61.8767,-1.30701
65.5165,6.06073
56.73,9.64313
83.4544,10.466
80.1931,4.31415
131.984,-1.5392
76.7815,0.733908
51.9368,-8.11347
53.1199,1.07158
66.8525,13.1657
44.7916,6.07683
81.5228,7.41129
129.006,3.93143
41.6264,-3.21172
41.0008,-5.60649
96.009,-3.78352
70.7976,6.31126
64.2466,3.12726
80.1244,-1.58534
69.8704,-6.37579
60.8852,3.94731
40.2733,1.01578
67.076,1.49112
72.6887,0.542889
71.9231,-0.750049
96.8438,-3.51357
106.675,4.36767
62.7647,3.26976
56.2774,4.13893
69.0927,1.74951
78.2176,-13.6241
57.2108,-2.0022
70.4995,5.31331
76.5874,3.43571
68.6207,-5.56096
56.1237,11.9342
119.34,-2.35761
75.8682,1.61965
52.7585,15.2091
54.1373,6.65083
80.7212,0.153514
90.6776,6.41433
72.5907,-3.78874
80.2163,4.59101
69.3239,-0.0251613
61.9427,4.94371
85.2706,4.1789
61.1404,-5.92979
49.5206,2.27932
121.002,-3.89621
63.8769,2.05926
72.2054,7.2992
87.948,1.43338
57.7899,17.6686
62.4742,-3.51551
41.4918,6.88756
94.5051,0.694893
76.5146,-9.10158
75.4642,2.3946
80.1363,6.20397
63.4251,-10.9008
61.5033,-3.98848
44.0874,-5.40541
116.055,6.54462
33.1818,7.00059
73.2767,6.9485
64.237,-0.283378
99.1822,-0.168965
53.7995,-0.643534
75.037,9.73368
76.2002,-5.872
92.843,9.63377
64.7242,-5.95668
79.1852,0.569432
68.4439,4.31541
50.7839,1.21128
96.2485,37.8793
94.2249,-2.54734
72.1323,-2.78156
68.5124,4.42412
92.8282,3.85892
78.9272,7.01324
147.847,-1.41003
57.451,11.6127
58.5568,9.00245
61.1253,3.72746
75.9072,9.7045
94.5256,1.57882
60.736,4.07933
61.628,6.44562
60.5361,-2.77293
112.198,5.39208
76.583,-2.68911
71.074,-4.01835
51.8747,14.2623
81.2463,10.0189
61.8494,3.54084
72.2514,0.299088
60.2071,-3.48547
191.249,0.893853
133.514,1.17166
68.7536,-1.60562
45.2872,-10.5109
78.9581,-3.53765
50.6959,-0.670034
99.1235,-1.52392
67.0593,-3.1465
81.2014,-0.645563
130.295,-8.0373
58.9951,4.53077
93.1662,-0.260633
59.1674,2.05317
65.6601,1.52366
59.5352,-1.18375
76.4774,-19.6887
101.914,3.83669
54.8965,2.02361
86.391,-9.43736
133.833,-0.705165
140.402,-14.3443
109.955,14.1947
72.9461,-4.14489
58.5321,-11.9819
44.0446,9.16567
56.4239,-5.47615
72.0263,-0.750179
101.108,11.7129
91.7844,-4.69162
90.9496,8.70327
60.1561,-1.2708
71.7921,-13.6568
131.308,-10.4482
75.3878,-9.50166
71.9476,3.81481
48.732,-2.84051
77.5326,2.33357
69.9352,-9.19196
49.226,-1.62465
81.0478,-0.798732
47.9109,-12.0375
105.244,14.6913
73.9527,-2.915
100.261,17.9948
71.9403,-12.3316
109.315,9.4825
100.464,-11.6056
50.344,-7.8944
74.4766,11.2155
90.8933,-0.580135
72.9653,-0.404782
51.2515,-0.212598
69.2935,-4.92588
55.6433,-1.55141
62.8465,-10.919
63.6192,-0.181351
56.2657,-4.50677
118.953,3.39548
67.1117,6.07597
93.3838,-4.50841
94.7754,-0.0175655
32.4488,5.17158
51.7813,1.60316
64.2757,-1.19803
74.873,-2.73331
69.0574,-4.39236
46.3493,-4.17501
81.9449,-15.8692
77.6608,-1.77752
85.1666,-4.34488
70.5419,-5.61771
58.0928,-1.57222
71.9703,1.36488
59.5909,-3.38349
39.6876,-15.2238
54.6996,-7.25971
147.003,-0.175352
65.7938,11.1749
95.2423,3.02898
58.0659,3.88697
74.0134,7.01358
110.765,-8.89153
56.1263,-1.86112
85.4146,7.24025
56.3549,2.35804
41.903,-10.6189
62.8341,-0.109104
49.3925,-6.78398
64.7234,1.29561
87.3617,-5.13503
73.8369,-11.0454
28.7511,8.10229
99.786,-6.1275
67.7743,-2.53883
44.7985,-2.15352
104.434,2.97784
146.045,4.15007
45.2083,6.29456
158.973,-12.2469
74.2307,2.70896
73.0936,-6.06971
90.5214,-5.32268
53.6875,-6.37734
65.3342,2.72446
62.1059,9.55854
93.2822,-5.12126
62.9153,-2.30397
59.9322,3.24598
73.3789,2.61669
74.9379,5.65396
141.79,3.73255
65.0409,-5.52358
93.1943,-2.42692
74.9005,-4.40824
73.7747,8.80025
42.2476,-6.91626
56.1578,-2.29106
54.9906,6.99878
77.3325,-1.55232
56.0693,12.8969
77.7498,3.37205
133.707,5.68258
132.371,3.03641
64.0971,2.73801
69.432,-3.67705
64.3916,0.737663
115.314,2.38044
55.6357,1.87333
102.709,7.73126
61.0138,5.18867
60.4252,-11.2579
79.5775,5.5897
75.5295,4.4605
46.1221,-3.99241
76.1766,-0.014717
74.5257,-3.61805
84.0454,-3.3714
95.5097,-1.19169
91.4491,10.2955
77.8436,1.04754
106.338,-9.16692
92.3366,-3.19376
94.3902,-3.67002
65.6609,0.466413
63.3267,-5.19506
81.7762,-14.9582
74.907,10.1501
47.7831,0.66766
69.4208,2.59188
88.1155,-3.95162
115.596,-4.17708
98.7782,17.3259
57.5178,-1.94342
75.7029,-0.325803
144.612,-3.41107
49.8434,-9.28444
60.0697,-6.0707
87.3608,-1.99081
76.9961,6.75139
63.2531,-1.46372
64.7917,1.17663
60.3485,0.691052
94.9028,-1.50299
63.9463,2.06565
38.8778,-0.842236
82.2809,8.42697
136.496,5.57956
50.0733,13.6176
75.1835,1.91412
64.4243,5.75025
77.921,6.06638
69.4637,-6.4
68.564,1.79785
59.9227,7.04681
102.115,4.31342
122.54,-5.39764
70.7873,-12.1992
118.978,-0.70046
49.9761,10.0002
61.5199,-1.49483
54.5336,2.29749
63.5593,-9.33567
66.435,-11.0432
63.5574,1.0087
109.536,-0.735505
81.5438,-0.552384
57.7364,-10.6669
83.9192,3.17905
74.0937,3.03766
91.1477,1.85313
60.3616,-2.17544
60.0088,-3.46898
93.6941,6.65614
67.616,-6.31856
51.2066,6.16099
42.4324,14.2263
90.4958,-5.02968
77.8196,-7.03645
62.9144,4.37419
45.4079,13.4986
145.407,-1.43549
82.7797,6.21291
78.01,3.09286
77.9709,2.21627
74.4563,11.011
70.179,8.61808
61.9488,7.75552
88.8025,2.394
64.4134,1.85978
80.9217,-2.23763
81.6096,2.22952
62.7641,8.24385
80.6404,-0.443366
95.2173,-2.68044
56.215,5.6982
84.8774,-2.24872
80.5302,-11.9284
89.3393,-3.26502
81.0188,-12.0381
125.71,-3.84101
63.9739,-2.9907
91.0695,-5.42954
42.3205,-4.48023
48.6372,15.8338
84.7658,4.07229
61.4689,-12.7048
37.1176,4.58325
49.6921,-2.08403
95.5728,-6.60237


120to170 510
48.164,-3.38517
70.3616,-2.2287
162.978,5.2844
61.2515,-3.92789
91.6382,-1.3944
49.0646,17.7394
73.5466,-0.733649
36.2818,-2.25256
155.345,3.74023
58.6831,7.39998
72.6699,3.50278
156.38,-6.82494
42.438,6.74686
37.4327,7.82979
74.1036,1.95633
56.4117,-1.81442
48.3418,-9.31625
129.618,-25.8689
76.046,-3.14724
67.996,-3.00801
69.4565,5.12976
88.2227,-3.09653
80.595,-16.3577
70.8843,-1.82676
54.6108,8.56806
65.2132,-9.33265
67.0349,24.4519
46.1953,19.2861
68.7847,-3.3364
34.9833,-2.26137
52.3745,-0.907405
49.535,-0.337887
62.9228,-1.15371
48.7908,-0.806457
89.2108,0.256274
50.395,-12.7885
69.0354,1.24344
67.8093,5.93471
77.8344,6.92105
56.648,-3.08082
72.8075,-2.33547
60.1091,6.423
54.1871,-2.91902
50.612,7.01121
58.7069,4.6643
97.2243,-7.92983
73.1138,-12.6681
75.9925,6.86179
59.3709,10.3708
84.4391,2.91798
90.8296,-9.04945
64.6206,-2.72791
61.4014,-3.29152
59.6607,19.9409
71.8473,5.73972
77.1208,0.941931
52.5663,-1.06968
74.0488,4.86619
56.9253,-4.96321
93.3081,-14.6417
81.2429,-4.95769
50.824,-28.598
193.93,9.43787
61.2612,4.48774
67.6238,0.117348
77.9337,5.82591
47.4797,6.50177
46.5354,-2.80538
54.1779,2.13142
86.7112,-6.93309
126.059,-2.33452
63.492,-5.5935
65.5018,9.14608
66.2866,8.70889
81.7048,-11.4836
75.1584,9.14254
70.1504,-1.85974
52.0481,1.79733
79.5799,-9.8345
89.7995,2.07941
48.399,-6.14631
46.0385,3.87446
60.0834,-7.50421
81.1474,-2.32101
35.7672,-3.54598
81.2947,0.0556311
87.0341,-11.0865
77.2309,1.11547
45.7293,15.0772
65.1604,1.10706
113.728,-5.25876
83.6542,4.39529
50.2491,4.87211
73.7408,0.695109
67.0327,-2.61233
81.3762,-0.846854
77.838,-3.93635
68.5819,-4.93257
53.2841,2.32516
105.652,7.63605
80.0747,4.46573
66.1748,1.23506
56.6117,-0.113032
63.9819,4.76477
48.4067,3.73829
85.6182,-4.48679
69.8234,-9.53455
82.4524,-14.5487
60.5921,-13.1601
77.0195,-8.1978
48.8378,2.80193
72.3339,-1.08258
45.9023,0.450573
53.8102,-1.9994
68.8567,-11.0893
51.9273,-5.64619
57.5499,1.00348
134.866,27.3117
101.155,-0.896054
58.255,-7.02049
97.863,-1.72966
71.9304,0.220237
53.243,0.212814
57.1237,8.77263
50.6577,-6.72149
54.5592,-15.7008
53.8543,-8.14619
65.7156,-0.541206
73.212,2.95971
56.5901,0.615266
54.0095,-1.84821
73.0868,2.25006
103.879,2.89088
74.3808,-7.89673
35.1707,-4.86326
32.607,2.68035
79.3756,0.605124
48.5337,-1.8988
70.3395,2.27889
97.807,6.3637
42.5241,4.34652
84.8878,6.34618
35.4478,11.3647
97.8308,-18.4389
45.0166,8.12435
52.5863,7.14608
66.7139,-1.04417
59.12,4.28507
64.1638,8.58429
41.2902,-6.94889
47.4625,-7.4897
68.9502,-15.7103
61.4752,-1.10723
63.1483,-4.02055
72.8824,3.70377
67.9114,1.82815
41.0679,-5.45302
62.116,-11.7496
52.3182,-5.88585
98.3381,5.99034
46.9846,0.561965
41.0075,-4.93063
70.479,7.02709
69.6164,-0.225157
48.4683,5.21362
93.7447,-1.42108
114.291,-0.724715
47.3962,-4.79934
39.0793,8.78877
64.2181,-4.41881
72.1215,2.38062
62.768,-11.4603
45.9864,-1.33938
80.4811,2.54539
74.1488,8.82041
102.715,-0.303662
61.358,-2.98444
64.0926,13.0015
86.982,-0.61915
58.4179,10.6074
92.0803,-3.28172
55.6796,4.42926
52.185,3.42608
101.662,1.27468
44.0155,3.78663
78.2649,13.7562
53.2232,-8.76253
79.3467,-1.1181
128.208,11.2293
46.7731,-6.76033
56.8227,3.81516
122.945,-5.42155
71.4055,-20.8103
62.2676,1.90225
95.106,1.60079
46.4826,0.608706
88.566,11.428
65.3713,11.1594
82.0689,6.19426
43.9031,3.87295
61.3247,4.02832
84.7251,1.38344
73.2866,-1.5843
48.1312,3.24037
72.6773,8.45524
33.6351,12.3486
69.6121,9.97765
57.1512,9.64331
122.849,-3.90342
57.6094,1.10731
76.7232,-2.3356
76.2824,1.1878
53.405,-15.2967
118.312,-0.18407
85.0183,-1.80083
62.905,-3.61495
52.2425,2.42891
84.5035,-2.37703
75.5894,-10.5993
97.2005,-0.981767
57.7904,-2.2271
96.5736,-1.78986
62.6234,3.8622
51.8841,-4.33901
62.5799,-2.10777
49.7693,9.67145
60.5187,-3.50619
85.5656,-11.5397
39.0406,-2.15317
45.2664,-8.57401
130.975,1.20205
71.5536,0.160204
69.1077,-13.9845
45.8321,-11.9576
44.6177,-10.6485
68.0951,4.32848
67.4679,-12.5369
113.832,-9.39178
90.1777,7.25686
103.786,12.3127
84.0829,-4.3511
79.0035,-12.7486
65.8348,-6.69127
54.3144,0.0152781
89.0186,2.90352
54.7042,12.3893
70.8009,-7.54628
66.3877,-2.56007
54.1832,0.042511
39.8953,-20.3978
80.8375,-12.6757
60.9679,0.346087
59.6971,-5.0494
97.5036,-0.833086
85.5433,-0.0473879
68.5509,4.05248
53.2389,-8.98156
93.0738,-3.38262
68.4467,11.3423
51.3611,-15.5283
60.4355,11.9017
52.0966,-3.31996
60.6363,-12.758
54.3952,-20.2112
107.653,-1.98412
72.8066,-2.9229
84.9149,-2.54863
84.9391,1.90523
50.4812,-4.80146
48.1646,-1.54546
50.1358,-31.3763
59.1482,-13.1084
51.897,-1.94959
64.5192,-4.72166
72.3399,-1.89854
55.9399,2.11265
54.4592,6.25136
60.2011,1.33994
61.1024,-1.85361
57.0229,-1.20218
83.8206,3.09269
81.9672,2.3678
66.5634,6.4344
55.9726,7.99336
79.8902,-5.95754
98.8327,12.5893
56.839,-0.735548
64.4393,-4.05943
71.6073,0.347641
40.7509,13.7526
55.8322,3.85176
84.6229,-3.59967
26.3306,0.181654
99.3666,-1.76229
64.1647,-1.5767
60.4793,-8.42697
82.5433,-2.2498
83.4771,1.37114
129.313,-5.71356
65.9508,-3.54265
64.7732,-2.62951
48.9447,-10.501
70.8197,-2.83563
69.0044,-2.57155
79.1749,3.21362
77.4157,1.88637
60.3048,-7.60015
79.8954,0.225244
56.8298,-2.83438
63.2648,-5.59203
96.8985,-1.5304
86.935,-10.6939
48.5179,1.64878
88.7942,-10.7303
49.2111,6.76115
59.8686,-0.908009
145.186,8.22167
58.5912,0.791568
41.3728,18.3062
68.1971,9.35212
89.2296,-9.53727
68.9608,0.43741
72.7211,2.03988
50.1115,-4.76727
66.9299,-9.23589
69.6555,-6.31329
100.49,-0.0519195
79.0295,2.0445
161.443,11.0838
79.8907,-11.3493
56.3176,2.29305
39.162,-6.90586
43.0747,-3.38789
52.8893,3.92689
52.8607,14.5321
63.7561,-9.08756
85.5655,7.49847
72.906,3.25384
81.2486,-4.60754
83.6242,-1.56251
94.2672,5.17253
61.3376,3.22842
43.904,5.38483
57.0351,5.39501
50.6264,17.8392
72.2652,1.74886
61.5499,-0.287305
77.6562,8.92226
116.614,10.6766
56.1834,-0.89299
27.6855,8.08615
40.6973,3.19868
69.5177,0.711466
69.0375,-0.0565806
37.1536,-6.2338
92.1039,-4.86559
62.9448,-12.0832
69.0974,-6.51627
79.9733,5.43739
132.08,-12.8869
135.717,3.99573
75.2958,6.9756
77.9732,0.936537
68.5293,4.91962
60.2484,7.56057
81.8743,-12.5226
48.9203,6.65006
79.0505,-7.46053
91.9673,-1.2837
89.243,4.84574
46.299,-0.20893
52.0482,-9.92289
70.8912,-2.01878
53.5753,-5.09718
75.5957,7.25151
78.4669,20.3224
102.963,3.76975
70.6637,-10.0306
58.1529,-3.67817
71.7079,4.05326
50.4916,-3.24624
53.6106,-3.74149
94.3408,-7.49449
52.1842,1.64144
53.1631,2.01364
93.5477,-1.56281
56.5576,-2.42839
61.5751,7.84805
87.6431,-8.74484
35.5541,-8.8337
54.672,-0.163052
71.9672,4.5624
45.4835,-7.26873
80.2817,-5.66726
64.0853,-5.34128
62.1921,-11.4008
37.6587,-0.565547
71.4736,17.9119
56.6885,-0.540602
81.7051,-3.69401
53.3991,-3.07361
99.9686,16.6399
67.3848,4.71341
73.9961,-0.989535
57.0005,-4.31398
46.6533,-4.21808
90.948,-4.86572
43.473,0.704172
23.2231,11.9276
40.549,17.7746
110.188,23.158
93.3377,-3.76962
61.591,-3.39618
48.6445,-4.4889
49.0002,-4.68877
86.8762,1.42375
53.8298,-15.0499
90.4131,5.58323
67.9821,-6.38446
121.323,9.28755
80.2057,1.27045
82.7485,-3.85275
65.2449,7.62652
77.06,-6.20639
69.5197,3.50619
66.4295,-0.397014
38.3471,3.34728
124.495,-4.78091
178.189,3.45586
124.662,0.919403
94.4951,-5.10257
45.1847,5.38711
80.5843,16.7372
72.8121,-1.65594
92.0605,2.25084
71.3732,4.20151
146.837,-1.63764
80.1489,-6.02223
57.1528,4.19163
69.7521,8.38278
78.9062,-8.37691
58.4025,-6.96231
58.8626,-5.13093
60.8509,-0.4217
91.0219,-11.5072
87.5482,35.6631
61.0588,8.82343
58.7505,-3.74477
46.3977,2.83991
213.847,12.5535
44.4958,20.0626
67.3756,-4.3041
41.6655,-4.7816
52.3072,13.9545
78.4588,2.09568
54.7834,2.14545
67.8725,-9.94093
88.9247,1.45491
69.4866,8.16051
59.3267,3.27218
56.6564,4.73939
91.6588,-1.76928
47.5497,3.78076
105.944,4.28873
137.805,-6.69041
45.5491,38.1778
45.4563,-5.59009
69.1183,-10.6562
116.244,-3.93216
69.2015,-1.76293
57.1113,9.86376
78.9448,2.50034
43.6526,-5.43748
40.8657,0.926136
83.9975,-6.72291
65.4963,-0.816902
78.9284,-2.69925
45.3505,3.05807
39.6247,-24.2766
56.9108,-6.7854
73.4841,10.2366
87.5165,-1.18491
91.831,9.75699
60.8632,1.78784
73.0984,-5.4225
31.9383,8.47169
79.8369,6.35813
67.9778,0.565591
58.8878,9.42311
71.8269,-2.675
130.82,-3.66389
70.7,11.4268
68.3886,3.27658
48.5225,-1.10813
84.1388,3.74878
92.3645,3.34883
109.641,12.6408
49.649,-6.97823
82.7238,-10.5684
46.5994,-8.80064
79.8952,-2.09637
42.9562,8.12724
56.6101,-1.96733
63.0321,-10.0037
50.7751,-3.44335
42.6205,-3.60325
62.221,-3.30481
66.3009,10.2924
103.452,3.62375
69.96,2.5769
85.5212,-1.99042
37.358,-1.05941
72.5988,31.9629
83.0291,0.725233
43.4329,-2.58903
55.7746,12.8722
64.6406,-2.36439
102.283,-3.32786
113.569,3.32695
74.6969,4.04182
71.2868,9.06852
58.5675,4.92359
63.8099,-10.3323
182.023,2.51566
66.4113,13.0253
53.6422,-6.58256
43.4182,0.269869
38.4576,-1.92439
65.6159,1.7814
51.7144,2.87305
80.72,-3.55517
90.0724,1.8521
81.4092,-3.66786
60.9599,-8.36073
73.0287,-6.42771
47.4481,8.35512
84.276,2.83771
53.3576,5.69065
62.6292,-7.41802
61.9163,-2.89852
66.6182,9.31086
40.7875,6.99938
99.2002,-3.91861
56.4729,-6.77802
66.2874,6.07838
59.6691,-11.0542
78.8911,-2.34393
70.0505,9.19489
42.4425,6.41899
41.3118,-9.07241
60.3135,1.24779
56.0439,-2.15278
59.0068,-8.88415
79.6179,4.53923
67.1032,5.26545
99.659,-0.889926
75.5095,5.25798
65.279,-21.3528
82.5322,-11.5028
85.1216,4.28166
83.015,-5.97998
56.4977,-1.30757
65.7743,-2.84142
105.848,0.102285
117.257,-2.616
81.3969,3.12303
91.1941,14.1208
59.1959,-6.64799
48.7828,-3.13641
48.1304,6.07061
56.6012,0.218942
90.5072,-0.242809
49.9819,5.42755
43.6957,-10.899
63.5197,-5.76259
88.6704,-0.501457
85.201,5.61909
63.4216,-4.90616
76.5876,0.410134
61.9053,-2.45342
53.371,-3.94502
72.7672,0.303576
96.8699,6.81268
62.9542,-0.507413
88.2483,1.86448
84.6577,-5.19752
114.398,4.4151
83.3773,-6.77914
99.285,9.88128
81.408,-6.79624
59.7104,-2.92631
76.5277,-2.45774
63.0963,-4.66689
39.8021,-4.25684
78.6649,4.92018
43.2215,10.8428
82.1864,-1.09294
85.0419,-2.21463
66.3835,2.3952
60.3303,-2.01679
31.3385,16.5711
69.8088,-3.391
48.4221,-4.0114
59.6776,-5.00559
43.1593,-0.526921
56.0991,-2.00773
77.0732,2.09676
130.26,3.26705
64.4767,3.63169
96.9111,-3.84718
81.0385,-3.40235
50.2985,0.495631
57.4208,-0.299346
47.4843,-12.0388
46.6274,3.93458
113.583,3.68633
85.4164,9.05989
74.3714,-3.74658
56.9198,-1.17093
55.4663,-7.96423
108.409,3.32078
72.1511,1.22768
99.0401,-15.8661
84.4705,-2.56736
58.7815,-17.7834
103.791,-4.97521
78.4546,12.4937
63.2162,4.35421
93.845,18.8197
100.715,3.05967
56.3011,16.3481
77.5972,10.2871
71.1779,-4.45865
61.6668,6.47781
101.306,1.6802
90.4889,18.3939
61.8254,8.78489
63.3076,-3.97053
96.1035,7.15087
68.2938,3.8013
80.0356,6.43785
60.5255,2.02629
52.4229,0.697828
51.4287,0.721824
87.0961,-3.01794
117.808,7.36524
85.0424,2.9005
44.4248,8.36159
66.1307,-12.335
71.729,0.15878
57.0252,0.790359
83.4929,9.13745
72.3204,2.27272
70.3756,-6.56137
62.2987,4.55407
38.908,4.32512
68.4257,-5.00357
104.501,-4.66741
68.9529,4.48808
46.2734,-11.4907
79.8347,-0.769989
39.3108,1.27369
72.6306,9.38487
51.6426,-2.34216
87.0422,-5.73437
47.6919,-10.2995
45.6942,3.1084
44.2214,-0.0972358
54.4063,1.17399
193.375,3.67381
57.836,15.9414
104.572,3.1197
83.2637,-3.29471
58.2788,6.38925
69.2243,-2.25606
48.0918,11.9753
84.3778,2.95846
59.9418,6.55343
77.6762,-0.317473
75.877,3.75456
93.4221,9.1721
97.5193,1.8098
49.6975,4.42628
68.413,0.488423
57.8439,16.2708
48.9731,-0.869469
97.2819,-1.44222
75.8034,-9.18812
72.8096,6.26513
66.6001,-5.91153
40.7104,8.34726
46.3488,1.00261
104.839,6.0076
52.7387,-9.32389
68.9013,-13.1677
64.4482,-4.83365
58.3028,-1.09031
84.1911,11.4273
44.7787,-5.25268
54.219,-1.36022
65.286,11.3429
74.1881,11.4152
62.3838,-6.81143
92.04,-0.68173
85.8525,-0.247556
72.7022,15.6434
60.7923,-1.51801
42.7012,1.48193
61.3065,-7.95802
57.8814,7.26683
42.6793,5.18872
77.377,-9.46536
82.2308,-11.4668
85.1772,10.9851
51.3163,7.55289
41.2854,6.61074
115.775,-0.448459
74.2389,2.65148
43.1214,-6.88635
96.6197,-2.6337
62.506,-17.2851
77.1564,11.3905
72.3544,0.92251
62.2795,-3.58473
41.7585,13.4232
90.2577,7.2705
57.972,0.0334909
67.5592,-8.62745
37.329,-9.43593
100.269,8.83879
59.9861,-9.06486
54.8934,-14.7108
51.2858,0.839689
90.6303,-2.70435
57.8976,6.07864
96.9603,-4.45822
112.827,-4.07122
70.0695,5.31802
86.4273,2.71466
55.5316,-2.05309
64.6037,-2.39309
81.166,6.41726
62.6399,11.6711
77.2708,6.79011
77.6484,-3.43333
53.5786,-4.2672
93.6459,-3.23558
42.9848,4.40302
58.9276,7.19942
59.4274,2.36663
58.0931,8.74363
78.85,0.103623
73.3334,-1.27473
55.8671,9.40084
110.274,-3.71356
56.8565,-6.11658
49.5948,-3.70355
83.0023,-1.14378
54.7871,2.98626
74.8868,1.068
58.063,-5.41715
59.6734,-2.03492
44.5529,-1.97506
70.7879,-2.91824
45.6067,-10.0455
88.5814,-0.842926
102.416,-1.89418
54.1642,-8.76331
87.8261,22.9789
93.8815,2.63115
44.5486,-8.15611
65.8928,-7.03736
44.7138,3.51529
75.6862,6.18649
40.885,-5.37335
94.3552,15.251
43.0493,-4.37639
41.5175,-2.57621
115.991,-3.23053
61.3563,-2.21247
64.9433,12.4539
55.4094,9.70084
79.0556,0.0279235
42.7412,8.41649
97.6215,0.714703
51.2561,9.01963
68.3436,-1.39682
69.6553,3.39643
97.2876,-3.92374
86.4736,-5.66402
114.871,-2.29093
72.0425,-1.61935
53.2537,-13.8988
52.2087,3.59544
60.3802,-4.2476
135.678,3.22902
59.0838,-8.97733
63.0894,9.52406
71.7946,-5.2525
62.1588,5.29277
67.7485,-0.131806
87.1879,8.75563
68.7822,-5.08803
99.6759,-0.59196
61.5707,-2.04083
80.242,-0.641894
164.271,4.71976
97.7903,1.02432
66.0301,1.18163
59.8587,10.6569
64.9814,-14.3543
87.0787,-1.59285
48.7184,-2.19309
56.1734,-4.93585
70.7451,-6.55183
60.8044,3.77804
47.2267,9.82487
84.3615,-11.7381
75.4703,-1.02225
71.3279,12.2783
91.3484,7.54719
77.5654,-0.518203
70.0673,-8.3555
59.9809,0.11178
92.0722,12.0756
115.381,-1.4146
84.738,-6.67207
42.3414,6.09491
56.5918,-6.53983
72.8451,6.1218
54.1405,1.16342
32.7165,-16.8765
71.7745,15.906
59.8116,11.8017
52.4385,-17.4215
92.8843,-25.3066
77.4897,16.7136
88.3764,-4.20781
48.0344,-2.22218
68.8428,-7.71879
76.9311,4.54652
129.434,5.90346
53.6154,-0.742108
75.9329,2.59684
58.5686,-0.576596
65.9222,4.65165
78.396,-8.26155
152.522,0.138538
33.463,-0.327917
102.327,6.52814
98.5625,4.5312
74.513,-7.69156
36.729,-7.99306
108.677,3.16347
69.0952,-18.8727
118.39,-0.208584
117.957,1.61749
123.375,1.24603
78.9144,4.34652
64.8435,0.0919705
74.3378,14.2063
48.4908,1.0721
41.5796,-2.37367
88.6189,16.1571
101.743,-20.6549
71.4154,-8.34588
98.8812,-5.43183
45.241,-3.45513
45.5025,-6.13384
60.8463,5.22238
55.7059,-5.2986
98.5611,1.06157
60.1005,0.780174
90.1176,-8.19319
54.1007,9.6039
78.5338,3.12691
34.6127,-9.22208
110.551,17.5568
75.2932,0.326579
49.7339,-14.9357
81.373,0.875079
74.9155,2.4403
54.8147,-1.07935
67.3726,3.68279
42.8223,12.6817
92.3798,4.07355
78.5516,13.8856
56.3003,-11.5062
46.167,-17.574
70.5623,-0.966489
60.3234,-4.60647
49.9193,-4.69123
160.722,-7.68206
113.701,3.89202
63.5471,4.26064
78.5275,-11.2867
70.3509,4.50737
50.4814,6.32464
76.7036,-6.90827
74.691,-5.48517
50.7427,-5.60985
75.729,-6.4249
132.137,2.59546
79.6479,5.88115
73.5028,5.94481
93.5848,2.24644
103.028,8.15404
67.4609,-8.33565
59.5406,-2.76727
52.6472,3.29449
59.0626,-2.892
71.1458,8.48006
39.2409,2.64626
94.917,-0.890012
51.4939,1.32863
78.6622,-6.33435
81.7844,3.00227
43.5586,0.618805
93.9757,13.2224
72.5515,4.64781
123.456,-5.77994
96.7914,-5.89004
68.1287,-7.05773
54.3426,1.43476
48.0372,-11.621
67.2781,-2.56473
53.8778,-3.88063
83.2233,8.69598
80.7759,1.57752
67.3599,-1.01314
57.013,6.4798
50.2866,-1.3651
46.8694,9.74145
62.1056,3.24214
77.8779,-4.72282
52.9208,2.76753
51.6218,-4.88566
58.1668,5.47248
65.2734,-3.42777
57.2611,2.84802
48.5779,1.97139
56.0781,2.52761
60.7128,16.5852
75.6592,3.65448
62.7369,-10.5051
54.158,-2.7548
65.268,-2.99951
50.1639,2.58721
55.9666,-3.77075
65.2035,-24.1017
52.3308,-2.26491
52.7497,-1.35155
49.9165,6.79904
137.183,1.77247
49.5836,-5.08173
90.6485,8.72658
86.123,-7.98184
110.486,-3.26886
64.8433,4.68066
74.1201,-6.76754
83.2472,0.352949
48.7252,7.99138
59.8404,1.68322
67.96,-10.7606
91.0817,2.64979
75.9651,1.09066
62.3737,-3.78788
44.9102,-11.527
60.9801,8.53185
94.2482,27.9021
50.5142,6.57194
51.7549,-4.08783
87.9077,7.03624
117.024,-1.68046
62.9438,4.94526
56.7747,5.57973
112.77,-8.81924
61.6865,4.86097
91.5478,8.91169
76.658,-10.3454
77.1886,-5.24806
81.7329,1.63039
68.7058,1.56376
29.2577,3.38547
54.0095,3.45284
26.3,-5.60222
61.6443,7.47555
101.865,-5.20969
73.0601,5.79229
56.6821,-10.3094
71.0169,-10.8285
76.9319,10.2312
74.9062,-0.722169
56.616,-3.52233
71.2194,2.40086
148.57,-3.61387
53.8388,3.51288
60.6205,28.4041
57.0151,-4.44074
83.4633,-3.64028
61.1168,-0.908441
50.3292,17.8407
156.803,0.747546
69.4382,-6.4555
102.217,-4.79287
76.3259,-7.3352
55.8793,6.68269
40.6553,5.89466
53.2353,5.0081
83.4495,8.95812
67.8246,-1.0207
88.3903,-2.16685
86.1554,3.95193
54.0676,-1.70355
117.992,-16.8482
113.307,4.25019
58.2903,-11.8604
34.4982,-7.88728
73.6894,9.95888
67.0934,6.54933
44.0224,-32.0299
53.8158,-5.53623
41.0225,8.75869
63.9185,0.598952
49.8907,6.61803
83.8552,0.775513
109.591,-7.43761
101.338,8.47699
52.5932,-1.86155
60.3089,2.29533
80.9365,11.2103
93.724,-27.5068
74.1764,-15.468
61.444,5.71581
50.6611,-2.85208
59.8348,8.30324
43.8227,6.23958
54.6355,3.98783
94.2851,20.6755
51.3939,-7.14595
88.4159,7.3601
39.9209,3.74295
50.1177,-6.27726
36.763,-7.7086
71.3145,4.12443
68.4351,4.50125
37.3129,8.29241
92.8961,1.04486
71.6942,0.487388
94.628,-3.2181
80.5508,-0.726312
68.263,-5.50671
71.094,-1.03584
55.5841,1.94018
106.429,-0.587688
87.0921,10.1052
82.6016,14.121
90.6798,5.61788
51.2799,3.68831
41.2376,9.1696
85.1025,3.42267
55.4467,-19.4298
105.172,-3.9578
59.9591,4.97663
63.1178,-4.62956
73.1202,0.927862
120.519,12.7368
71.4274,3.92797
79.6397,3.14793
50.2018,-2.27811
66.3056,-4.16124
62.8777,-6.04222
48.8973,-5.3588
48.369,-6.2637
73.0964,-5.64766
76.1276,1.12829
81.9936,4.86037
66.544,2.78207
40.7192,8.8482
39.8471,8.08361
67.7639,-0.0299519
62.8884,-7.58905
101.499,2.3719
71.5674,-3.73195
126.96,2.84142
75.2513,0.784576
80.2047,5.04582
60.8959,17.403
61.3145,-2.20483
58.3292,-3.90989
115.275,7.84153
47.0434,3.90454
34.3194,-5.97333
53.465,1.7619
116.397,4.96856
62.6932,-0.883322
72.1842,-1.16359
39.8844,3.13835
78.1093,11.9906
39.9222,-10.2425
74.5421,-5.85318
61.6253,8.81583
67.8031,-5.67839
72.4102,-6.88506
65.5827,5.901
75.5555,-1.32013
62.7737,4.41199
76.8786,8.55395
40.8175,7.10249
50.8984,15.2316
71.8985,-7.20154
58.526,8.54216
109.461,-1.87782
54.4957,-5.70713
167.414,3.15211
58.4859,4.97159
64.7828,-3.6411
66.4532,-4.05788
116.551,-4.62274
71.5216,4.38269
71.4055,-0.649706
70.5268,-0.84107
51.9767,-8.50725
100.221,2.1555
106.48,9.19398
56.3638,-0.586134
46.5994,16.1519
150.057,0.052869
68.7233,-1.2317
36.1206,-2.77569
127.988,6.03967
45.3733,1.92508
70.4292,2.89286
64.8523,-2.86339
47.0182,-5.41767
47.6556,-1.86379
72.799,23.7309
56.6742,7.34905
49.7212,-1.55223
56.8583,-2.5968
52.3158,-7.92578
59.7817,10.4828
62.1334,0.64293
54.2547,-1.28098
83.2309,3.2468
71.1612,-2.99472
98.5108,-2.3511
38.5815,-8.17385
51.4693,5.71943
75.5712,-3.02441
59.6296,0.272631
50.236,4.62347
35.6374,3.96949
44.7999,18.0915
49.6576,-1.3834
167.684,-13.2926
72.5232,-2.36081
62.5543,-5.96254
68.833,3.03494
77.0439,5.68409
50.7518,-15.42
47.5601,-5.37343
50.6688,-0.349669
60.649,-8.64199
58.8466,-4.16944
24.6227,8.68584
65.8115,-12.9481
59.1081,-5.17715
60.8892,0.238666
63.8056,-3.96354
50.0371,-6.40341
56.0143,8.00376
59.3104,-6.93521
79.7241,5.81667
53.9982,-1.70886
63.1488,-3.40999
60.1197,-10.6003
84.0849,0.970545
66.1654,6.23004
77.564,23.2171
79.1559,-2.4741
37.4277,-7.33951
60.7162,9.59816
55.5998,6.33759
91.8344,-1.92784
48.6978,-8.57151
43.029,-9.73109
65.4152,-14.9458
65.0692,9.01073
59.4386,-6.42447
101.699,-3.21331
122.684,-8.20678
42.9099,2.15084
56.4352,-0.584623
44.5622,-8.03328
139.418,5.57226
81.8437,-3.78266
114.86,-6.54669
127.043,5.3396
67.4763,8.90366
73.5185,1.97795
46.7061,2.48476
87.7863,4.83792
43.5676,0.112989
142.417,5.98089
43.9556,0.464211
43.9389,-5.19812
68.9179,-5.15471
61.7628,9.22057
91.641,0.949355
78.6052,1.26303
104.151,-0.392569
154.98,3.44628
72.7017,-6.11662
59.2563,-2.75001
57.8815,-1.23903
78.2945,-4.28269
85.9713,3.01064
63.9949,-2.25956
107.174,-0.888372
63.7977,14.3404
58.1563,1.46626
75.3838,-6.06479
89.0206,-8.15633
85.7914,0.6816
69.0915,4.01213
86.0303,-2.71009
53.6655,-6.79952
79.4112,-4.59326
38.6206,5.77998
45.5479,24.6925
83.7023,5.81615
42.3001,2.28045
76.4562,6.68294
59.0929,-1.53864
40.8825,14.6986
93.8165,-3.9827
86.269,-3.17076
58.6063,-5.02264
66.772,-0.0935673
56.9997,-8.82783
67.5649,-4.69261
62.1246,6.91
97.8764,-6.99463
136.58,-10.8828
51.8938,20.2976
112.88,-5.75059
46.7446,-1.3749
43.2005,7.91339
80.1258,-9.03149
39.0795,-11.3689
40.8875,-6.84703
88.0134,-16.7824
50.0502,7.42851
32.635,-6.892
51.8763,2.57327
107.234,-1.00999
50.2703,6.59158
74.4304,1.98485
39.8047,-0.796919
101.807,-1.87143
102.849,4.60094
79.4283,5.07823
68.9393,8.26017
46.4519,-2.15921
60.6932,1.3351
60.8372,-4.10993
54.0924,-3.54335
102.583,4.35338
65.8736,-1.19216
59.12,2.46767
118.151,-9.23296
46.2569,5.63938
50.6701,-5.70757
68.1581,-4.55269
75.633,-3.11634
94.6705,-0.196155
109.353,6.04066
35.5231,4.95877
62.0524,8.40975
79.0399,2.60759
84.9824,-5.99375
52.0885,-4.54527
54.6175,-5.19752
65.1083,4.97008
28.7652,8.60984
48.9248,0.132583
60.5486,-2.02711
37.037,-3.9477
66.5678,12.8131
83.9626,9.77127
71.9184,9.25661
39.62,16.823
80.8183,5.79224
52.4487,6.81203
53.6204,-6.96986
35.7129,0.777843
75.3505,-1.81705
92.205,-2.97439
95.2999,-11.1283
66.7824,1.66414
65.808,-13.5559
54.2675,5.07568
61.8877,-10.5153
50.8068,-4.10566
71.1178,-10.9418
72.8089,-9.78495
76.9351,-4.9346
47.8982,6.65109
71.4085,-1.03045
96.6503,5.64266
86.7726,9.35945
56.0626,-2.5952
50.927,0.547723
69.1025,6.73473
78.1044,17.2992
52.4537,-3.22238
58.8939,-0.0883452
88.5856,-6.18956
49.3461,-0.834726
74.8476,7.7392
52.6529,3.80234
73.1791,-3.80873
71.0643,-4.53055
78.2244,-2.55903
70.7841,4.59835
76.9342,0.58963
64.5109,8.48817
62.1999,1.48724
68.3768,2.26771
52.0555,8.83935
102.794,24.6096
91.0986,20.9082
70.3424,9.42993
112.227,-0.195033
61.6881,-14.7935
60.8764,5.68266
85.556,4.53681
69.4433,2.16836
52.8013,5.57442
26.7395,2.48402
75.1716,-3.17943
58.3424,-0.88643
74.3731,-5.18056
101.86,0.831576
58.0895,2.72895
53.6393,-4.62636
91.2624,-11.1042
58.4393,3.61896
52.7645,-9.91322
82.1231,-5.44188
92.6679,-0.149673
60.5864,-3.33234
51.747,5.29286
90.3388,-14.1499
40.8939,-6.85204
52.8266,-9.98171
67.2898,7.14802
85.47,-0.0992211
39.1142,-10.3756
58.3633,-1.63255
55.8923,6.58204
63.0036,1.47041
40.8247,-27.6755
43.1679,12.2142
36.0976,-1.59138
46.1003,-0.30759
75.4244,-1.90156
76.3041,-1.33195
56.2836,10.9851
76.6175,11.6228
70.9027,-0.849918
68.4482,-2.40289
57.1509,-27.9848
58.0941,9.10197
75.3217,-1.29372
82.9666,-11.4798
64.5098,-2.21277
53.5593,2.24458
73.5518,2.03138
63.5137,-6.53111
68.3839,5.20041
106.098,8.87755
68.4977,18.6483
82.9788,1.70191
77.8505,17.5901
64.5982,1.55508
43.9985,-2.07307
77.9086,6.15982
40.2297,10.9467
84.6673,6.34208
66.0611,16.3379
61.2928,26.5149
54.9473,-3.0516
37.4312,-4.94755
41.4458,2.01886
48.2555,4.29236
73.3626,0.0293045
49.9523,-3.69984
60.5928,8.0537
59.0205,3.74593
67.5351,-11.0196
44.1292,-10.3353
40.5363,0.584278
39.3959,-1.27563
86.506,2.07247
86.1307,-22.7769
131.605,2.65338
101.175,1.78102
76.3091,9.28138
75.7489,2.35451
57.0184,3.77485
104.089,-2.92717
68.6074,1.2648
40.4394,-0.769341
80.884,-0.473275
41.2678,0.694246
74.0421,3.52742
52.411,12.7332
41.0353,-4.29491
299.915,10.8588
92.985,-0.713667
55.7541,-4.0489
46.251,-2.87184
57.8961,-8.47341
111.361,3.49561
35.9627,-17.0454
140.807,0.00889063
88.816,-9.28682
94.1166,-0.760451
79.7723,-0.855226
102.512,-9.6241
37.418,-15.438
49.6681,15.0523
52.8516,14.9545
58.2949,5.87303
105.126,-22.3585
69.4753,-3.22803
40.8028,5.95961
83.8535,3.45772
53.1619,-5.87032
45.1237,-5.55358
61.587,9.91637
69.6452,5.22829
78.6705,0.282601
51.6194,3.71982
47.056,-8.19582
53.3799,6.98031
101.067,12.1299
57.4432,4.82239
37.0088,-1.98196
48.9609,-10.6357
82.1948,2.1527
78.6284,4.75946
56.0309,-11.5542
80.6006,13.9148
71.0029,7.33187
63.1585,0.773873
59.3524,-2.72131
77.0878,-29.5065
68.5101,-0.225848
66.8138,-3.25341
51.6025,1.7789
101.216,5.37969
62.3247,0.0536459
36.771,7.72047
89.4792,-2.27872
84.8329,-0.420147
53.7323,-0.931271
47.8622,4.65575
111.009,-6.7624
67.3549,-0.0467837
102.114,-13.9644
44.0037,-56.7729
40.6478,-7.83609
69.2488,-1.5651
87.2522,1.88693
67.5579,9.77291
78.7525,-22.8929
56.8002,8.76706
59.3338,-8.10419
63.9314,4.22016
49.6306,8.64385
126.472,-7.81836
93.5758,1.69565
83.8393,12.5931
86.5575,-0.850522
46.9913,-8.89589
54.5605,4.29944
58.6429,-3.57981
54.4081,3.23735
145.023,18.8938
79.6495,0.99152
95.9504,1.86
140.118,-10.4133
44.2668,7.92375
47.1802,-9.49031
69.2576,-6.85333
98.1611,-5.49031
82.1979,-12.3368
72.1172,-1.595
61.891,-7.43204
77.6228,11.2489
88.1696,5.66583
73.7916,1.20576
61.9218,2.76658
47.3969,0.935415
100.378,-2.75795
69.8537,1.10062
51.3868,4.59917
48.6873,-0.551607
103.23,0.663215
59.9518,-2.25438
57.6222,-0.996484
96.8357,11.3545
74.7585,-3.88546
83.7535,-0.455148
95.9866,29.8285
41.6766,8.38593
98.0983,-3.57973
49.7374,-1.06921
140.063,4.06504
47.7176,-2.79744
56.5598,-6.48403
77.181,6.07338
104.054,8.113
65.8827,-9.70088
65.5705,0.331499
58.235,4.02853
55.2265,5.48534
61.7111,-10.2431
72.7536,4.80538
83.2679,3.07158
36.2139,-10.3075
49.9883,4.18805
74.7694,-0.658985
50.7625,1.90328
62.3675,3.44119
52.8681,-6.16906
51.0731,-11.3868
77.1451,16.9999
33.5837,4.64017
57.6189,-11.8369
35.5274,-19.2097
64.9353,-5.75219
66.5004,1.92245
54.7343,-0.886646
56.2356,13.5434
71.0464,-5.11634
44.7271,9.53627
81.2746,-6.76158
86.9647,-3.63264
61.9109,-2.93153
51.46,18.7346
106.994,-3.84658
45.7305,-6.46448
44.5714,-6.71497
84.9064,8.90711
101.962,2.2186
93.0314,-0.0709955
78.8277,0.0950347
67.7222,5.89539
75.4953,-1.48927
53.8302,-6.34838
69.9384,0.943097
64.1257,1.18824
57.1454,0.0807062
67.218,4.00497
68.9561,0.683974
143.366,7.5875
86.1932,-0.562526
45.2186,-1.05937
117.401,-9.87248
66.3759,5.52103
50.334,-6.26241
115.802,-5.29722
49.8842,13.8033
52.5347,4.08865
45.0376,1.55331
44.323,2.97059
62.0943,-7.56476
71.5939,-3.60368
72.8284,1.29484
75.3632,4.58195
44.7723,-2.77677
94.5194,-7.05773
106.358,1.23066
76.1479,-0.498048
42.9738,-3.04577
87.9052,2.35532
73.9094,-4.07562
91.2829,10.3768
71.2444,-13.176
76.0673,12.6179
64.9714,4.46603
50.7152,3.60528
58.2479,-2.47867
75.6809,0.782763
63.6583,7.11496
76.9237,2.64375
55.4609,12.2737
56.5709,0.757861
63.2484,-6.25304
56.8519,6.82049
50.5143,1.11858
80.0248,6.43504
81.7558,-0.256404
65.9189,-11.3826
75.0054,11.7091
79.3648,-5.25298
46.6166,-17.1628
42.0436,-1.9634
35.6949,-1.64567
90.9484,-3.42872
98.0674,3.92435
40.5902,-2.69075
85.3613,-2.16103
45.1583,23.3681
43.2467,5.22661
84.846,-8.76219
75.9255,5.35807
68.2064,-6.96606
59.3246,-1.4528
69.3454,-0.221316
49.1776,-1.80411
54.3957,6.66115
105.588,-3.42267
40.2379,15.2015
91.2789,1.61607
60.1665,12.7265
60.6378,11.5096
23.9929,16.3775
73.1379,5.0589
102.506,4.45645
89.437,-9.82496
85.7922,2.96071
61.8278,-7.85703
62.9098,-1.85698
65.0274,3.34641
75.943,3.59233
72.8541,4.25895
68.1104,-15.6218
101.65,15.4502
49.6184,-6.57755
78.1602,2.01847
40.8694,2.05339
70.8946,7.81753
62.0789,6.09603
64.4269,0.473534
73.0371,7.26904
57.6372,-13.9241
46.3348,6.66395
66.9302,2.27928
92.9508,-2.05373
58.6832,-10.4902
106.928,2.58691
55.2191,6.74056
51.132,5.45833
40.1306,-3.92072
57.2977,-13.1454
122.146,1.86004
102.159,-4.15926
75.7916,-5.13585
59.137,-3.53208
68.0415,1.24369
37.0435,6.96744
65.5048,-7.72651
48.7872,-5.10167
88.3412,-3.67588
111.858,-25.0876
71.0263,-0.284975
55.5068,2.13996
102.387,2.01783
88.7042,-7.32177
62.4677,0.55588
70.4042,13.1029
71.8865,0.39546
82.5826,3.40679
56.4675,-15.7095
56.4956,-1.50403
64.2671,2.15114
94.4034,-2.65851
116.417,1.73246
74.474,6.2303
66.9222,-3.59039
66.831,8.58282
111.556,-25.5097
72.0723,-2.25684
79.5089,-2.75178
90.5789,13.1068
67.5392,13.4468
70.2339,-12.607
49.4444,15.4219
52.5151,-11.5169
66.9671,2.07825
59.7118,-3.03347
32.8086,-3.6203
39.7668,-9.94403
66.8918,-2.74228
94.8337,5.14582
55.689,-17.4299
72.0402,-11.1482
52.8854,2.88941
63.5528,12.0247
45.5897,5.65414
61.59,0.185883
61.9259,-0.26141
65.5921,-3.26355
69.8172,6.57656
56.1713,2.05973
67.9187,13.0538
42.1538,-10.7231
47.2322,7.99612
56.0913,19.5017
57.3279,-6.34933
60.3008,-18.285
52.3754,1.54214
131.225,12.8571
96.2847,11.555
85.5896,3.14331
53.9536,6.71173
42.8707,-3.76902
77.6412,3.6515
56.3992,0.935932
65.8883,4.19538
74.9416,9.67611
92.8087,0.345699
60.3904,-1.09061
56.0004,4.1738
67.9007,1.01854
41.7637,-8.17182
70.38,1.25418
52.0317,-2.42951
40.8254,0.0876115
128.623,0.23176
90.6853,-2.57617
71.3843,-7.29998
62.0436,-4.97102
62.3058,6.25011
117.59,-9.14845
79.8451,-5.4963
114.063,1.27494
108.098,-2.48601
102.215,-5.15471
46.0481,5.61301
59.1164,1.52099
133.452,8.77625
39.8586,1.50623
57.3371,4.09271
70.6259,-3.61205
46.4818,2.14972
52.526,-7.16981
96.8822,1.41106
74.1507,8.2193
57.0234,2.72109
51.0202,2.19974
68.2716,4.85739
69.4797,3.75987
125.084,11.9728
55.0046,-10.2032
85.7241,-8.21869
75.0916,-6.53392
55.5856,-19.8729
88.4358,-11.4623
65.9838,8.66102
45.0553,2.56728
51.1335,7.05747
72.8369,-5.34232
131.048,-1.91705
66.2479,-2.12326
70.9115,4.79088
68.3359,3.47369
59.7177,-18.7597
50.1562,-9.09994
53.9643,0.767054
51.5609,11.452
96.5372,4.2489
41.6852,-16.4213
64.0037,-2.22758
67.4115,-3.99465
80.1652,-1.32457
113.283,-4.43465
48.9653,-5.24245
57.7311,-4.54479
101.273,-8.70513
78.9818,-6.869
77.5261,2.16802
64.1851,4.41104
57.0485,-2.81047
50.1633,-1.1866
76.4837,-16.4659
71.8248,-1.52431
46.8778,8.64458
65.7751,-6.23298
47.9566,-2.68316
46.1411,1.3389
84.1289,-9.03201
56.1652,3.63053
119.479,7.63148
53.9275,-17.9664
83.6378,1.92814
51.1565,-1.37516
72.161,4.81233
56.6825,-16.8084
63.2824,3.16705
47.2055,2.85329
76.1023,3.00296
50.1088,-6.08041
59.7542,22.2011
94.9387,5.23291
52.6536,15.5912
40.2726,-0.225934
76.1205,-10.6595
78.3965,-4.81591
88.7729,1.49328
78.8269,12.0288
50.354,0.305993
53.7613,-3.21474
55.2719,-19.4782
54.4655,-3.32863
49.497,5.901
47.3372,-3.17335
122.716,10.4589
81.8288,3.11111
81.5573,8.36763
72.3252,11.7103
47.5883,-5.69414
117.673,-19.3048
72.2238,32.2931
93.7826,2.91284
89.9939,1.11008
63.6961,-14.6301
71.0195,-8.28166
115.812,-10.3202
57.7119,8.33349
92.8003,3.10175
163.977,17.8594
108.021,1.7152
97.6465,-7.77369
31.3323,-1.68244
82.774,5.44326
59.3658,-5.49816
41.2346,-2.51989
44.5193,-7.15108
65.3879,8.08447
64.3851,-11.5291
95.2455,3.801
71.8547,0.847717
112.417,-0.59865
88.3741,-11.0461
57.0701,-5.4632
84.1604,3.4184
62.355,-8.70992
56.4849,-4.17026
61.795,-5.97122
87.9107,-10.5211
59.8265,-1.48879
71.7553,7.65509
66.1981,-3.96198
60.3168,7.08177
65.91,-12.4291
76.6734,-19.1671
52.4912,-5.67338
77.2316,0.258303
90.1452,-1.82081
65.0525,-13.5617
104.576,-1.66453
135.204,6.41648
68.0325,0.585141
109.585,-1.42293
69.4188,-5.78201
59.7585,3.40127
48.0601,8.78342
72.7668,-2.97957
47.724,2.19357
77.6779,-0.247902
70.8999,4.32857
143.524,7.8963
64.6047,8.50885
62.7672,-10.0522
85.9249,-4.09547
86.9152,-2.61596
61.2055,-2.05818
75.2431,1.93229
66.9377,-4.25421
107.205,-7.91896
62.1721,-11.9477
60.4247,-7.20266
45.0174,10.7116
55.2561,6.90711
116.312,-3.15337
85.1402,27.1043
83.5594,5.78991
98.7496,-7.1885
64.4888,-7.49367
80.0565,-5.84783
77.9803,3.24732
77.8102,3.07806
81.1393,-6.33617
68.7183,3.6966
36.8276,-4.31049
83.9799,5.12406
50.0096,0.466024
62.5385,2.45619
87.6197,-8.61558
69.4255,-8.82981
70.7655,13.3463
61.0841,-5.34068
51.2227,3.54801
77.9107,1.26256
55.1731,7.03266
64.0439,8.59978
56.9523,-4.79071
57.2464,3.24357
61.5453,19.6312
76.3505,-5.56104
75.6547,-2.66071
71.9265,-0.612504
48.1655,-3.16692
124.098,3.00378
64.5161,0.280745
74.2769,1.09765
55.9805,-3.35548
48.5224,-8.45209
60.2566,3.1503
64.1576,0.440215
123.634,1.48624
59.3379,-7.41146
105.032,-19.4584
55.8496,-5.54318
113.086,4.88825
154.346,-3.69449
58.7254,2.55269
52.1624,11.0948
60.1472,-7.05786
39.1877,-7.50015
93.7076,1.42181
58.3049,3.17978
87.6568,-1.26372
73.0326,3.51404
129.046,-1.00266
56.7651,0.0723766
53.6493,5.3014
104.799,2.03289
102.669,-0.742583
77.3661,0.0298656
83.5077,0.548284
51.1323,5.08954
149.312,6.63651
64.7478,10.6238
59.2452,3.95831
74.6403,2.3807
78.719,-18.5492
44.4934,-5.67515
102.849,-1.17727
99.2578,3.00486
80.4508,6.41657
59.692,0.768823
85.009,-6.50064
120.018,-0.425024
60.363,6.61199
53.2994,2.11118
49.527,-3.4733
82.0929,2.77189
57.4673,-0.381865
90.146,-21.2603
103.356,0.716084
126.811,-3.77899
68.9431,-5.46644
61.949,-9.59406
60.8014,-2.25835
82.6791,6.4631
40.1075,0.713019
119.613,7.737
79.6327,-0.0597312
121.075,4.87793
82.5805,-10.0162
54.7946,9.23007
61.5005,0.306511
78.1686,-3.78508
38.026,0.66028
100.809,16.413
61.0368,-2.91703
42.6157,5.24599
96.1173,1.54447
61.265,0.47936
104.876,0.745086
60.6709,-1.50843
67.1505,5.80877
57.6074,4.09219
63.9013,3.66276
38.9595,-2.47755
47.5379,-3.96656
62.6721,7.17948
69.0711,1.54926
111.316,4.45028
44.5271,0.801494
78.0432,-7.2418
62.7652,-6.32935
50.3984,-13.6721
185.022,-5.60122
67.0761,9.76432
74.5097,-1.88153
55.692,-5.19454
59.7192,4.18282
82.4338,-2.59503
54.0569,0.233962
86.5152,-0.994455
82.2075,4.77271
50.0685,10.175
58.58,7.51374
67.8909,-1.01832
86.9349,-6.70008
50.8321,-0.692088
52.0474,-9.20814
131.209,12.1007
76.3658,7.79876
57.2957,11.8358
86.7513,2.68657
56.3038,15.6432
61.6142,6.9283
61.595,5.8127
113.721,45.1794
67.8398,5.14685
92.0191,3.8228
73.1038,1.26653
60.4757,-11.0381
56.0411,2.72977
44.8443,-5.8414
53.8208,-3.21992
66.2585,8.81553
83.3693,3.67114
61.3896,-13.3043
68.7545,11.9649
40.903,-19.7208
87.2118,-6.06185
108.223,-5.61525
49.6573,0.198399
81.8781,2.83313
59.2111,0.731793
56.513,3.02816
70.6713,-9.91887
104.178,-4.15089
48.745,1.45392
66.598,-6.61186
30.3309,2.52075
93.2211,11.9887
98.3648,4.38247
60.6375,0.428002
80.32,13.5878
48.0867,-1.43622
123.342,-6.13306
63.8838,-0.184286
68.8053,-11.2556
120.795,0.745345
50.0738,-5.76087
69.7988,-3.6868
97.6436,-1.09087
72.0351,2.88432
85.0944,-14.2604
88.5047,3.0355
76.8304,2.53758
56.4107,9.47719
60.932,4.36422
58.4786,5.92047
64.316,-0.576466
74.7313,-6.17204
66.9685,1.40239
49.9867,3.86673
65.5787,-12.0284
44.9664,-10.967
129.918,2.81039
45.1166,5.09964
47.7654,4.66585
69.1913,-2.68587
47.8952,7.05199
95.2175,-7.63178
70.2675,6.28451
89.4263,0.921345
59.7617,4.71535
101.303,1.67588
85.6754,-11.4554
47.1537,-2.22412
58.498,3.47874
101.685,-3.06256
67.7614,-3.23722
62.9245,1.64274
76.0873,11.3397
33.4727,-6.69624
45.4539,-10.7111
54.2521,-5.67628
91.3392,-0.0882589
63.7206,3.19217
69.0417,19.0057
60.7784,-2.81509
86.2706,5.31979
89.6901,-7.34573
35.4226,10.6902
78.7614,-5.70692
76.1937,-3.07072
92.3258,9.50654
60.541,-9.05851
126.274,16.0556
66.0413,0.0633565
90.6712,-8.48373
93.1072,14.3224
56.4318,1.49004
57.0941,2.28558
66.5053,-10.0946
50.3855,-5.67377
70.2699,5.7824
43.2859,7.23037
61.2431,-0.156535
73.7084,-6.44553
61.9518,-4.43323
37.4803,10.5244
73.2277,-3.25181
116.024,3.41668
40.9674,-0.712545
129.851,-8.47933
100.108,-5.73648
72.7901,4.33038
81.5556,15.1927
55.7321,-5.70601
111.085,6.44147
61.3935,-1.27326
76.0454,-2.87512
63.8431,-5.31767
73.546,-11.4909
96.9098,-5.20477
85.8364,1.59673
60.0937,-13.4551
55.6206,5.1286
60.6264,0.729506
114.604,1.53545
83.376,-2.00881
48.3671,4.49792
48.3042,5.68318
70.4961,1.80251
42.3545,-16.1096
53.3265,-1.73548
76.0833,-4.37108
53.3179,1.93462
81.0954,-2.43297
51.8123,0.943442
60.5302,0.542026
74.5878,14.783
39.2444,7.55358
74.4762,-1.05216
59.201,3.69988
145.715,-17.0223
67.0262,-3.03593
64.2381,0.870504
50.1534,-8.20825
58.8262,2.04191
105.651,-2.25049
33.0913,9.00348
59.1884,8.35537
69.6767,-7.03909
63.4551,-2.58467
32.8841,-24.3694
79.9252,6.12322
48.3194,-1.4007
46.5927,13.9643
38.7369,-9.49799
53.9701,11.6486
72.6109,-13.4054
90.7778,-37.2121
74.8112,-6.67932
37.6198,19.6292
54.7812,-3.89651
54.8253,-4.58782
73.8714,-6.08399
89.7433,4.2202
94.5417,-13.1923
110.436,-22.402
155.189,-3.77226
86.4863,-6.68204
61.7829,7.61016
96.402,-10.1559
64.5009,-1.06316
62.9068,-2.22611
70.2976,-2.34561
60.5946,-2.18653
115.019,1.27041
70.0453,5.8799
74.676,-15.5
115.673,-5.39402
125.679,-7.3841
118.821,-1.73605
58.2788,5.96656
63.3435,-0.325242
73.7835,-8.6265
96.5517,-0.454803
57.1968,5.467
67.4835,-3.86043
38.7409,-0.832352
107.607,3.58586
59.001,7.78271
46.5789,-2.82325
124.936,7.72539
63.3264,3.78063
45.4021,1.7092
97.1062,-1.71891
48.4442,-0.968344
127.94,-5.80666
82.674,-5.51033
127.57,-3.58486
95.9016,-13.5525
78.0724,-1.53191
75.0479,-0.417126
100.598,5.70113
62.4933,0.490322
89.0838,32.7584
44.6386,-9.97351
55.3475,1.42789
71.6,17.9107
53.4773,16.8157
55.4232,-4.00134
87.3181,-2.28506
117.057,13.7044
63.1653,6.73599
50.4636,-1.50636
55.4743,-0.62571
199.203,4.72623
60.0832,-2.84401
69.8506,-6.74488
59.2467,2.33457
88.1881,-1.53329
58.5345,-2.46404
60.2271,0.951513
91.5497,-9.87999
77.3998,-11.1047
93.264,13.2255
115.192,3.17844
45.8592,11.0976
85.3097,2.26763
60.4074,2.12818
32.8974,-3.17926
52.4298,11.3866
81.5512,9.16524
46.2308,-1.58128
81.8375,2.72187
42.5254,-6.78851
72.6806,0.602189
57.1308,-1.40873
110.361,10.513
29.6102,17.5248
134.226,6.90076
42.9474,-5.52665
116.925,1.52569
103.103,3.38487
72.5644,7.64266
56.5224,0.832568
86.0241,1.61507
110.295,0.240867
76.8567,-3.07266
98.1073,-0.542932
56.904,4.09098
90.3565,0.397057
42.8841,-4.09267
81.8754,-15.1756
90.9707,0.468182
57.6381,-4.30811
55.7571,-3.72966
71.4404,-3.98693
75.8134,11.3323
43.7344,-5.36415
114.187,6.23259
85.2698,-1.99271
77.8335,-6.64484
40.3849,-10.0902
59.8638,-0.443754
78.7611,-1.66738
53.3375,-2.22097
63.1042,-11.0947
47.7059,-0.714616
71.3385,0.507672
61.9181,3.8953
61.2702,-18.4726
57.0103,-1.91213
77.6576,10.1338
35.2062,-15.8774
69.008,1.13209
50.6893,3.4645
129.92,-9.20033
87.9909,-4.7942
50.2046,-0.359466
66.9497,11.1892
118.973,0.654626
51.2645,-13.668
58.8312,-0.533092
73.1049,-4.04144
56.3477,1.10697
59.7032,5.05203
56.6669,3.1916
60.422,3.86263
90.3443,12.0001
44.814,1.69958
39.8289,-0.564684
48.8016,3.96224
72.7449,-1.2295
110.514,1.39803
58.565,-10.0433
92.5679,-6.69952
51.206,-0.267927
64.8369,-5.68771
54.2407,0.723291
99.4816,-8.48921
71.7408,-7.20408
57.2629,-6.0871
60.202,-3.77998
38.8966,7.91585
71.0088,0.403833
88.1559,-0.0199823
107.56,-11.2576
147.945,33.3137
62.8933,7.4399
51.4695,1.57429
59.4467,6.02625
98.4305,15.4433
108.183,-4.81561
56.9683,8.56957
58.3098,9.30641
38.7501,-8.63353
69.019,-6.06531
97.4542,8.9144
47.9077,-9.44288
57.5358,7.33904
77.2826,3.71007
31.2315,-13.4804
68.717,1.43385
100.255,-4.34445
91.2991,-3.99129
62.0961,-9.83515
46.3136,-0.303749
46.7564,-19.938
93.3139,8.45939
56.7189,16.063
53.9989,-5.10667
55.2475,-18.773
63.6877,-14.9989
31.3574,-9.50015
121.612,-8.53232
61.2306,2.89209
93.6898,4.5782
70.4606,-9.58172
94.2314,7.45621
42.1602,-9.02994
64.6944,-17.6266
88.5811,12.7781
92.5112,13.2643
38.4698,8.87772
62.4374,-9.53576
90.2865,-0.52882
61.0487,12.5157
105.114,12.4367
80.2686,6.78286
38.673,3.93091
85.4351,3.45366
99.4542,2.28696
56.7973,1.6969
106.461,-2.91768
63.8059,-6.26988
56.2841,-10.7506
67.8084,12.4121
83.4923,9.04755
83.892,3.953
70.9833,-5.15078
84.8202,1.90048
66.0437,2.698
40.9793,-3.73613
67.4112,-11.2533
66.662,-12.1461
110.992,-2.15649
110.815,7.84058
78.4471,4.44238
56.5461,-1.75762
102.522,7.53921
72.6758,-5.7947
74.6665,-1.66177
74.379,-18.8356
78.79,5.2289
49.3949,15.3013
77.0251,-10.8429
45.8195,3.42777
86.6158,-10.0558
75.2664,2.96166
77.8121,3.90083
50.3496,7.64007
58.5596,7.34046
53.5754,3.46376
94.2186,-3.78369
56.5103,-8.35969
73.4453,10.1176
41.632,-1.54973
110.127,4.98108
89.2611,-1.65258
59.3531,0.839473
64.0372,1.04568
53.6489,1.32613
70.4682,9.21682
76.5656,-4.70116
68.7462,7.82574
62.4864,5.29087
59.1835,-9.5806
45.3288,-2.35433
65.909,4.52749
98.5975,-2.82851
58.014,2.90762
78.5064,1.74696
100.41,5.7575
53.9528,4.25175
46.2083,9.79216
41.8533,-12.0294
40.7511,7.14884
30.6433,9.8736
114.186,-12.8122
68.9433,3.68741
53.4819,3.59311
62.9924,-20.96
41.2122,-8.45943
65.8286,-10.182
51.4025,10.3258
104.905,-16.8275
53.4363,-0.530589
63.1358,-4.01135
113.161,-13.0798
59.5504,7.21414
57.3794,-1.34822
54.1031,-3.64563
74.9504,-15.9957
92.2663,-16.527
167.163,-6.10151
46.2042,9.7998
123.884,5.25535
67.5069,8.13216
90.1898,-0.00116528
59.3596,-9.57248
71.2468,9.48211
54.0955,-14.4744
52.9842,-19.2009
85.5926,8.44152
62.288,9.60041
87.7401,-1.04555
86.79,-5.01423
100.592,1.17598
53.8496,1.26799
70.2865,0.505816
51.7012,-0.23025
87.809,-1.92163
51.6138,-2.0502
48.0608,1.56255
58.8305,13.0925
103.413,-2.62342
33.6372,4.48743
72.061,14.9762
53.2226,5.62224
43.463,19.9742
66.7422,3.56082
50.1683,-2.43992
132.555,1.0689
48.4337,-12.2563
45.0348,-8.49318
53.6481,-0.308928
64.0086,4.3132
68.7709,-0.0523511
86.5672,-10.312
40.3873,9.5771
93.4684,11.2207
63.2583,-12.204
54.8446,1.24253
50.1737,3.26907
105.973,-6.54117
88.3473,4.34959
67.7725,-3.58901
62.6245,14.3667
53.3098,-0.31415
70.2076,3.12708
102.851,10.4918
82.6035,3.74753
68.3403,5.20145
54.0983,11.6533
53.9663,0.348288
110.017,-18.6032
45.8071,-0.912152
67.4407,-4.65921
89.7531,-2.99657
57.0434,9.56597
64.3889,-7.37464
40.4871,7.89992
57.6505,3.54296
55.9843,-7.55915
73.227,-3.83825
114.242,0.0675429
59.9953,-10.8622
72.2347,9.40874
72.8276,0.117995
63.5934,-9.91192
74.6057,4.62757
100.68,-3.28319
87.1125,4.00341
84.7448,-3.98158
74.386,1.01789
73.1598,2.62157
47.8967,-2.11316
33.1578,17.2265
80.9941,-5.55578
49.0453,5.86458
51.2314,-1.55849
106.676,0.830712
60.801,-1.12328
61.5953,4.74004
58.0362,4.84548
62.9035,-7.29795
100.05,11.2932
38.9961,-1.44317
45.7244,-19.913
48.8272,-9.84818
67.055,7.5405
116.357,-6.86947
30.7829,-5.32894
80.515,0.490927
71.653,-0.436159
118.082,22.3174
151.028,3.02376
40.2692,-11.2145
103.163,5.07711
91.5993,3.51585
59.3705,-8.03488
75.0016,7.39281
83.4239,2.24816
137.191,-2.40496
66.2587,6.02953
53.6315,0.972056
81.1546,-2.69373
41.3977,-1.94739
55.4084,1.68995
50.0378,12.5931
60.7951,-3.15276
79.3116,5.30598
95.9115,-4.3227
78.0271,0.536804
33.6421,8.35766
40.6734,6.21748
52.0485,-6.75826
76.1014,2.97853
58.5212,4.45032
71.9407,-8.1016
83.6351,0.133489
93.8683,-1.45198
67.7394,-1.67118
65.9825,-3.35159
53.6359,-1.25267
67.2674,-2.14178
83.2809,13.0862
70.3075,2.64535
70.3296,-2.09059
68.0046,2.74151
53.8919,-4.76209
113.409,-2.65221
61.2021,9.07133
82.7223,-0.883581
72.8481,0.484798
62.8365,-1.38232
74.6141,-4.96356
40.3073,-3.64706
64.5752,2.44259
90.6364,1.92642
104.776,-6.67155
58.1652,-1.73881
124.415,1.18474
92.6759,-2.93486
74.2647,5.3323
77.1581,-1.58629
100.679,-9.90782
82.5127,-18.0788
45.2362,-0.606677
97.7306,2.1719
90.6647,-3.53959
39.0268,-10.2938
81.6037,-0.309618
93.477,-6.03894
67.1836,6.20203
69.4888,-8.2562
55.013,-6.47328
122.468,-5.82202
43.0603,4.98065
41.2739,19.6402
80.5872,-5.12622
82.2942,3.98451
70.5518,-2.65256
62.9453,-6.73486
45.2314,3.54382
75.1042,4.36694
88.7223,6.51398
90.475,-1.95136
72.8749,-6.37453
71.7059,-3.89966
71.6556,-2.32999
65.9387,1.40722
45.1267,8.19124
126.261,9.22329
54.3008,-2.52813
51.5235,8.57026
85.1171,-4.85299
79.6245,3.49993
56.2088,1.75685
97.647,-7.97705
50.4882,3.49708
51.2397,6.77996
105.086,-3.98356
124.553,-1.82159
63.902,-6.11792
66.136,3.12842
38.7338,0.192745
46.773,-0.555837
59.7581,-7.03024
127.473,1.61486
91.4508,9.4166
57.0928,-7.33865
60.204,1.26212
74.6814,-3.31085
71.2572,4.46473
65.4494,-11.9696
59.4949,0.529812
60.9094,-16.2582
73.3043,-11.4788
50.4416,-5.09364
73.2642,-1.54675
61.6642,-3.8114
50.918,-2.90279
82.727,-1.49617
70.6326,1.30282
55.0754,2.60936
44.8065,1.60778
122.549,2.36672
48.7137,15.2895
58.9594,1.10425
93.0135,-3.20662
72.3944,-8.62084
73.4679,-0.362876
53.4797,-11.158
34.7587,-16.9153
39.6845,-2.87543
61.4998,3.84714
134.519,-11.9361
51.5741,-17.3671
42.1393,-10.7137
40.4392,-2.14739
62.1578,-8.99304
64.5744,-3.37917
66.9034,-6.69909
56.917,-7.02256
59.4291,6.01192
58.1862,1.94968
49.1514,-4.17415
45.3756,2.65804
65.2314,-8.08046
102.275,-0.767399
70.5364,-5.585
66.3244,-1.56872
73.2616,-3.71991
52.0433,1.31025
71.4929,-0.626012
66.6501,3.67183
82.0647,5.96755
65.3622,9.17681
101.438,-8.45943
64.284,3.68624
62.0473,-1.30075
69.0087,-0.0350878
58.737,4.60029
88.942,4.56452
72.9602,2.93844
99.9932,-10.3954
93.9383,-6.78609
82.0965,1.86116
60.3521,8.81238
122.663,6.64717
43.8578,-17.3241
57.5771,10.4212
71.0976,1.36778
57.6995,-2.2817
58.9736,-5.57015
51.9077,1.11288
54.7267,6.35667
41.4838,-5.86807
46.9291,-8.32706
99.1792,-6.92934
50.2179,21.2242
58.7936,-0.573661
42.2733,-0.0634428
63.6324,-5.01492
52.5391,-1.56803
40.8092,-8.9532
77.0084,-0.521094
79.2489,2.91751
83.1174,-5.48107
102.369,-21.6887
61.144,-5.68866
83.3938,1.56091
67.0593,-10.7044
77.9218,-4.68001
55.5827,13.7118
68.0173,9.80058
55.368,4.62451
92.6742,-11.0214
67.5766,-7.37197
84.3506,0.431195
71.323,-3.31085
76.9843,-1.08267
72.4654,-15.2636
88.989,-3.1421
61.5484,-2.12667
82.5475,-1.59768
64.1413,0.905333
26.3065,0.971107
51.1453,-13.4412
90.2438,6.96719
86.9718,11.7025
75.9914,-3.04966
165.136,15.1684
95.82,1.54162
56.079,0.427138
98.4143,7.33015
58.6032,-3.29044
51.4346,0.908613
66.1841,-2.9513
67.5615,-10.1085
75.1167,-1.85283
64.9773,-5.60973
83.3539,11.5128
60.6692,4.08131
65.7337,4.14316
39.6266,-7.78374
117.22,5.86777
45.4509,0.249412
70.2354,-4.98885
80.7076,0.81496
114.796,7.06041
119.226,15.2333
86.8473,10.7987
59.3562,0.273149
65.3231,5.31176
82.8052,-4.28968
82.9326,4.60478
40.9932,9.82522
131.486,7.97455
57.6224,-1.60653
58.0353,-1.49483
56.6073,-12.1184
51.1164,-1.38668
70.1487,4.95665
50.5281,12.8501
61.4597,8.04567
53.8523,7.75724
56.289,7.38405
108.296,1.19877
69.9519,-4.35045
50.0143,2.60638
89.1468,-6.87668
61.8234,5.03555
56.3274,-1.60036
46.8358,-0.800631
86.9611,1.41745
89.8068,-24.4173
109.573,6.35468
51.6599,-6.2259
115.068,-5.555
134.744,-9.80731
70.8355,-5.17434
65.5854,-0.979307
55.3043,4.99916
91.3808,1.96871
90.2881,-0.187696
48.8503,-11.6829
45.8429,-4.1186
99.1471,-7.22639
26.4589,1.91632
73.1595,4.86511
66.8248,-11.948
56.0719,1.67757
67.4739,-4.60625
43.4326,-14.4944
40.8924,-8.79313
94.5839,6.12055
60.9293,-2.01377
91.3773,-0.954016
34.5787,12.8282
60.3406,-8.36047
71.8838,-29.9466
75.7975,-9.02342
74.3156,10.4374
45.8678,-2.0284
48.9576,-7.58085
45.9103,-2.25541
67.9402,12.7316
58.8083,9.45319
47.6784,-1.81615
48.5582,-1.12587
64.0282,0.457997
66.4472,-3.01409
74.0584,-4.38619
102.582,-8.11304
68.2956,-17.6637
45.5648,6.46905
63.9357,3.61991
82.7437,7.04258
95.3301,-8.5631
52.2042,-7.48647
62.9705,-5.72914
72.8955,9.66333
52.8421,9.29053
96.5089,-2.76792
49.1743,2.76796
71.4752,-3.00581
71.8157,16.313
73.6331,6.11502
88.4917,2.43344
36.7651,-13.208
78.0537,11.2879
82.4872,7.11802
74.0649,4.97392
65.0124,5.1557
50.2289,-5.96483
68.4799,-3.05691
118.802,5.44719
66.105,0.850004
44.5859,10.2883
50.2267,-9.46912
91.754,1.20787
51.0571,1.66544
45.5929,-3.65569
64.5455,-7.7055
57.334,-5.78128
46.57,2.7605
38.7762,-3.62483
44.1395,-3.78395
55.5618,4.67081
62.3196,-1.77497
71.086,0.959065
63.8205,-9.15419
72.7084,-8.82399
59.9547,2.55515
42.2572,-1.92853
59.8686,6.10221
96.6202,-6.65204
44.3228,-5.68646
100.284,2.44501
95.5926,-5.11237
28.8554,0.694116
64.6753,-5.11871
103.462,-6.97383
64.4805,-7.47261
93.2821,-6.23293
57.7748,4.03483
52.8635,-9.52281
55.9575,4.33271
52.9569,10.4193
86.2003,4.88855
54.0162,-10.4037
105.67,6.47686
91.8276,0.5179
37.3604,9.49337
61.016,9.96717
88.7597,-5.7673
101.22,-7.52445
60.909,3.53704
39.7616,5.44167
77.1204,-3.82154
69.5526,-10.8139
55.5244,4.58174
51.1115,-6.33638
63.2806,-3.51219
76.3153,16.6839
101.579,4.09759
108.612,5.7919
54.0439,-4.78639
60.5014,1.99633
69.1872,-1.04448
51.3446,-8.1448
59.7365,2.83814
73.0572,-6.2473
59.2755,-8.24441
77.3298,-5.11358
78.8179,1.2667
73.1618,2.37103
63.0098,12.2853
66.1064,6.71398
74.6338,4.03129
67.9115,-0.304008
53.5745,-2.9847
43.1809,3.9742
35.66,-5.58741
53.8517,6.50746
49.3188,-7.7342
64.6432,2.96481
53.6303,-5.53787
148.361,-5.74636
69.6815,-1.22233
91.72,3.34042
44.1656,-3.79125
79.061,-0.391317
60.951,6.31955
70.7389,-5.86941
98.1471,0.937227
47.1079,1.49078
53.178,4.39253
72.7111,-1.72051
56.4587,-3.04038
99.7436,0.536459
53.0954,-0.596535
64.9831,-0.72355
126.108,-6.55878
61.1137,0.0479921
90.9112,-11.2572
57.8292,-1.60821
57.7728,-4.38083
87.8136,0.204873
49.8016,-3.1607
88.7816,6.20173
61.7384,-9.6831
65.7888,-4.65325
81.9003,-4.65951
58.1508,-5.40925
73.2017,2.3974
96.1314,1.88909
62.4304,-6.15965
77.9611,5.80614
73.8662,6.72718
70.9587,-4.25662
42.6891,3.24693
43.1735,0.988715
98.9128,4.67686
57.6049,-3.40312
57.6666,3.17249
82.5074,-2.44527
71.3961,5.04232
83.0913,0.236767
63.0068,-11.9543
50.8905,-3.92016
106.043,13.077
54.46,3.70756
94.9622,-6.32564
81.6512,-0.474354
65.8088,3.02683
71.1951,7.04608
55.4534,0.642844
68.0044,-0.979868
71.8853,-10.1928
56.7055,6.40082
79.4356,3.27714
78.8033,-7.48276
62.1447,10.1177
25.9511,-1.02695
27.7316,10.3914
64.2243,11.4663
38.512,-5.88607
85.4486,7.63895
49.1764,-0.771974
53.9958,3.59565
78.2333,-2.19456
69.1859,-9.39372
51.8714,-3.65871
77.93,4.18049
44.3465,5.17758
93.9234,-0.924841
46.7537,-8.25391
70.2168,-1.36661
72.168,-7.55332
68.7608,1.73419
126.787,3.70951
86.7663,-11.7212
77.4731,-8.29569
64.9958,-2.88466
69.4194,6.74
110.355,2.956
62.0928,10.4384
73.1903,1.18854
41.0953,16.6562
72.8363,10.3016
84.7486,4.36297
48.1985,0.322479
77.561,4.12922
64.0923,-9.16041
47.2548,0.832611
49.8659,12.1177
73.4423,-6.01261
73.1607,1.84593
119.914,2.26154
120.634,17.7962
68.5366,11.1693
72.5641,-4.10484
70.3314,2.09348
69.5508,7.62358
101.65,4.62796
69.1691,-9.06973
78.6291,-5.44469
36.3563,1.82331
59.0067,3.78879
50.0687,9.58599
49.0546,-7.97619
49.4371,0.589932
68.6933,2.67155
86.4646,12.7084
81.4468,-2.23051
40.9673,-7.06848
74.7884,4.58234
58.4607,3.4077
69.7842,-0.631882
50.9482,-1.72038
56.9955,4.30669
64.1663,-0.652468
73.7054,-2.25071
40.916,-16.1625
67.9039,4.09724
79.4448,4.92493
95.3981,-5.9177
77.8338,-5.49769
54.9921,-6.68752
69.0301,4.64548
51.1964,7.42272
46.9209,-11.4795
54.9142,11.3259
78.4573,6.30376
103.181,-1.59902
68.084,-0.515397
46.7844,9.38077
47.6447,-3.03088
100.27,-13.213
72.9634,4.54104
66.3831,4.30725
61.2322,0.199651
48.0354,-30.7266
74.5628,6.83141
61.4932,3.89599
54.7196,-2.42494
102.905,-12.7388
39.5343,-4.09064
50.5184,6.90948
58.1951,-0.757559
69.6255,19.9654
42.2249,-6.84185
57.996,-15.7919
50.8642,5.41409
54.3001,-2.46762
72.2333,3.36981
82.0688,-9.15208
78.8559,-7.555
62.8721,-3.1248
71.0528,0.424204
80.5873,13.1217
34.1661,-4.52416
139.224,16.1153
147.173,3.59022
65.8624,2.90667
37.7406,10.8526
53.7006,-4.30021
57.1275,2.15464
77.1445,1.2673
116.115,-6.44471
65.8982,2.99036
59.0091,4.06535
62.1013,0.961094
49.001,-0.331974
68.3219,-4.96731
74.3055,-11.714
40.6594,10.3729
86.5024,7.76583
38.9386,-16.434
49.885,9.27404
50.9439,-2.39973
51.6809,12.8764
52.7311,1.25155
38.6954,-2.8308
51.927,3.79759
58.8549,-2.70171
68.0969,0.473188
39.784,3.83695
76.3,-6.55908
66.9029,1.37874
51.6462,-2.56024
83.2679,-0.37319
55.008,9.8168
169.704,12.118
93.931,-0.997692
72.0285,-0.643966
56.813,6.36625
62.0779,7.97204
41.1481,-10.1375
46.4625,-13.3844
49.6676,-1.1222
101.171,5.81477
63.0051,7.925
81.072,3.80342
49.288,-1.99003
121.89,-7.72384
52.3276,2.66045
75.4159,-10.6078
87.7221,3.31884
68.3334,0.589025
83.2583,-19.4717
80.2982,-2.71803
78.2795,-2.89908
36.3872,-11.2852
80.6519,-1.5285
56.7775,1.7698
51.0998,-7.94123
62.413,-4.52075
52.4407,-8.15486
72.0045,6.3129
62.2418,-18.5486
43.9458,-2.48774
60.8749,-1.1708
82.6028,-8.3041
53.4272,-9.21518
49.0573,7.03296
61.9337,5.41292
54.2879,4.24087
40.2576,-5.54136
51.8877,9.57041
82.2246,3.83406
59.5947,-5.45246
51.7847,1.37861
57.196,-9.64594
39.5944,9.87377
87.6584,6.54203
38.7999,1.65676
90.0653,3.40153
124.052,2.22827
97.2992,-1.39712
117.698,4.49235
59.3326,10.2074
88.3798,-7.52091
55.3508,-0.901061
97.0154,2.3381
53.8255,5.59639
50.1119,-8.64833
113.571,-1.85227
77.99,-0.0659892
54.9868,-0.350403
61.2398,3.03213
108.615,0.385232
74.3605,34.6166
69.7718,-0.733649
52.5498,-7.19882
55.8765,-2.61691
65.8326,-10.2452
48.2361,5.04206
118.873,-16.814
71.8918,-1.15177
92.1194,-14.3086
78.6721,-6.51092
58.4113,-2
38.2081,-6.64263
69.6063,8.09806
71.7124,-8.11425
30.9665,-4.25874
64.6808,3.01819
36.7474,-12.2673
50.5872,9.02912
133.413,-16.3496
71.6864,1.22026
68.1567,7.11664
76.0338,3.40692
70.6772,-15.3196
56.7221,-2.02831
67.8762,-0.78039
77.8958,1.64183
139.564,14.1719
81.0193,-3.09342
76.3727,4.95458
60.3309,-6.78506
45.6039,-3.55785
55.1057,-4.49391
37.0911,-19.1435
100.727,2.99226
104.22,-0.272416
57.8498,-3.17874
48.4344,-0.919014
58.4104,-7.70821
110.085,-24.1329
101.94,-1.26061
31.5904,-12.5428
46.9879,6.07717
73.3782,2.92545
49.8633,4.30039
68.7169,-2.41985
59.4695,2.13258
49.9838,-0.604994
95.8566,-4.71307
107.704,8.4085
66.6537,-3.44477
66.3363,11.1286
51.8701,1.50929
111.763,-7.04017
93.2005,-2.72951
158.48,4.20885
72.0634,-8.27057
56.9648,-4.64488
64.5955,-4.40151
143.506,-9.55367
74.8503,-2.62239
59.0975,-2.68026
69.9082,13.0331
151.058,-0.0246866
59.1081,8.03898
97.0619,-4.89528
46.1471,-1.58974
49.3709,12.8181
66.0758,8.88799
90.0359,-8.03933
54.9424,-2.10449
54.719,11.1012
30.7803,4.75666
45.103,-2.24639
99.6399,2.23267
41.9639,6.39236
126.777,-7.14638
52.9969,7.63174
115.313,-0.70456
54.1815,-12.1379
100.171,18.42
42.4089,-8.55399
48.24,-7.34901
61.7398,-13.9678
87.3421,-4.49797
166.565,5.5698
70.882,-3.70195
73.5759,28.7323
45.9957,-5.04245
63.4009,4.5788
55.9733,1.83095
92.9967,9.21013
83.6699,4.01278
56.1798,18.6682
68.3848,-5.5358
87.3824,-1.58952
69.7769,2.64332
78.1989,-5.3352
63.7181,-11.0488
125.331,-11.3283
59.8086,-2.95851
120.942,0.92415
48.6892,-0.296886
77.1781,9.40339
72.1332,1.12518
77.5572,-18.058
45.5127,-6.95596
47.7913,-3.23688
67.7101,-9.11488
60.8998,-0.731534
60.7388,1.40079
35.2989,-10.8819
49.3172,5.22113
80.4154,5.2746
69.5234,-1.58007
69.3187,20.2126
79.5391,1.5679
65.2707,0.429426
30.2795,4.00151
43.3383,-8.70768
60.1095,10.7866
63.8083,-1.38107
95.1792,9.16783
63.3114,7.37197
42.2235,3.08453
81.0462,-9.53817
71.286,-7.02411
72.9374,7.46916
54.1411,-12.1854
99.4563,6.08378
91.3113,-2.97284
66.3215,-3.03075
113.038,-10.8259
66.7895,-9.79225
89.4958,13.5444
47.9282,-4.93041
80.2895,3.36372
80.0007,8.2139
55.3721,6.73085
63.3179,1.13071
109.748,-4.85998
90.3719,-9.79203
84.1205,0.166893
76.3087,5.57451
61.256,9.99289
50.1111,-1.40204
57.538,0.193134
80.1418,1.61939
61.5641,-0.0973653
45.6839,-2.23768
65.8901,3.20235
47.1081,-1.00667
61.8576,2.08887
143.429,-4.75951
67.0532,-7.67477
39.212,7.39424
38.8189,5.91322
133.496,-7.3863
58.7062,-0.562872
73.4268,-0.280573
49.5215,-14.2109
69.3514,-7.11871
56.4835,4.92036
93.5693,7.28569
53.4901,-0.636111
70.6465,1.68331
69.1691,-3.33701
83.7901,2.33962
78.0798,2.86239
66.2424,-8.96214
39.8294,-4.15762
42.2369,17.6865
98.5285,6.67833
85.7074,4.44225
38.749,1.58106
124.788,-4.54803
55.4694,2.66991
56.1398,10.4297
97.8216,-5.6698
59.3573,-0.157787
81.9059,-2.92761
76.1476,9.02006
79.8658,1.56596
67.8579,2.72161
87.9652,-9.39113
45.6968,-22.4244
79.2286,-1.87074
72.2844,-15.4961
56.2667,3.69289
52.2271,-17.5265
66.8072,-3.90501
45.488,18.0449
80.7315,4.73266
55.1346,4.19443
42.2311,6.17186
63.4082,2.52429
52.6776,1.46531
72.0595,-5.82284
92.5652,-2.20975
41.8788,-8.55688
83.9096,-12.8693
35.1786,2.46624
64.974,10.5885
44.4748,-8.13501
101.102,10.6082
78.2405,-2.13755
48.0346,6.94854
69.1217,7.94718
79.7336,-11.4618
64.5361,-1.97557
87.0841,-2.04385
45.0949,2.67772
99.6972,7.40386
60.8313,-0.933861
56.4362,0.579962
97.227,4.265
62.7646,-6.74436
106.752,8.15093
46.2265,7.81788
52.7661,-0.510736
48.8691,4.8368
110.564,3.5824
57.1153,5.03304
72.6544,3.54041
53.4899,2.35705
29.4816,-7.53161
70.8173,-4.27967
113.12,8.76944
48.5116,4.67673
81.9583,9.19472
99.7919,2.9254
60.8364,-5.87649
86.6374,-6.21252
71.5934,-1.89293
47.0698,2.24449
83.3862,4.73892
55.6273,-1.11452
73.3277,6.0672
118.534,-3.16869
69.9626,-3.43243
41.0083,4.13768
30.3766,5.77166
59.0456,-1.16027
59.364,1.96241
67.4931,-19.3197
34.6541,11.7011
51.5607,-17.1298
91.7467,13.7528
46.0875,-13.1546
36.1528,-10.0342
88.7965,-6.92092
53.5974,14.9205
46.0465,8.67272
41.7607,9.1895
69.3599,4.50677
66.2257,2.1839
45.4056,2.93805
56.8564,0.382685
54.5664,4.32952
61.764,5.53428
99.4776,-3.28444
90.0509,2.97344
48.4879,-9.04513
79.0428,6.14485
62.8797,6.64902
69.8524,0.688031
52.061,-0.807191
90.9281,-24.8562
68.371,0.819966
52.9562,-2.52153
87.559,-6.8072
59.7478,1.61952
59.9301,-4.84431
87.034,3.39915
81.1384,-7.03818
81.5051,3.30964
58.6621,-5.44883
48.1191,13.6364
48.8798,-11.2658
40.2298,-0.907016
64.709,-2.4485
75.356,-14.5767
76.8707,-11.8125
65.1472,-6.59456
55.4537,1.37131
71.3578,-6.26521
44.9583,0.662049
49.8101,-26.4178
57.9154,-0.780649
81.8598,-5.40351
46.5628,-8.81337
71.6289,2.45679
96.9704,1.26204
70.2673,-1.14594
65.5929,4.71432
54.3165,1.34197
52.4138,-10.6741
40.4666,30.7355
97.9951,-9.96838
90.4314,-7.93156
76.2122,2.43629
101.089,11.8644
81.4267,-4.15399
50.3235,-3.64744
51.758,-9.56472
62.8739,-7.83225
97.7497,22.4359
71.0683,0.936105
52.1541,2.0328
73.2564,-16.5329
80.2099,5.58689
57.1685,8.54786
71.2832,2.89666
61.7106,11.2508
110.513,-2.16724
85.2461,-1.77355
78.1524,17.0139
95.208,-4.36301
95.0412,-5.85275
54.5709,-2.87659
36.4132,-7.60425
79.9582,-7.46238
45.6291,21.1133
68.7504,1.10084
48.7718,-0.725147
85.725,-7.21159
66.7772,6.60478
75.3127,3.23498
42.4987,-7.30576
61.6454,27.5148
62.9256,0.0620186
44.7413,-13.1017
46.176,3.07184
67.4717,-2.49926
72.3478,-4.76175
64.3347,5.40779
105.877,-11.9339
70.7339,9.09032
84.6448,10.3055
42.6158,6.26897
77.2656,0.938651
98.667,-0.751042
43.3979,-10.7258
44.4067,-8.23112
57.5049,6.11623
81.6259,6.53133
88.4002,1.38279
62.9048,-8.00756
66.0782,7.35868
89.3784,-6.85018
70.1111,-2.0801
72.1267,-3.67403
82.59,-2.92489
61.4128,-6.26047
71.5116,-7.88974
52.9253,-0.072204
60.7587,1.35254
88.7665,-12.2909
52.9682,-4.19137
43.6766,1.88637
120.634,-19.6724
86.3635,-0.744957
62.8112,-4.82601
93.5036,-26.3257
50.6692,-7.06774
37.4385,-2.25105
61.7147,-2.59762
50.0753,0.173324
42.1686,7.99384
84.5984,-9.24224
57.0115,-3.78352
128.298,-4.58584
109.547,-4.13121
58.2545,-9.10249
134.532,17.6059
50.2719,-7.01198
39.9894,4.69697
30.8006,2.86313
57.8799,16.685
58.4106,-0.898687
58.0162,-0.42334
70.0799,3.24219
51.7455,-16.8002
134.369,-1.32091
94.6651,-6.63845
63.4522,1.09937
70.0357,5.25458
34.1858,7.65163
50.2181,-14.6227
63.5306,-2.44682
69.598,1.23614
48.1118,10.1734
98.9487,-0.92592
83.4463,6.07648
55.7423,-7.46653
70.1282,-1.2399
74.6578,-4.9144
36.8929,13.2432
97.6037,2.85311
52.1599,-0.957641
59.3288,-0.739519
78.2704,2.05891
44.667,35.4796
52.2733,1.89081
64.2606,3.16752
82.4622,2.17445
73.0423,11.5767
85.5086,4.24532
64.0652,-5.90458
85.2645,2.70042
76.4217,-0.980645
51.4146,-5.31862
41.0264,-3.79362
135.559,-0.127965
62.1958,37.7687
56.5894,6.36772
68.9107,-3.41978
48.3613,-2.92268
67.5672,9.19657
62.5557,-4.60824
77.4465,4.16025
67.0329,5.15708
94.599,-1.09372
88.1485,-2.02158
78.635,1.04944
90.8245,-1.67398
94.1989,-1.478
71.5064,12.5239
63.4904,4.85074
64.449,8.91052
88.641,-6.01951
92.3829,6.17657
130.33,0.968733
79.7742,-4.50815
64.0611,-11.6739
115.87,-10.3817
71.3501,-7.73817
40.6774,-0.851083
66.7914,-4.39732
69.5091,-4.23772
53.7897,-11.6404
100.289,5.27499
110.461,6.10467
88.5861,-3.53286
52.0622,5.2964
62.8612,14.6776
27.8435,-9.21021
96.2818,-6.27212
52.5109,9.95672
69.5975,0.243327
32.4125,-11.4649
60.3699,-0.510952
71.9203,4.32805
41.9691,1.99465
84.7071,1.13006
111.944,-0.922035
72.7074,5.00525
49.619,0.105306
66.3777,7.08807
66.3239,17.7222
47.7774,20.4686
61.5102,-6.87478
79.4739,7.81879
38.731,-14.2679
38.4451,1.79733
42.5649,9.92621
53.9296,9.7124
79.5594,1.74532
43.8148,1.19747
56.4781,-1.61727
65.8115,-1.64364
59.3118,-10.9992
79.7017,-2.89001
52.0546,-9.91987
61.4029,2.5542
61.0691,-0.941629
61.4953,8.20726
112.9,1.10015
62.8537,6.75139
102.738,1.55249
84.8661,2.20582
81.8854,5.69302
63.3696,-4.23971
67.3546,12.1604
67.2991,2.16215
58.8006,18.1438
51.9302,-11.6913
46.5304,-9.42406
92.8621,-5.26351
58.9202,-2.55782
71.3985,-0.0343972
87.5787,-5.91965
81.7816,-3.12505
88.6922,-4.13259
69.5842,0.0469132
57.3467,-11.4061
167.104,0.514318
48.0087,-3.76846
86.6982,-3.43096
49.6143,5.21198
121.939,-14.715
90.8014,4.86032
112.952,14.5088
142.843,2.33314
40.6833,-8.17057
123.513,11.0926
57.3386,18.8698
75.6023,-29.866
51.5345,-7.48301
76.0507,5.66739
51.7704,0.0106601
52.1808,-5.07327
48.0704,6.0076
32.6326,8.27618
70.0875,-2.2943
95.5581,-14.8694
66.2696,-1.36963
85.6534,-10.9718
100.695,-1.70053
91.7103,1.13973
94.2267,-0.0310309
61.7146,10.6229
80.1276,1.18841
55.2113,-2.42982
65.129,9.65474
62.2545,1.132
63.3731,11.3122
63.2162,1.17348
42.5094,-9.00184
89.6076,-17.1722
80.5666,18.0929
52.1345,3.11237
63.1947,-2.22887
84.0835,9.82185
75.6759,-8.74026
104.549,6.54669
68.3705,-6.67172
38.4455,0.202672
80.1177,-6.77466
91.102,1.9527
65.5451,13.9449
46.8617,-0.9415
71.812,-7.05333
43.3152,6.30142
111.277,-5.75336
55.8649,-11.6279
61.9089,3.50468
41.7464,3.29626
43.9692,0.796272
75.8573,0.680133
73.4494,4.47345
56.359,-6.28874
96.1008,0.307374
84.4101,-0.610216
72.1077,7.12105
39.6883,-2.41273
56.7463,7.69402
71.0312,2.60595
68.4486,3.2629
96.9791,-5.58081
64.437,9.69963
93.4685,2.32852
70.3106,7.14815
50.3723,-13.483
52.7252,-0.681384
67.8114,-8.49383
63.5973,3.76626
113.529,-11.8646
82.3462,-0.479792
103.226,17.3192
139.837,-10.7531
72.7206,7.71175
73.9058,-15.1854
59.9874,-5.12842
105.723,12
78.5895,-2.95613
88.1529,-5.42402
77.4174,4.26854
38.4279,-1.60709
38.6575,-6.21675
38.8716,-10.9014
76.3483,0.395158
49.212,-6.12896
91.6644,-15.9908
67.8768,-10.4931
129.144,-4.28606
51.0185,-0.922122
81.9327,3.87718
111.156,4.92023
75.2137,-2.43828
103.362,6.35106
54.2122,4.88389
84.0184,-23.8034
53.6568,-0.757602
82.1493,-6.02629
55.6248,2.72075
59.5902,7.93657
56.8698,-10.0199
77.0921,19.879
83.7097,3.13658
38.8551,-25.0567
99.0991,-4.37419
84.2812,9.55177
44.6706,-14.3795
113.636,1.67662
79.2177,10.8309
82.2598,-1.69233
67.3107,7.85185
75.8518,-12.3549
66.9732,3.30002
63.9245,-6.68376
38.9921,2.96835
52.0542,6.01576
51.7117,-4.65955
74.9508,9.50982
40.3825,-1.45979
65.5623,5.73178
81.2005,-2.62178
74.7191,-1.51447
63.3082,3.77131
78.3705,-6.04446
75.0178,-2.98337
63.1777,-3.26657
68.3105,-0.326623
80.7581,-1.1437
56.3511,5.27162
45.9457,-0.656698
79.7855,-4.53094
72.1583,-6.34704
106.22,1.63618
97.4454,-4.64276
53.3349,1.44675
82.9638,-0.549665
118.611,9.72337
95.4406,-4.59736
96.0125,-9.18371
67.2082,-4.52878
70.9743,-14.5725
54.5405,10.4572
62.3097,-10.9598
127.313,-6.8545
42.3335,0.25252
62.2353,21.552
107.522,-12.4181
114.961,5.30822
47.8988,0.272114
76.8219,9.47836
123.715,-10.3347
49.6897,-1.34909
109.599,-5.25824
87.4035,-1.74688
92.7304,2.78648
77.7719,-13.0957
51.1925,-9.90316
67.4373,4.04506
71.1717,-4.72433
103.203,10.4689
57.9926,2.92959
97.5058,-0.10125
50.9643,-3.16463
69.0013,-6.13341
97.2553,3.6635
59.0561,-2.66421
86.2045,-3.08992
42.4894,-4.5984
120.082,-5.67481
108.524,7.31396
56.7708,16.3447
84.1658,12.1789
53.5314,2.8936
65.4396,2.86395
46.6197,6.41933
69.371,-8.90901
60.884,-0.852766
65.7851,-8.92144
77.4454,-5.17715
87.9526,10.8816
68.1177,-0.199564
79.8699,-3.57502
64.9435,-1.94239
53.5558,13.9053
75.0263,-10.9322
58.6157,-9.95439
88.0503,2.46033
71.7805,4.51536
48.3622,14.2124
60.2035,-7.7938
60.9682,1.25306
96.0426,15.1269
66.2094,2.87858
118.653,-10.0421
56.0821,-16.9612
61.3465,0.156665
85.2321,8.18563
78.1795,-19.8973
86.8364,11.9548
49.3087,3.5878
47.4923,-7.42687
89.8119,0.0824325
34.746,7.89651
66.9942,-11.8101
83.6025,2.65217
89.137,13.5587
62.8026,13.1193
69.2032,16.4562
63.4846,-10.2556
75.9338,0.53853
50.5501,-0.370385
72.7276,18.7471
81.5918,-15.2207
70.8546,-3.74809
86.549,-7.98128
61.2778,12.506
71.9318,3.74015
67.5274,-2.44613
39.555,-4.52347
74.432,1.04577
45.6911,3.49225
89.3208,-5.61072
59.63,0.45394
129.475,-9.63295
64.6123,-1.63208
77.8681,-3.831
95.6818,0.511858
62.7605,-3.25833
113.882,5.36782
105.102,-3.62414
45.2366,0.473016
77.1021,-6.14441
86.0211,7.36234
125.076,-3.43454
66.1792,3.33985
55.9216,-5.74313
97.4146,7.20684
56.2411,5.06023
48.2696,-5.01492
38.4465,10.4865
84.2802,-3.08194
65.9414,0.316308
96.1911,-1.31728
83.2828,0.323213
92.4436,-4.1994
79.8032,0.0592564
74.687,3.42345
57.4167,-2.69287
52.3831,9.32791
42.0452,-1.24201
110.921,-11.4332
96.5962,15.5943
63.8185,1.3575
128.179,0.614446
62.5408,-7.25453
59.3751,-11.457
67.9678,2.10626
74.4321,-0.48674
75.2419,-3.23455
62.171,-6.21627
78.1001,-12.1423
79.0894,-2.41488
76.4976,-5.29592
39.4033,1.16467
73.9057,-0.99001
113.787,4.57492
65.6629,1.65914
59.778,2.76939
30.3694,15.4415
52.7862,6.00907
81.8724,4.83633
74.1646,13.912
54.7762,6.02922
59.6542,1.9489
86.2127,-17.1861
59.2574,-0.296023
79.9121,10.9461
65.1766,-6.858
76.1044,-4.99739
69.9081,-3.5496
150.724,3.04871
55.2316,-4.27958
47.2852,8.26397
78.4095,-2.68795
36.0353,-1.63756
62.6756,0.574611
63.0932,-4.48536
63.4971,-16.9383
118.941,-3.63117
50.3927,8.3511
59.4557,3.82163
76.8252,-9.92392
83.9191,17.4528
56.5828,-14.9764
52.0173,3.8988
62.1005,-3.80976
126.815,-7.14901
70.5552,0.940162
99.3169,4.13375
63.227,9.14379
60.2684,0
79.6861,-17.1587
83.6849,8.25546
67.3356,-15.0009
64.3915,-3.56324
58.1923,-0.35187
62.6056,1.9082
66.55,2.44052
95.7026,10.427
61.0129,-7.27823
67.9706,-0.121189
74.5016,6.41493
46.1335,2.95799
56.0563,-10.8331
64.3485,-2.78143
52.5602,10.5437
45.4645,4.81561
54.0059,4.11153
102.433,1.65789
127.077,22.0326
77.4112,12.8091
71.1923,-10.2303
121.138,1.64839
62.2306,-7.88784
89.0016,-10.5141
78.8278,1.62655
118.892,-5.9843
49.8226,9.87714
51.9683,-3.9303
83.3609,-5.12393
80.7971,-2.25455
41.1861,-9.93178
41.804,7.2273
103.579,7.61305
59.2106,-4.30315
52.4355,4.40858
35.6153,10.9424
62.9803,0.639046
92.2531,-13.4376
63.7724,8.09724
106.932,-4.68605
42.5067,-3.84524
70.4343,-7.80808
78.8742,1.47546
59.9521,-1.02497
60.3308,13.1344
79.0837,5.31254
48.7577,-3.6518
112.851,-2.97504
39.3313,10.2279
41.5018,-21.4082
69.1331,3.443
53.227,-2.41212
64.4826,8.28019
131.672,1.66272
53.5931,-2.71721
70.31,-1.7871
59.5812,-5.83208
52.3696,3.53597
63.8357,-10.5834
67.3567,-23.4581
68.3598,0.817204
80.4755,0.857427
90.266,-5.00231
49.5553,4.94513
61.7614,-3.64015
69.7423,-7.13028
129.373,2.62947
142.769,-13.1632
67.4143,3.64472
51.3194,3.0333
47.9415,-3.07952
58.8593,4.15093
80.0352,-11.1303
65.5051,16.0565
60.4893,-2.97659
65.4238,-0.826181
70.782,-3.50895
74.6255,6.00855
76.602,14.3092
80.655,6.40975
104.559,-4.29042
50.3899,-4.96278
55.9731,0.255713
64.9303,0.656482
111.17,0.650267
63.9383,-12.4669
57.2615,-7.79125
78.0714,5.10084
63.8005,5.24193
73.5826,-2.07721
51.1076,2.36365
99.1555,-6.15676
121.403,5.26519
45.7578,-1.12566
55.3206,-0.645218
76.3644,-22.173
48.2255,-11.2346
84.9767,8.8876
64.0947,17.5874
60.0701,2.50275
32.6597,9.41457
54.5662,-7.68016
84.7063,-0.568655
53.5873,-2.83374
72.9571,-5.59207
101.096,1.73682
80.2317,-7.37037
54.6947,1.11016
102.437,1.36575
104.603,25.1253
79.1281,7.42251
42.3459,-4.76844
78.657,0.684233
74.6513,5.368
66.1748,-4.22956
82.0053,2.05645
39.1253,-21.7476
49.1469,5.01643
124.071,4.97353
78.3822,-10.5035
108.732,-2.11217
74.0317,-0.619582
35.8825,-4.20302
59.18,16.2991
105.779,-3.36825
77.1871,-2.06478
83.6589,-17.4633
86.8261,12.2102
62.9881,-3.3254
65.4221,3.51055
47.1195,-4.90219
53.4829,-3.33377
71.214,-8.94047
72.56,-0.535811
104.077,2.73136
56.5621,-6.85968
62.4472,-2.49602
51.0578,1.33264
39.629,5.14258
42.3202,0.365034
30.877,8.26578
84.7284,-4.42322
65.5143,6.6804
72.6987,7.25039
80.3583,3.3746
69.1496,7.22553
55.6113,4.91729
103.643,-0.102372
72.4846,6.21062
50.066,5.83212
33.6828,-3.62845
75.379,-6.43358
84.7473,0.837747
45.5384,5.80709
62.2798,1.04625
78.7139,-1.60709
69.4038,4.19435
68.3213,-6.36034
82.7167,-20.7834
49.0452,-3.98714
69.8564,4.62248
85.1686,0.309618
53.2673,7.86958
48.8086,-0.170476
49.8835,-1.26847
46.8718,-1.89823
48.1231,-3.78805
76.617,-9.64918
53.7206,5.92802
117.614,-4.76412
68.3452,8.73107
71.7218,-22.4963
45.9184,5.73104
70.6086,-4.40936
46.7344,3.48297
42.467,-8.56387
45.4039,5.92474
66.0449,-4.34739
57.0295,9.15333
46.0188,1.4682
49.7868,0.940033
96.8509,4.5384
35.1694,-2.55899
45.0972,2.38769
68.8093,-1.60821
66.2803,6.76861
111.007,-3.50666
62.778,0.169353
59.9809,3.89163
49.0225,3.64783
118.627,10.8284
85.1011,-4.87288
85.6496,-2.37595
51.334,-9.87705
119.638,13.2065
66.8951,-1.61317
78.6912,-10.298
73.201,-3.94204
52.2469,-0.413198
45.1782,6.84971
149.35,-14.6172
76.2898,5.84395
46.828,3.89867
45.3317,2.64276
85.1224,-0.587299
66.5653,-5.44201
38.5451,-6.79464
65.695,-4.40535
58.9919,-1.77756
60.2111,-2.82394
64.2997,-11.6519
96.7195,-12.0051
81.0448,11.7149
64.9803,-0.330248
63.9709,6.45783
92.1699,-1.63126
45.4742,11.4163
83.147,-2.24173
59.7072,-5.5279
56.4799,7.22488
95.5259,-1.65059
60.2442,6.66982
56.4005,-0.962259
81.6889,5.78383
56.4205,6.61942
55.6877,-3.11526
40.3366,-0.754538
93.7125,-6.38524
56.6008,2.7595
79.3621,-8.77841
75.5913,1.22781
57.8365,-1.52176
70.0063,9.0141
71.5737,5.68551
88.9295,-0.158866
48.2468,-2.73628
56.1828,-1.49479
54.5248,-3.842
52.3551,5.95452
115.712,-8.74708
54.4787,-1.40455
96.189,-9.54844
84.6516,-8.11369
77.6069,2.31178
54.0194,14.8047
53.3292,2.62947
51.4464,-7.72168
57.3245,0.369867
46.4886,2.3328
57.5045,8.05819
114.329,-2.20103
71.382,0.738353
81.1326,2.28498
64.8165,-9.15695
44.6249,-6.6722
53.4395,4.04053
50.871,-15.8244
53.8271,2.70879
56.5508,2.2334
31.0666,-2.28515
75.2168,2.23034
84.8897,5.73622
83.5811,1.2339
187.839,2.44069
76.143,4.241
65.6342,3.55193
54.5998,15.0874
52.0732,1.78283
66.3732,-14.692
52.24,-6.54303
57.357,-13.6096
39.6537,5.77722
111.879,-9.81417
91.9806,-1.9833
66.7519,6.77919
44.2248,-8.1464
78.4348,-10.4245
78.1612,-12.1313
84.8803,-5.77036
69.5108,6.20151
56.6348,-5.36256
77.2098,-4.67176
134.961,0.431541
84.9313,-2.01265
68.9005,-3.03675
73.2611,-2.5457
88.7889,-1.93557
56.9989,16.6153
63.9454,4.88609
37.88,4.99843
38.2704,-9.48073
114.614,6.92938
56.687,-21.6361
49.3157,9.77559
90.3658,4.64535
88.4729,6.61247
88.8878,5.61106
84.6744,-11.0257
57.4329,-1.6089
60.9783,1.50273
82.3145,1.95598
50.3837,1.10589
31.1898,9.68349
64.9283,1.47766
44.5517,13.32
109.992,1.92275
88.7309,3.92685
78.6225,1.16446
107.456,5.81624
97.7235,-6.44946
52.3038,0.738612
55.369,-1.25107
37.9499,0.982673
74.619,9.56312
46.4974,-16.7833
75.5706,3.10766
95.9796,-6.90012
39.74,-9.25665
57.0741,-2.96287
64.9873,0.208282
89.192,-0.513024
53.2766,-5.54887
42.4913,-11.5186
73.7527,0.277163
64.6765,-4.30436
44.7177,-4.15201
71.7389,-3.19631
67.2463,-23.7018
80.2954,-2.54203
87.1305,-4.89589
83.7628,-13.2462
110.501,4.55079
115.61,-3.9805
44.3031,-2.68001
99.7964,-5.71801
35.0081,-8.53276
65.919,13.1088
41.563,-14.2591
51.1503,3.45737
64.1186,1.97191
51.5796,-10.6626
69.4808,3.4014
89.1981,-6.13936
50.3142,0.296671
66.6193,-16.2338
87.4006,3.59086
79.9703,17.6039
63.0935,-0.0830799
72.7461,0.16193
63.5796,-3.46937
48.3939,4.77034
94.0544,-4.90115
64.6078,-13.4186
83.0784,9.44724
66.7086,-1.05272
146.997,-2.23375
94.5418,3.32846
81.7611,2.49183
82.0651,-3.82841
70.6218,10.4819
86.0659,-1.33994
95.7001,-6.22404
101.047,11.2606
70.7762,5.85046
65.3094,-7.33852
70.8706,-1.03692
61.5635,3.21232
61.6354,3.29652
60.7979,-5.07775
70.3157,8.63564
49.4833,0.358689
57.7401,-2.8958
53.4527,-7.29955
70.3252,-3.98732
84.5446,-13.4906
56.7361,-5.61495
84.1657,10.9497
78.6364,-0.0700029
127.922,21.6632
67.0934,0.693339
65.9719,0.798732
96.4221,0.644959
48.2037,51.638
54.4685,4.98755
86.0974,-9.74741
68.6794,-2.88056
49.8292,-2.2883
40.5222,-5.7234
83.9558,-13.4516
76.0654,18.1219
107.2,9.5784
60.6951,-4.9576
39.8717,-23.8075
59.6607,-3.91455
69.4521,-2.17376
78.4641,-4.71177
55.119,-2.43422
102.976,2.28196
45.3503,15.5452
33.3385,8.69292
68.1935,1.36031
52.9569,-4.1978
88.0079,-21.7403
110.136,4.90974
42.3867,-5.24832
49.583,9.25937
56.2809,2.14419
73.868,2.53814
89.4173,6.24372
65.1174,0.572841
31.3415,1.44714
49.1043,-2.9191
66.4907,-8.11179
75.832,-4.69347
101.009,2.45571
51.953,3.40317
84.5269,-8.27743
36.098,-0.135776
68.5541,-5.23874
88.5049,-8.47259
133.305,3.32682
61.0878,0.394338
50.7069,-8.20613
46.6581,1.4244
48.1301,-1.93263
69.4044,-2.18476
65.8198,-0.533567
35.1265,-47.2959
45.5274,12.1618
57.8573,4.50573
43.0818,-0.60111
62.8795,7.21043
80.2443,5.25483
87.7613,7.91965
79.0943,3.34745
108.229,-0.270689
58.4557,4.06548
52.8343,-3.14297
68.6861,1.47338
53.9097,1.67243
35.7612,-10.2121
144.797,2.17518
60.6155,-11.3394
59.1935,-0.397661
48.1611,-3.66721
46.089,7.69017
51.0581,4.51903
132.387,0.46775
143.675,11.2779
66.6306,-3.24214
50.0123,-0.643923
56.1578,-1.90423
72.3729,7.95469
47.1722,29.297
42.4508,-5.22458
41.6031,-11.6973
46.4091,6.63029
48.5415,-2.71669
44.6795,19.2685
98.7127,-5.36653
80.3538,6.33284
84.4214,3.03477
46.4222,-2.87379
38.5,2.49939
65.9206,4.43258
54.6254,4.33362
84.785,1.48456
88.9827,-4.36806
69.7038,1.51861
68.9227,-1.34762
60.4967,1.99012
121.323,-24.4187
118.472,12.0118
91.288,-14.7095
110.98,-9.24539
109.951,7.14729
88.2469,-17.5196
76.7366,10.9748
44.6881,14.1629
84.5123,-2.69705
83.932,0.156838
102.164,-6.54436
66.7884,-6.11382
51.1385,-9.96764
75.8865,0.245701
55.3305,-7.28138
69.0618,14.6652
94.1276,-5.85215
86.0608,-0.6242
70.6812,15.4705
162.211,9.40179
45.7865,-8.18758
62.0949,-5.51409
71.0765,-9.91533
61.4329,1.38102
39.9671,-10.9904
51.1407,-1.19108
55.0055,0.402711
65.0292,-0.609051
75.4604,6.18589
52.4769,11.6345
48.6512,1.89962
57.9056,9.71599
28.1438,2.94383
54.9284,0.701928
62.0333,-4.23919
59.3934,2.18291
105.249,-2.56097
54.0518,2.6485
48.331,7.74404
56.0722,6.39391
92.3426,-4.43754
67.4419,8.25736
96.0161,10.9375
58.166,10.4586
92.4404,-2.04122
65.2857,-10.0382
102.316,-5.4462
50.8327,6.01373
117.165,-3.59561
88.3561,6.95424
48.502,21.0014
64.0223,8.77108
58.7421,-8.55882
99.1297,-0.542199
91.5236,7.01004
37.5754,-13.0118
87.6989,6.3975
82.1813,-3.92331
69.6105,5.31064
60.4131,1.62931
78.0698,7.76229
78.6162,-4.24186
75.0355,-4.46517
53.5719,5.76169
56.7783,6.53685
108.98,-22.5978
78.3409,2.50694
90.2807,-8.2811
48.7442,24.8386
65.1552,-11.2132
58.1049,-17.1739
47.0824,0.25895
91.4685,1.27956
94.7125,27.7274
59.5722,14.5941
84.1498,-3.25863
78.72,3.88218
74.7709,-1.42358
64.1492,-7.0327
51.8522,5.45263
91.2353,-4.32978
82.0477,3.76893
62.3098,0.036512
94.4424,3.96431
68.752,-5.75815
52.0467,-3.64144
104.242,11.5005
59.2348,2.33262
66.1035,5.67973
35.3945,-1.15483
44.1382,2.62502
75.3388,5.90428
90.8741,-3.68913
169.468,4.70655
84.2306,2.57306
84.1327,5.82811
76.1556,1.57364
88.5643,4.11342
68.0216,11.3784
56.3051,-3.625
125.835,4.74026
86.8935,9.00681
69.4857,-8.42926
47.0776,3.51663
46.4119,1.04081
65.1919,-2.90413
49.4281,13.8055
94.5127,3.66466
55.8884,13.3521
123.604,2.34838
64.17,-1.17607
54.0269,9.77822
94.1837,8.16013
104.182,3.86082
59.0269,4.2432
68.5539,94.4137
59.5403,-6.94578
58.7231,4.84103
34.1052,-10.6
104.651,1.14883
94.8096,-9.11997
61.2651,-1.32716
109.846,2.46935
96.0937,-5.42423
77.9302,-12.066
164.906,10.9617
97.4966,-6.36025
34.6925,0.881467
69.1328,-2.94366
42.0765,-1.74666
63.9547,-1.12799
56.1173,10.1753
59.3287,8.7681
42.9382,4.68648
60.7042,-6.44083
62.5713,-4.17989
45.0942,-3.31922
147.882,8.2287
41.5894,-2.3993
46.1594,7.96449
62.6755,10.7096
68.8444,4.46232
69.2897,2.55437
86.606,0.718242
74.2184,-1.20326
83.0691,6.41506
55.8173,-0.194213
44.9945,-6.9365
62.7172,1.12799
74.7564,4.29823
46.2416,-1.10554
60.6035,8.58148
123.472,-2.22555
121.132,-2.8873
56.7499,-4.96973
78.2803,4.1833
77.778,8.24981
66.8278,-4.71199
96.8872,-7.07396
46.4314,11.3895
62.2892,0.890832
156.014,9.31237
57.0924,9.83894
39.5338,12.1039
58.3385,-13.5719
63.2515,-1.25505
52.1491,-2.81526
67.6311,-4.49982
58.4699,-2.03492
35.3979,0
44.168,-10.5077
59.5819,4.53927
120.918,8.2404
78.8375,-12.083
80.7241,-2.12387
44.7195,-3.36355
70.6238,11.5594
49.8392,-7.35872
44.9933,-5.71262
94.3264,6.38999
35.61,-16.587
30.7817,-4.93943
47.1579,9.08605
78.8964,4.80845
73.374,-3.58491
70.5487,3.42544
52.3039,2.3643
94.975,3.6408
64.2123,0.684319
75.6005,-4.16539
54.668,-5.92051
107.289,0.426232
88.7587,-4.65088
50.854,4.12719
51.6612,-5.65504
82.3776,-9.49696
67.0377,-3.61736
64.9662,-4.46111
67.4541,-3.7373
41.3,7.69963
100.832,2.40371
117.451,-0.693598
64.9282,-4.31018
96.0039,-11.1615
56.0007,-0.696015
122.471,1.55444
85.8898,-12.6615
67.6421,5.75936
53.0807,2.3747
71.0086,-1.6073
45.7041,-3.49259
83.8882,-8.59516
96.1738,-0.953412
85.2238,7.09101
115.34,0.89614
103.61,-7.16886
123.942,3.37667
72.7835,-3.08897
67.867,0.622862
66.4153,5.19385
84.5388,-1.11966
85.3669,-1.81705
131.481,4.47242
75.9668,-7.96656
65.837,14.5696
49.5564,5.61883
89.4068,1.48819
46.2365,-1.65547
60.8917,-5.08453
43.7446,11.8648
58.4258,3.81106
53.9211,1.44265
57.4767,10.7577
50.3193,0.278933
50.5476,4.65869
61.615,-33.6549
69.2844,0.997822
66.5081,0.457738
59.0426,-0.446991
46.7362,1.72137
96.6108,-7.8414
82.6179,1.32496
41.9898,-7.561
54.0853,1.27421
59.3823,-4.28679
91.7666,4.12823
77.7645,-7.21901
56.1066,1.40006
50.3627,1.89133
83.4005,-0.962647
83.1563,-2.32343
77.7437,-3.9026
74.9102,9.06386
91.398,3.71279
82.8704,8.65899
113.175,9.55362
82.9801,1.73881
64.5426,-9.97157
43.2184,9.1989
47.658,1.04931
40.1765,2.94375
47.6391,5.26023
63.1049,-13.6811
81.4865,2.7015
63.6946,6.63456
87.9324,-1.22725
96.2351,-3.94381
116.211,4.53323
36.1916,-5.23887
99.3064,1.23899
39.2582,-7.43407
48.8684,-2.13837
75.3981,-0.49261
32.9571,-17.0318
48.0591,8.07092
84.0049,-1.11478
90.7691,2.95877
98.4865,-12.8425
34.7912,5.50515
69.6592,3.49117
80.305,-5.52526
51.3622,-4.43021
37.3926,-2.32136
77.9968,-5.56096
120.263,-5.31841
69.9237,0.0588249
159.335,-1.67083
57.3201,3.56104
132.401,-3.40649
83.322,-5.12286
49.967,-1.76078
83.7885,0.125418
43.1438,3.89483
84.7444,4.33871
79.3325,2.72329
46.0903,10.7625
58.2721,0.0633997
56.7316,-4.6583
48.1285,3.89893
168.471,-4.91388
76.5395,-3.76306
71.8189,0.186487
167.472,-1.05311
86.9803,20.9263
54.7246,-2.68764
72.2708,0.361322
1544.21,1.45012
38.995,2.00367
44.7703,-2.72644
68.7645,8.31796
69.7128,-1.58426
71.9363,2.998
60.463,-6.2511
45.3119,3.37861
112.616,-14.0397
99.0509,-5.70126
43.3909,13.7045
78.7472,-1.41676
64.636,-0.0270603
68.1801,0.390152
62.9738,-8.07653
43.0919,7.41543
61.2923,-0.919058
58.4071,-5.38254
69.8428,-7.32829
47.2446,1.9811
123.175,-11.73
79.7252,7.37879
66.3696,8.03324
60.35,-2.27609
64.1415,-1.92279
89.0423,-11.1427
66.573,2.25386
68.0658,0.432404
46.6076,0.268229
58.9547,2.06237
107.69,-18.2981
81.2971,-10.1077
50.3589,-3.54257
45.9895,0.944478
61.4195,1.22704
72.9194,6.44605
28.6324,2.10876
56.3433,-1.91839
107.908,1.05419
69.3714,1.55072
64.505,-1.41931
74.3102,-0.955613
46.8925,4.09612
85.0231,-1.20317
51.0812,6.04131
74.2072,11.3371
48.3791,-5.97364
91.3015,-5.50653
58.9734,-4.92135
79.0976,-5.47006
63.3188,1.40321
50.3163,4.13198
83.9268,-6.57116
94.2407,-8.42848
73.3736,-10.5218
56.0958,5.46195
58.9525,-1.33618
52.6758,-6.88087
51.8359,-24.5404
124.898,1.13425
77.5914,0.701755
78.3162,3.92141
50.5891,-15.1328
76.7394,6.07342
61.2062,0.740813
99.5846,-4.9349
54.4056,4.30336
38.405,-14.7732
46.9232,-2.51959
88.1169,0.172202
148.67,-4.04977
91.7336,-10.9029
50.9402,1.65728
62.5217,-8.0253
78.0036,-1.31771
110.936,6.30099
80.9723,4.41545
156.416,-11.8936
116.49,10.4446
102.894,-1.57822
51.2649,10.655
39.3436,-1.83043
58.1009,-7.03326
60.1488,-1.72254
53.8173,-0.359466
48.9075,7.02398
101.817,-17.4809
99.2614,-12.0891
57.7338,4.45006
92.7848,-5.73549
129.119,1.39324
68.042,1.36475
66.8573,-5.25082
32.9483,1.28646
84.8609,-5.91334
56.6279,1.88852
85.3091,-5.45405
85.02,-8.02236
45.8939,-9.58811
81.1751,2.96731
71.4221,-5.92543
66.9972,-5.51378
120.313,-3.86738
75.7812,2.57224
60.7156,-1.57619
57.5811,0.413587
68.7591,6.36819
63.2622,2.7567
82.9279,3.64136
86.9239,3.03611
56.5828,16.7639
50.2326,-7.29234
85.8025,2.98578
61.2526,8.74596
47.6465,-1.99443
69.6714,5.79777
121.648,-1.89025
52.6105,-1.04145
88.0886,6.22145
34.0324,-11.091
53.2177,-11.7437
57.4674,-11.5765
110.402,1.23675
127.485,-1.52362
71.6929,-7.36165
109.766,-16.1372
98.3851,9.70584
52.2528,-9.16352
84.065,2.88056
69.331,-8.20402
72.5897,-9.48293
62.1033,-4.86706
60.297,4.47302
53.4634,-2.63171
98.6499,-5.40852
43.446,11.3145
84.4294,9.95081
49.8998,8.77453
80.9219,-6.69891
48.7755,-8.5473
77.6905,-5.86902
76.6346,12.4231
129.366,-1.61468
128.198,-3.03684
45.1898,2.84578
70.4307,2.15326
99.6576,-3.15522
68.8344,-0.773096
51.0919,-6.34812
88.7108,3.00598
68.7346,5.28012
61.8133,-10.9154
46.6387,3.68249
60.7255,-13.3783
133.966,15.9006
48.9042,3.18267
75.049,-11.1178
114.941,7.58534
48.5348,-15.4466
61.9267,11.7084
80.6774,1.85154
52.9918,-12.5041
64.0434,-3.06744
68.3598,5.57231
46.0788,5.31176
50.5222,7.94511
74.1823,0.328478
62.1797,2.48139
49.6085,3.30438
54.6498,12.5639
44.9817,-4.03332
64.1824,7.07741
113.056,11.2096
65.1042,2.13254
47.1993,-9.49195
61.6233,-1.74619
87.9131,-2.58769
57.9531,2.95907
105.359,-2.47388
44.0906,-3.51102
81.3504,5.5162
128.941,2.129
64.1002,2.19305
79.9878,-3.91913
64.1444,8.34666
68.8452,4.48437
67.4765,-15.375
94.4268,0.0202844
73.3246,-0.10125
78.2156,-1.75659
64.1672,2.23418
78.3173,-4.38403
56.9303,11.343
90.1427,-6.91294
55.024,0.0365983
56.4656,-6.28205
59.3903,1.39177
26.1202,14.3369
97.5372,1.56686
103.538,-9.39938
84.797,6.35343
90.4363,5.43256
106.951,2.42891
97.2237,0.593298
65.3941,-0.639521
51.8444,2.41596
59.1797,1.21141
42.7249,6.20837
68.4082,10.8579
57.7209,-4.60431
52.0529,-6.66685
31.7526,-8.25542
50.858,4.40384
67.3607,-2.93274
76.4174,-15.9889
53.3514,-6.69658
72.6481,-8.26945
77.648,3.03127
71.5788,-2.74647
41.5341,-0.975077
55.3098,8.8428
63.9879,0.537581
53.472,-1.53484
48.2573,5.44546
60.2396,8.79084
66.3512,5.97049
66.759,-1.22332
55.8612,-7.94835
70.972,-0.991995
123.32,-0.329471
39.386,12.2026
30.0895,-2.09499
84.2847,6.30457
76.2652,0.223042
56.4418,13.4034
146.511,-1.22225
75.5217,-2.09305
47.6151,11.4756
59.1845,-10.8265
58.8353,-0.737792
57.9641,0.547119
19.6677,-4.42589
60.2411,-2.11934
73.842,-6.48964
96.9726,-5.22238
47.7434,1.89016
33.2432,4.33625
78.7567,5.11284
46.2148,-6.36715
44.4736,-6.79585
67.1062,-10.2029
84.2222,-1.77666
46.0454,-0.354503
73.4328,-9.50516
57.3369,-10.4594
92.5644,-2.72852
72.4813,-6.99882
49.9847,-1.08422
58.2065,-6.03976
44.9352,13.5747
136.684,4.80193
68.886,-10.4246
28.6816,10.2492
54.8227,-3.1137
54.0859,1.66358
58.2388,10.1779
77.386,-1.50247
68.7612,-15.3921
62.761,-3.18863
60.4537,-1.91632
53.2618,-7.18842
111.136,-2.04178
55.2755,-5.5162
53.1992,-2.41247
66.401,-11.298
69.4314,16.9098
72.0786,3.54663
94.6966,-12.5687
175.799,30.2289
57.6176,0.135043
52.4464,-7.12769
65.4671,1.54438
46.4402,4.75601
89.0832,-4.49779
75.7171,13.8126
73.0327,-10.6864
101.922,-8.17394
76.9588,7.07961
93.8169,4.78782
56.6849,-23.5525
57.7061,-3.09899
45.9931,9.2819
83.1405,-2.47953
41.5166,-7.72625
41.967,-2.41078
73.541,-11.6101
51.4018,-6.15292
43.0447,38.6929
71.1063,-3.98291
101.759,7.37387
92.0874,-0.853198
71.3294,2.02223
59.6402,6.31908
73.9474,-5.68914
69.7663,10.0061
128.902,-9.14466
37.3515,-0.134223
70.0305,-1.63048
48.2317,0.879611
109.557,2.03643
96.4146,19.7844
99.3951,2.02892
94.1419,2.63093
79.6824,6.09362
55.3014,-1.61386
70.5528,-3.44689
66.0201,4.17644
32.5959,-0.102587
60.6208,9.2103
116.179,0.228739
63.305,-7.7408
60.456,-4.41092
75.7121,-5.20581
24.4233,0.0952937
81.4134,5.25453
77.8365,-3.69544
57.7775,8.15771
56.8669,5.41482
92.4246,5.37982
60.961,-4.53836
53.037,7.48945
55.167,-0.288082
62.7444,10.3559
42.6321,3.33416
54.1975,4.64678
60.0284,-1.54826
54.2429,0.806759
83.4432,-0.0142423
70.2041,-1.72586
78.2254,5.1166
49.0563,-1.60118
63.8805,1.12609
50.1926,4.13008
130.038,-7.98175
95.6423,9.38634
96.9518,0.18912
59.2576,3.59039
58.7662,2.40409
73.0778,-6.25978
71.6002,1.07762
35.2769,15.6302
80.9006,-1.71529
108.893,-9.29765
96.3148,6.81346
76.2083,-13.2887
122.325,9.42631
92.9321,-0.914353
67.9129,-1.05406
64.4306,-5.06722
47.8376,-3.6004
41.9889,3.15691
64.3152,6.6403
71.7196,-17.0702
88.8905,-0.859672
57.8768,0.905678
82.8054,5.42686
58.9325,9.35928
124.779,1.59263
61.8603,-0.326148
49.1391,-9.4279
63.062,1.91023
55.0189,-7.95793
67.3689,2.30871
64.6857,3.36221
60.434,-7.01509
50.975,-3.08638
73.4301,12.3325
80.8789,8.49154
77.4561,-1.59686
66.738,-12.1733
57.1773,3.46851
48.689,-2.40608
48.1111,-8.6776
49.8625,-5.71922
86.9631,6.25529
79.8077,-9.24979
85.5521,-1.65715
98.6891,-10.3119
55.7799,-16.1589
59.388,-9.73113
53.6697,4.90012
82.1742,-1.619
37.371,9.09485
56.569,-6.84103
73.8224,-2.70357
97.9166,-3.98606
69.8266,-6.71208
43.944,-5.43079
76.8387,-11.7006
64.8392,8.94582
99.6453,-0.995534
66.9519,6.54449
95.8673,-2.92985
53.3091,-11.2618
68.7814,3.45932
42.7729,1.11059
71.1637,-3.13692
71.9358,6.52201
73.9013,-0.384066
79.6815,4.03393
96.2515,-17.3469
84.8493,10.1556
75.6801,-11.3543
48.918,11.4653
57.6701,-1.52306
96.837,-9.2144
43.0325,-3.3758
54.11,11.7158
203.32,-29.1686
64.4077,14.6811
32.82,9.52613
73.9585,-4.97754
67.5819,1.22742
49.1676,-15.8081
93.4697,-0.629163
53.9583,3.72327
79.6912,-5.99422
64.3233,3.85391
63.9529,-1.57701
63.4579,-4.10216
42.5913,-0.626142
104.869,-9.48155
69.4353,1.55927
51.7404,-7.51245
44.5604,0.44315
153.786,0.236378
77.3722,6.28774
88.8955,-3.26864
67.39,-7.96263
27.7019,17.5435
88.1469,0.0233918
94.2577,-24.9136
56.6426,7.12497
100.673,12.1159
41.4917,1.99465
63.0788,-9.03533
63.4973,-5.56739
93.5433,-6.49288
130.159,-4.42101
54.0421,-13.1236
93.1746,1.87247
45.7083,1.23316
57.484,1.84597
49.8483,-7.33036
107.775,-3.7556
77.9128,2.46042
74.8618,1.29708
68.8321,-4.7195
59.9699,-3.2582
45.8622,-1.41046
119.842,-8.11351
54.3967,3.87644
76.0859,9.86441
93.1591,2.16275
82.4711,9.78573
63.9254,-5.62267
59.3958,4.01369
71.9623,1.80713
74.4005,3.81248
43.0547,-0.957641
56.5712,-8.79745
114.764,-21.1283
34.8859,0.427484
87.0213,-2.77491
61.1463,-9.40477
65.1441,6.9463
61.1889,-11.5869
31.8103,-6.24152
85.9512,7.42963
91.9178,6.37298
57.0641,-0.185797
92.9964,-6.64881
64.1976,1.62858
90.3025,-0.852766
63.0709,3.26105
62.2937,-4.05615
73.9591,5.35992
56.649,0.426577
94.6967,-6.21071
44.8928,1.97122
55.3472,-4.44682
75.5212,-3.93954
65.3188,8.42236
52.7524,-7.07374
123.377,-0.527611
53.8017,0.672451
63.9411,-11.7825
65.9861,-4.71721
57.5958,8.17709
67.5916,-7.21392
52.9059,6.36737
90.9235,6.81777
50.1621,-0.474181
78.729,0.183898
78.3073,-6.21394
89.7977,-11.5456
56.7951,-6.3426
101.608,6.93037
71.1191,-9.53778
89.4098,-1.77303
157.651,8.35697
60.8147,-0.0338793
64.248,-8.89826
79.1938,10.732
108.2,2.03466
55.9375,-5.02243
48.2313,-20.0408
65.6772,9.89777
53.3689,0.316739
62.4667,4.56003
100.464,22.2416
81.8367,3.62811
75.7054,-5.69173
51.9863,1.05816
55.5561,5.81831
56.392,-3.99828
75.0296,-0.526014
72.1381,-7.09972
73.4682,21.994
62.9872,-9.6648
81.6017,-4.02698
47.751,1.90643
62.7058,0.0173928
62.3812,3.32717
123.92,-3.09109
67.9979,4.92234
109.03,-7.70178
61.4693,-2.18727
63.6412,15.3375
29.6066,16.5659
44.2767,10.865
186.727,14.3493
45.4271,-7.25466
82.654,-1.87743
89.6752,-5.72763
71.569,-2.88941
33.0762,-7.7944
55.9443,-3.51698
57.2851,-1.95244
71.2076,6.46931
46.4177,-3.50675
51.6693,3.27447
41.6222,5.19981
66.473,3.81356
139.24,0.527395
44.4121,11.6388
96.8757,-2.3359
97.6738,3.02743
75.1681,-2.55687
43.3802,4.04256
29.3831,23.2952
92.9539,-3.39186
69.1423,-13.9753
59.4069,18.6449
91.1596,3.69367
139.648,-2.90149
92.9946,-3.42091
44.5145,-19.8718
31.9735,8.51605
120.072,-11.161
92.1418,-26.3972
62.287,-3.71853
106.893,1.59418
98.6304,2.85687
75.2462,-9.56139
67.4998,-2.54151
64.4351,1.69423
113.589,-6.90176
108.37,2.32257
107.379,3.44089
64.7031,5.62634
44.4764,-13.925
76.5756,4.78721
69.0163,-6.71307
54.4257,0.437971
47.8909,5.88801
77.6421,1.03891
51.3014,-0.563864
84.0211,2.13565
57.2572,5.41728
39.6284,46.3592
47.9696,0.4318
83.9103,-0.454587
97.22,-2.37552
49.1965,-6.47553
47.2611,5.81283
109.703,-0.916727
57.2262,-9.91145
66.8824,7.63869
83.9916,5.13559
61.738,-8.66624
66.6414,12.3493
43.9359,-0.833043
69.8933,4.57703
103.853,2.55498
77.9922,5.99815
70.8928,6.36116
97.5902,5.00326
89.74,3.29928
75.3051,-1.21871
46.5809,-5.29627
68.6774,-13.4634
60.9952,-4.96762
68.6805,3.67994
70.0106,16.7401
80.1944,-7.86406
77.7294,-3.02096
57.6275,3.57222
65.7746,-10.5645
49.6774,-1.8114
70.7161,0.602016
51.9489,5.69358
57.5414,5.1109
67.33,-2.94526
60.5811,-4.29879
70.3724,2.82726
39.294,6.15706
67.3636,5.26735
52.9928,28.1752
78.9576,-3.11349
87.7509,-5.82932
48.8373,7.15389
51.6504,4.94008
78.5754,-20.6047
45.1418,-8.55585
104.016,8.01939
34.5355,0.261367
136.291,-0.833561
47.1947,-7.42592
70.3852,-9.85776
61.7359,-4.41212
77.7,-7.08583
44.0175,1.21128
47.9109,-0.707323
113.296,4.50884
107.666,10.9383
32.2621,9.304
53.4955,-2.27043
50.0618,14.8323
62.1172,-1.72577
63.6399,0.621006
71.6454,4.5772
51.7289,-4.23966
107.584,1.35599
55.2404,-5.42099
65.3887,4.68385
58.6582,9.37676
50.7569,-4.45804
43.0124,11.1967
70.6763,2.31057
117.109,-0.786518
49.1151,6.72666
75.2511,6.00169
78.1259,0.00293477
64.9453,16.8448
74.0641,-3.44369
48.5274,-4.02033
68.1762,3.43666
93.7258,-0.199823
99.2163,0.774089
131.146,-8.81113
66.2437,1.95671
71.6469,13.2737
72.5555,-2.0915
76.7122,-5.27098
77.0431,5.96168
54.5916,2.55813
77.5213,11.6476
58.0324,-4.9778
46.8268,16.9529
51.7525,6.66301
82.7949,0.868821
43.6057,12.6325
63.6395,-11.2021
58.6512,-9.13719
54.2488,-3.66725
177.063,4.45235
54.9164,6.70202
35.9587,-2.94323
78.4977,-1.67614
60.7989,4.81591
87.2365,6.0152
76.4032,-27.6788
73.0351,24.7124
107.268,3.46609
186.312,-7.89531
24.3719,-11.578
84.0389,2.20712
58.1429,0.415529
69.0123,11.1478
57.743,-3.5288
57.4459,1.35617
65.3273,6.87392
50.1736,-9.11647
53.6713,8.94941
53.4076,12.3034
106.956,2.42606
62.8364,2.0748
95.3505,-5.45764
71.613,-1.93155
77.0652,7.30115
100.57,-1.4682
183.893,-9.43127
84.0903,2.69399
61.1799,-14.1256
91.7943,-2.6999
73.5689,1.91865
51.8581,13.17
49.3401,1.36173
58.6644,-1.56311
40.1001,-0.977321
156.706,1.49168
90.6082,-4.02776
53.3708,-8.69132
90.9576,0.726312
84.5078,-3.49363
49.3573,-4.58359
91.1441,-3.24935
69.0144,10.5956
90.0806,1.60036
43.0907,-14.2992
62.3748,1.15492
49.835,-14.583
78.6759,-3.66583
85.4428,-2.93421
60.3368,1.5575
69.788,8.65101
71.312,6.12676
81.7095,3.19419
82.4139,-2.42002
70.2324,8.97383
73.5831,14.3873
162.665,8.23565
59.8203,-0.722946
78.2754,-24.517
76.4218,0.107033
48.1705,13.8513
133.488,17.0676
49.6288,5.44529
69.9191,3.10378
97.9831,-10.2642
25.2689,12.8613
64.8736,19.3829
66.2064,0.528345
73.003,5.43808
33.567,7.61478
85.5111,11.8225
132.559,1.75939
56.0832,-3.55137
123.39,4.12762
58.7798,9.38319
46.9256,-12.0439
58.9501,6.78631
128.854,0.111133
83.8011,-5.45418
56.6393,-1.32457
109.252,-2.13984
66.2381,12.3435
91.2462,3.94386
50.3809,0.451178
42.6226,1.70066
63.2853,-5.57956
79.9396,2.47759
216.996,0.364947
72.4523,4.3634
67.8164,0.0731103
59.6575,-3.60601
37.1553,-5.03783
169.862,-12.9465
57.2981,-0.986298
61.9835,0.303705
60.1842,-8.90504
52.2905,-0.629508
84.3226,-4.81544
60.6225,4.44164
59.2962,-4.64613
52.9908,-15.4466
89.7169,1.19518
54.8364,1.77739
115.883,-4.84599
57.9548,5.58111
53.0468,7.76454
75.508,2.60737
71.4524,-11.4973
42.7126,0.204182
78.4825,2.27069
53.5113,1.61209
39.0804,4.90063
137.917,2.20272
30.4477,-17.6575
68.9143,5.04698
80.4314,2.21273
51.4561,4.21985
60.0122,2.32123
68.2529,-2.82333
39.9128,-6.57617
71.3563,0.768564
57.3566,-7.43217
69.7984,0.789928
48.2634,-7.42095
55.9699,-10.1783
72.4264,-3.00015
117.501,-1.73285
83.7264,-3.09717
110.515,-9.44327
63.5547,6.77949
59.1519,-2.55195
54.3103,-8.69115
51.4311,5.43916
91.4917,1.84105
63.4731,-1.74256
106.147,2.10233
68.0408,-7.55064
77.0982,4.38403
90.8769,11.3725
73.177,23.9448
99.1206,-0.759717
110.488,5.69453
39.9131,17.0847
88.6968,-0.650181
125.075,3.56324
64.0284,-7.34629
72.2255,17.3919
67.0251,9.22614
70.6714,-8.27312
65.2245,-4.94798
79.7782,-6.3363
69.2328,3.54063
57.9008,8.42715
84.8971,-1.08254
84.1928,9.31302
76.6873,-0.690102
91.4585,8.52443
43.9273,7.72742
73.5631,-3.43351
89.5335,-6.0499
67.1822,4.49447
104.177,-1.82715
68.603,-4.19107
65.2112,-1.42168
74.0909,7.12372
83.8912,7.79751
55.8224,8.67708
108.252,-2.28265
87.8837,4.40656
178.274,2.23025
91.2298,-0.41104
93.477,4.25783
84.2214,-13.24
50.5776,6.13216
64.8269,-8.45317
94.3221,24.6864
77.8151,4.10358
66.0109,5.95892
77.3895,-2.81634
64.2304,-2.88311
121.759,8.81544
68.0121,-5.47865
41.8768,-5.97536
84.049,17.3379
64.2767,1.90005
49.1605,-2.78151
61.6989,10.6655
42.1844,-8.65528
81.8229,-2.85635
66.0899,-7.51711
72.0459,-2.37781
52.2127,-5.90765
46.1748,0
57.5412,-12.9079
91.6876,-9.20969
76.5231,-4.3394
69.9434,6.00251
82.9705,9.39951
81.6899,2.53577
87.129,-0.397704
79.39,3.85076
68.6596,17.0667
130.643,5.40326
72.4887,12.3454
65.4207,5.44542
64.4589,-0.404912
27.7102,13.4271
78.0649,-8.32283
64.9845,-0.921086
57.6754,-7.94179
101.069,-0.456745
58.4979,3.42276
77.9177,10.4014
50.0578,0.976199
80.2831,1.79198
68.7438,17.714
22.3412,0.128439
70.9132,3.22186
55.0831,-4.5362
184.059,0.242895
60.9934,4.47479
81.5029,-5.13421
90.5412,6.48688
62.4381,7.63882
33.307,1.01159
59.5793,-1.99241
72.6083,-5.27745
56.298,3.02877
54.6294,0.825706
53.4932,-6.10346
90.9808,-4.12085
85.2554,0.256274
83.7179,-1.58616
64.4334,-10.3982
48.9577,5.77813
115.598,-2.66106
58.2809,-2.16953
60.8533,3.22212
133.79,-13.4707
70.6748,7.30857
57.8801,8.08218
56.7828,-3.32401
59.5253,1.74097
66.4665,1.3165
76.5427,4.08585
53.0631,-4.30414
81.638,-2.51626
66.8153,0.726614
53.3783,9.5251
91.5763,9.85323
87.1744,-8.67781
59.1082,-1.95412
57.1939,19.411
126.115,-2.35015
65.3811,6.1215
43.4055,-10.5974
116.36,1.34119
95.073,-7.91546
37.6451,-4.0246
81.5659,0.161024
81.4227,-11.8642
45.5051,-2.99269
106.11,-9.23283
52.0547,4.12137
59.8314,-4.17972
95.7653,-5.71749
87.143,-13.2013
60.2766,-0.729204
44.3418,2.93589
102.101,-8.57376
83.9522,-3.72849
41.5025,0.0410868
63.9142,-14.0227
53.4027,12.8018
56.4636,-4.35313
67.3614,15.053
85.7541,0.508449
78.5969,7.61128
97.2137,-8.934
73.9838,10.7636
45.7253,5.83851
63.3507,-3.20291
54.2857,-0.593298
73.4449,-4.70245
65.4547,-3.4099
73.2902,8.83033
43.9446,-4.14963
86.4621,0.775038
54.8344,-16.3472
69.0271,8.51899
68.568,9.05394
106.19,-1.68158
62.2345,-13.8089
64.3457,-4.24752
110.628,1.97989
62.6947,1.47187
52.2892,-12.8164
37.237,-3.6941
55.8494,-1.33782
46.9521,6.24817
81.9965,4.31407
73.3093,1.17503
107.633,3.71537
50.5721,8.44916
76.6643,-16.0932
71.9748,-12.3495
70.4201,-13.3921
89.9401,3.94934
61.3262,-6.22521
57.0841,2.26728
88.3498,5.74921
54.6136,4.82821
67.7811,5.70342
76.553,-0.185452
83.9629,-3.42056
83.6726,3.65927
98.6364,9.33447
59.583,8.10795
111.663,3.08039
73.2178,18.8187
43.5418,-0.525669
50.3204,-3.90609
35.5029,5.58888
53.5491,5.69742
72.3043,3.02294
49.4146,2.2902
55.7651,2.32783
63.1457,-0.51475
143.164,10.399
66.7743,1.073
48.2209,3.24158
39.903,-6.78087
73.6091,1.16057
54.3673,7.7001
75.3908,-6.49231
62.6383,5.6998
97.2282,-4.47362
63.6995,5.5534
82.0646,-23.5336
67.2637,-12.1384
70.6241,3.67714
78.757,-3.26057
77.6437,-11.8125
73.6549,0.523295
78.993,-1.78633
70.7207,-0.797006
91.7204,-5.30352
68.5385,-4.18554
58.4016,-15.9279
77.7726,7.59527
75.7479,-5.75055
55.168,1.8496
60.8422,3.80221
105.41,-6.3202
65.7364,4.48226
83.5281,-4.78165
79.102,-12.5508
59.8828,-6.2801
51.4159,-4.11765
103.564,-0.27056
115.413,0.624674
55.4615,-0.400855
104.635,23.0124
70.0599,11.742
49.8154,-4.73624
65.1471,3.46186
65.7383,9.69441
47.168,-2.9166
62.8415,-3.02544
91.8027,-4.61954
87.4451,3.46894
71.0396,2.90754
45.7078,4.59818
88.3898,8.14269
51.5604,-6.30885
55.2946,-6.21623
80.3461,4.54458
82.6564,-2.49598
63.9825,1.09916
65.6632,-5.78339
54.0832,-13.3107
56.929,3.11815
66.8821,-6.78281
77.6094,6.87452
51.4635,11.5781
64.9588,7.65012
49.5158,-8.36906
84.8933,0.9456
58.1576,-7.23606
87.9596,20.6082
90.478,-12.0386
94.4175,-9.97688
52.4211,26.2868
77.2564,1.03161
65.8216,6.18723
50.0186,-5.45669
86.1259,10.2263
60.9981,0.247945
66.0736,2.01623
101.86,9.16032
95.5034,-0.484669
49.4028,2.32637
61.7419,-2.77159
62.6675,-1.53122
79.4291,-5.63968
85.7095,6.04489
44.7484,-1.71326
84.3997,-7.2213
127.027,-1.62349
78.5174,6.93969
79.0733,0.523425
68.4841,3.90872
71.3395,15.1375
40.3244,-13.4474
61.5382,6.01093
86.5758,-18.2912
120.219,6.49749
96.0441,-13.6543
80.095,-8.23462
71.6106,12.1181
77.7279,-23.8105
53.988,-3.56808
60.394,-5.79721
59.9665,-1.52207
96.5482,10.6777
72.7215,-4.01507
57.1773,16.6427
63.4151,-7.58625
64.3159,1.27874
77.9529,-2.64729
57.6003,7.22501
56.2184,-1.34456
59.4804,-0.940809
87.9885,2.45027
65.1904,5.38496
71.0533,9.65276
49.717,9.04116
126.261,-1.91606
72.1607,-0.169267
69.4027,9.14168
57.2659,-7.26645
78.9971,7.70217
113.173,0.787597
66.1259,-2.00181
123.381,-12.6426
43.0199,-14.8269
73.5853,0.130425
90.0771,-5.10792
64.5441,-2.48739
56.2728,1.46764
46.7363,3.45008
66.9497,-2.07769
67.0947,2.09819
55.409,-0.295031
76.4347,-1.91968
40.9683,1.96284
129.968,8.05689
49.0181,-8.60319
56.2683,9.09813
53.2172,-4.67595
65.5879,2.38031
89.7042,8.22223
52.1809,-11.972
55.3149,-11.164
87.1339,-4.39887
75.336,-1.4348
30.7041,-3.85089
77.6336,9.77166
67.8102,11.2731
91.9565,0.708143
105.145,-8.50198
70.4298,6.65334
63.988,-0.248592
53.5159,-1.8865
80.9827,-9.03969
111.056,-4.75735
65.0907,9.17064
71.7746,0.669559
60.5307,0.481518
27.7896,2.99113
75.3214,-6.58308
90.988,-7.86018
169.922,21.7242
77.1535,5.00849
56.413,-0.013077
65.8599,-2.29913
59.7519,7.68741
46.9753,2.04717
66.6788,8.22426
85.4078,-0.0891652
79.9699,6.25244
93.9564,0.198787
67.6969,-2.43504
109.236,3.02976
42.2978,14.9539
59.6756,2.96369
52.3647,2.65558
47.9202,0.0351309
80.5112,4.16668
105.463,-0.659158
74.5113,-1.23295
59.0279,-3.4004
76.7986,-1.41685
55.1171,7.00219
58.5448,7.35695
97.7257,7.31521
63.0869,2.16759
75.8241,5.08699
71.426,-6.3517
55.8476,0.62571
55.6874,-3.13507
77.126,-0.358042
92.7051,8.16738
62.2252,0
50.4061,11.8795
66.625,-2.04519
57.8447,-15.8223
48.7701,7.41763
92.859,6.95091
61.123,-2.56482
45.8707,-5.321
67.1765,-0.710732
51.502,14.16
52.0751,-0.317689
73.7256,1.93686
114.444,-1.94066
96.6635,15.8188
38.5125,1.60316
67.4256,-0.034052
39.3424,11.4496
74.6588,-1.55124
35.8185,1.28413
107.307,14.0988
79.8785,3.62755
42.1543,-1.64036
37.9481,20.0739
49.6413,-16.2484
81.465,-4.55459
67.2015,-3.82655
58.5022,20.0065
80.9236,2.66037
80.2866,0.770291
58.6837,-1.35608
54.8559,5.5433
72.4318,8.1073
88.0299,-8.20497
28.4286,1.84308
73.9936,-3.42971
56.0253,-1.8776
64.3102,6.29957
101.933,1.04063
68.1735,5.70601
76.5719,6.48221
90.7994,-9.4503
64.0592,-12.9009
54.6942,2.90922
49.3296,8.86072
51.9782,-0.269956
99.0073,-10.2999
58.9562,-8.94224
58.93,-2.27272
95.3982,-1.13822
115.497,-22.7427
67.355,1.60877
59.807,14.5048
80.9261,1.9647
82.5623,-2.1328
68.5101,12.9136
53.6332,-1.2938
52.8087,-11.0665
87.5943,-3.02381
53.135,7.82737
55.4624,0.535164
72.3745,1.32444
67.818,10.5087
53.5437,5.15591
52.4346,-6.68225
178.073,12.313
43.1602,-6.60418
63.2649,11.0495
67.3501,0.398481
141.931,5.93825
60.7747,8.05952
40.4771,14.301
77.2086,14.4745
64.3779,-2.21144
59.4932,-4.47816
78.3359,-3.14141
62.3833,11.3046
94.8057,-8.22452
142.784,3.05963
56.2181,-2.11118
50.8547,-5.75953
86.0145,-20.5572
59.257,-29.3546
74.7024,0.511081
50.1282,11.0385
86.6227,-3.30524
71.0334,0.0640902
45.1401,5.56847
124.881,2.48273
50.015,3.74326
51.8393,4.6848
48.2355,-6.45628
65.7775,10.294
68.1346,-5.09808
118.231,3.93078
107.188,-5.79872
101.846,-2.06288
53.0566,3.34184
83.6869,-2.01079
75.8458,-17.239
60.1001,-2.39235
80.4287,-1.34857
76.3694,4.79088
75.0893,2.91867
72.376,1.64105
47.5822,2.12024
45.0046,-3.40791
55.1545,6.0202
98.915,-14.5775
95.8776,-3.17331
59.7243,2.88747
62.2964,1.32889
75.4019,9.94084
62.8055,2.96757
40.0606,-1.57032
46.1199,-0.282644
58.8621,1.56799
64.6434,-5.42855
96.3778,5.43541
50.0568,-5.64883
48.1583,-9.49225
51.4563,4.28822
96.9703,15.4053
109.705,10.6038
77.4998,-5.3771
63.6803,-13.7334
132.033,-6.11597
40.9512,6.53634
69.5785,-5.50036
56.2469,0.637277
57.7271,-8.60513
360.52,9.74257
64.7854,2.41523
43.8245,0.266373
81.8895,-4.82049
54.2559,-1.88619
102.619,-5.00641
93.6069,13.2087
92.8106,2.41549
89.6788,2.22853
71.2662,-10.9173
45.0499,-4.45718
71.3146,-1.56276
61.8983,8.90362
65.1559,-0.744655
105.777,-4.69287
41.4095,8.0001
42.4809,-0.29529
79.4743,8.44929
91.8624,-7.54551
81.2792,7.53278
44.6991,5.65163
52.3584,4.76796
76.7794,6.54993
88.7228,8.08072
101.642,2.99744
63.3358,-1.63739
82.7146,-7.63497
49.4676,-14.4098
90.4294,6.04562
95.0826,2.45977
59.648,-1.05302
46.5856,12.2378
61.8666,-1.16907
60.6521,-3.00244
61.3688,8.46478
52.139,-11.6249
76.2375,-5.73458
78.2912,1.23014
53.3252,-1.79711
67.3183,5.3743
53.2841,1.79422
111.792,-8.57181
45.0419,17.3766
54.7859,-1.47692
69.1337,-18.8328
100.81,-8.1379
79.0984,9.21427
56.629,-3.02592
67.2036,-5.05367
73.2111,-1.5392
29.6693,-4.35848
104.686,-6.91255
64.802,-0.53197
99.826,0.775772
66.0617,2.32244
58.0198,-1.34723
62.8863,-3.58745
60.3656,-3.39825
38.0645,20.574
50.5252,-9.35065
46.651,-6.8381
65.09,-14.9314
63.7533,-0.728341
48.1856,-4.70491
103.747,-3.14068
81.3361,0.902226
98.7562,-2.6141
54.0822,4.25162
88.6308,9.69726
51.9455,0.427829
55.7052,14.973
40.5049,7.05941
46.207,0.064047
47.617,-18.3555
99.5573,2.00911
44.2517,-3.37848
63.4294,-6.03069
68.5775,-6.22145
71.5631,0.736843
69.0334,-1.36424
100.737,5.30952
122.967,3.50947
45.2569,-12.3585
89.284,-3.3424
97.9573,-5.31202
42.9026,-2.0609
87.0938,-3.74977
64.1706,4.69839
42.3158,8.44398
64.5265,-0.603958
34.3786,15.2
68.4247,-3.55375
26.0056,3.33597
112.64,-3.03075
53.5032,-3.8461
51.7798,4.38908
136.708,-2.5526
76.3601,5.59553
49.1926,10.695
85.5643,-7.4027
94.0685,0.0233055
72.6254,-3.87485
67.1685,8.68454
86.5055,11.8022
45.57,-6.93883
54.8898,3.05686
68.6296,-8.61614
63.9057,6.80064
75.2928,4.29909
78.5544,2.09823
78.7271,7.38759
58.5839,6.68726
67.185,1.70234
55.0172,-4.43793
73.0528,4.0909
72.6657,-5.08427
77.4405,-47.1029
107.216,-5.38841
38.8418,19.3116
43.8238,-13.6347
81.0187,0.136639
79.679,10.5309
47.8886,-12.7201
47.8601,8.62037
55.862,-4.97694
66.1222,-5.98141
55.4008,12.476
150.18,-6.68774
63.5915,-16.5384
47.9222,-4.52131
73.9643,2.6542
113.268,4.17359
75.224,2.34846
114.568,-9.70399
127.118,-4.98678
46.0189,3.59634
87.8566,4.49727
57.4985,0.529683
59.3737,-4.7933
90.3003,-11.6253
88.5744,5.48729
110.691,-1.38517
56.8357,-4.84574
107.009,-5.01625
97.9085,-3.55111
83.0888,-10.2344
46.4951,-0.613324
93.1373,1.16174
60.8882,3.37766
71.6702,6.38006
89.9536,6.60491
35.9745,17.0996
154.024,-10.556
52.1278,-5.09191
60.7344,2.36007
76.6104,-6.82662
63.0202,3.63316
81.4877,3.40912
49.4405,6.11256
86.8888,-6.59775
52.2968,5.27684
44.4125,10.2088
49.505,8.0934
94.6318,-22.0454
39.6342,-0.675299
94.1259,-6.56935
69.1868,2.20203
56.7065,-3.50373
82.596,3.82482
72.4306,4.71803
25.5212,-0.31484
63.1819,4.25589
83.7098,6.91207
65.3638,-4.34216
58.7225,3.43139
31.8228,17.9558
56.0844,-5.11211
61.6801,5.51154
75.6482,1.01176
60.7228,-7.4803
38.9181,8.86011
79.0629,1.64239
56.1626,5.89949
49.5678,-2.65165
54.189,-1.4922
43.9655,0.106472
100.382,8.05702
77.3395,5.48232
76.4398,19.4223
90.1218,6.01395
54.4398,-0.17997
55.6624,-13.4041
62.1256,-5.80381
67.0897,-9.08536
51.9829,-1.76876
35.2669,32.4092
67.5233,3.64166
38.3434,-5.92785
89.0881,8.05111
48.6107,-3.9057
54.2014,1.41961
73.958,-4.38127
79.3247,1.69798
52.2505,-0.0801019
97.3566,9.90429
103.441,-0.912843
89.2484,1.83915
58.6538,14.106
41.7936,6.82355
82.4965,5.29078
43.7062,-1.44468
55.5701,6.23159
52.0242,1.24564
34.2799,-3.35151
60.0231,-4.55869
50.779,1.08336
51.6835,10.4585
79.138,-0.395115
83.4282,5.62345
52.0459,11.5046
59.8772,-1.78866
164.267,-11.3319
79.7063,2.59718
81.6003,-3.2516
105.719,-6.83003
65.5271,4.82239
118.231,-3.48517
117.725,0.019896
69.1682,2.57604
48.3297,-5.01785
62.817,-4.81095
42.36,3.06981
65.1156,6.82601
80.478,6.38347
44.7143,1.97393
88.3621,10.8099
44.619,0.32563
70.3061,-3.05725
78.7754,5.35345
73.6777,2.59093
88.2912,-3.79733
60.9901,-2.73184
86.509,-6.54108
55.5779,-14.0121
86.3293,4.24022
77.9834,11.5841
81.7526,5.66907
60.3457,-1.82461
59.8092,-2.6838
69.9779,-4.59123
45.6235,4.98177
51.3078,-9.6563
74.6912,-1.76242
50.9143,-10.8439
92.9395,2.76071
48.0294,3.62755
69.5293,4.89791
46.2026,-4.42097
55.0233,-9.27629
51.6144,-7.53804
51.582,-8.69499
89.6345,-1.31914
73.8662,-11.2306
123.5,2.56231
47.6851,-11.7631
84.8123,-11.0133
46.0817,3.22574
86.1147,1.22993
48.7452,1.08608
82.2187,-7.16649
48.1191,-4.16116
75.2818,-10.8102
76.5769,4.60077
56.0866,-5.43575
123.562,6.19655
165.572,16.4336
68.8747,-9.8884
60.0014,-7.1939
70.2853,14.6004
81.6963,-5.76125
83.925,1.12255
47.4814,-6.37773
97.0181,4.78661
143.082,14.9669
71.3152,-13.3185
114.961,-1.7947
78.9603,-12.2568
68.0671,18.6442
76.3523,-14.0121
66.4154,1.31253
90.8869,-0.469131
57.1694,-1.15328
66.3146,5.05082
147.118,-3.94355
61.2495,5.07801
61.34,-1.50977
77.7312,1.4777
77.6792,-3.46575
111.782,3.41845
84.4216,1.48309
49.6764,-1.23014
48.3916,3.48676
58.4914,6.26435
89.7184,-7.08656
72.2872,-2.62187
52.4541,-22.3549
99.2002,-0.501802
94.6945,13.1663
66.0173,2.57258
60.463,8.96412
45.9756,-1.32742
54.7197,10.4591
115.227,11.7504
47.8206,-5.68573
73.049,6.47893
61.1832,-6.78834
115.637,3.9754
100.055,-3.1579
40.4739,-9.62842
82.365,7.12536
92.0207,-0.810169
53.5842,-6.91665
43.6871,-6.74565
104.477,3.53303
62.8269,-7.51089
64.8058,-14.1593
103.005,4.61846
87.0709,0.593126
128.699,-13.0573
68.2406,-5.26312
67.1735,4.22667
74.2724,-3.5944
49.5068,-4.90158
92.3138,-1.16627
103.211,-28.8127
68.8942,8.59236
71.6924,-13.2445
55.02,2.62567
66.6643,-20.2827
80.507,8.87746
57.9233,-12.9797
64.6463,-0.80335
64.8045,2.39494
52.7746,-0.561404
83.0565,10.0845
81.4594,1.46803
83.1863,3.61995
86.821,1.01931
92.2674,19.7199
57.0897,2.1568
66.7211,-6.04239
62.2184,2.39607
43.9178,-6.52909
71.1686,-3.84351
35.9165,-8.48964
53.8986,0.0428994
59.0169,8.85722
47.2074,-3.87053
71.775,-6.66374
86.8845,1.50847
74.3841,-4.39568
88.3369,7.73618
76.9582,0.858463
91.7548,-1.12661
55.666,0.57228
59.1428,-13.6022
60.0679,1.168
49.1495,16.7587
60.8311,0.998167
114.251,3.56074
103.722,4.80133
68.4605,-0.183812
36.0689,-0.104012
85.4757,-10.3112
53.8409,3.83859
63.5926,-6.97241
54.3035,2.0019
118.171,4.20962
52.0186,-10.8582
73.7451,-29.3588
73.7847,1.09445
91.9046,-2.81859
70.1535,3.25552
70.8372,-0.0807925
51.4121,11.8063
65.743,-7.15199
55.1101,-0.73667
70.9754,-1.62461
120.82,-0.834381
95.1872,-4.40781
54.1949,-4.24558
65.5639,-5.90886
85.7878,-6.08011
78.3785,5.156
57.8433,-4.39447
75.3865,2.96364
52.054,-0.129346
36.0255,-10.734
45.7154,-1.29734
93.9449,7.40136
59.6359,-12.8177
65.3743,-5.98706
69.5779,-5.52099
87.3121,11.9218
160.426,4.64798
93.4084,7.88762
53.8177,-3.983
93.8511,-10.9925
58.8172,2.10009
49.9452,-0.127878
56.4895,-2.7406
121.327,5.3468
39.3386,-0.244837
84.1826,-5.74688
80.5594,-17.5139
77.7415,15.1271
48.0168,13.4682
36.3644,4.11027
46.5173,2.30133
30.8863,-0.271811
76.7505,-3.73734
67.2081,-10.0438
122.826,4.26228
75.3438,4.03608
49.7722,-7.26282
52.4982,-4.54453
58.3339,-14.6673
33.3593,-15.2447
87.7021,11.0445
96.9999,-1.17641
76.336,2.3946
68.3503,1.60204
63.5301,2.43866
60.4507,8.3306
68.4744,6.85881
69.9747,9.54007
42.78,3.8392
56.0201,-3.4421
51.5007,3.73212
103.349,-11.2433
65.1881,-18.7479
63.3187,2.44501
84.8914,4.77357
63.6632,3.99552
45.3477,7.10404
98.5883,-11.6725
66.2597,-1.02575
49.4214,9.60041
49.0701,7.04543
57.2628,-2.49667
74.9529,-1.81023
97.8735,2.06275
51.6444,-7.85374
129.344,-0.402624
92.3814,12.8646
103.593,12.3781
39.8357,4.30513
41.3303,0.565806
76.7897,-2.76986
103.963,-7.80726
56.3202,-9.65591
72.334,0.161758
77.5204,0.676205
66.2733,5.70368
43.6703,8.10195
121.039,-2.85907
78.8326,3.88866
70.1505,4.30755
61.5656,0.947931
107.754,2.32309
88.4878,3.2632
57.5676,10.0202
89.6594,-10.5741
69.4773,2.94077
51.1977,-5.55509
75.33,-1.18345
51.4733,3.89125
70.7252,-3.24594
73.1336,-6.07148
110.353,-0.941068
67.6728,1.44913
62.9249,4.65308
78.2762,-7.27849
77.0146,-6.63072
52.2087,3.29018
89.7114,-2.41998
47.3786,-0.390065
65.3931,11.0978
86.1018,-9.08052
157.563,-4.43543
61.9081,7.19118
87.9271,13.6479
161.778,1.59699
54.6505,6.38869
67.8837,-3.48102
41.772,-0.896443
83.0922,-1.20343
60.9017,8.26949
79.2686,-4.34739
76.7934,-2.75752
86.7936,2.58428
51.4527,1.98688
48.6644,-5.40787
69.8381,-0.640859
51.561,4.14135
58.3624,-8.09992
73.8201,3.02821
61.9752,16.705
29.4045,-8.09224
53.4302,-0.670422
45.7453,-6.80254
67.0866,-3.46238
51.897,-0.0569691
44.8688,10.1408
53.371,-6.50328
70.2608,-2.34915
109.768,1.30455
55.2157,6.27147
47.7149,-4.09344
53.738,-2.12935
42.425,-6.03328
121.62,-0.408882
59.3192,3.34723
54.1709,9.392
90.3993,-8.17916
59.7124,-1.91412
69.86,8.79809
76.1099,4.8198
82.6784,4.00695
55.2798,-7.71719
49.93,14.8016
72.7971,-1.7341
128.798,-3.69345
125.247,-6.17303
93.281,7.07521
48.3078,0.646253
73.898,0.187912
62.8566,36.6722
43.4783,9.7493
97.2635,-0.972617
65.1535,6.66987
61.5182,-4.0871
58.4958,3.38293
57.5251,-6.62736
72.1645,1.77722
114.238,8.42706
48.9593,0.333183
58.5549,6.34342
62.5289,-9.51504
83.0448,4.22046
65.7139,6.06116
60.4375,13.8924
40.3204,0.144494
67.2439,3.60001
58.9626,4.88514
85.8504,4.39805
62.872,-6.89688
60.4461,-1.43057
60.7608,-4.31636
70.4089,-2.44587
36.2329,12.6725
72.2679,7.36882
55.835,-2.7586
43.3303,-5.66635
49.7168,-3.25259
48.1455,6.84004
73.4273,4.8037
78.3646,0.822728
50.5948,-1.59772
74.8542,8.15098
68.5742,-0.533567
66.1461,-1.1484
54.5553,5.69371
77.8897,-10.0015
83.779,3.99651
72.9874,-10.9726
57.4713,11.4585
57.9363,-1.51598
103.327,-4.06267
48.0258,-13.2474
111.307,-4.11161
95.4865,0.889667
71.1867,0.181999
62.0777,0.0879136
96.0738,-8.71199
72.7571,1.37783
58.1913,11.1891
60.9242,-9.35695
46.7552,11.8131
49.5047,3.24784
68.379,3.99448
43.668,-8.12767
78.1661,1.22807
117.551,-18.0053
56.6398,14.8454
61.3847,-3.85754
89.6038,3.87985
85.3851,2.74142
74.1935,7.47033
70.1249,-7.89958
60.7872,-6.31675
70.4248,12.2708
67.8722,3.37675
73.0463,-6.14571
51.7653,-2.20509
41.5085,7.10249
66.2746,-4.66818
70.2646,3.13779
62.8599,-4.95303
70.2704,7.10279
95.862,0.611554
83.8987,-2.66512
52.7424,-0.203923
60.4074,-8.21666
68.4977,-10.1481
48.8897,-10.1963
70.5004,-3.97618
41.0518,5.13943
75.231,3.04051
44.2964,-15.6094
77.6286,11.3549
54.3226,-6.45632
75.988,2.89774
85.3364,-5.07016
46.9763,-6.01623
72.6282,-2.00695
57.1461,0.904815
69.5834,-0.22697
76.0982,2.67241
84.9954,-11.9238
52.3093,-3.96949
63.8501,10.8723
66.5653,-0.126842
58.8137,-1.18772
51.6917,4.927
55.2991,11.7002
67.4165,-3.98499
60.5063,11.8719
168.313,-3.43774
113.017,2.73956
39.8192,-18.2147
62.7154,7.83907
40.1477,2.57483
95.8049,-22.475
117.902,3.80255
58.7974,-10.6733
51.7538,-4.0511
44.4761,-8.05219
52.8223,16.204
55.7634,3.78801
66.6113,31.2137
45.785,8.43172
47.6723,10.1473
141.96,1.23606
73.8841,0.49986
73.3754,-18.4601
55.0739,-0.946938
81.2576,-2.50923
57.1979,-0.656482
72.3514,2.34044
107.341,-8.55524
68.1448,-2.51743
99.2245,-3.45224
44.3461,-5.20477
101.62,10.0212
191.532,0.904815
73.8178,-10.5331
53.2828,-3.49755
43.7905,-18.3622
142.983,0.134784
110.518,1.88412
93.6197,4.74323
48.5223,-2.06103
65.866,3.70489
50.6725,1.98434
44.1726,2.47237
56.7821,1.94515
73.3453,-5.95529
58.0139,2.96442
37.0654,-6.08887
90.2927,-5.70821
50.0727,-7.42967
65.2655,-4.18684
68.5581,3.3569
110.612,-17.2613
51.0027,-6.75705
87.3203,20.8108
49.1489,1.24283
108.112,-1.56449
105.408,-17.292
74.7142,-1.88943
58.4559,-4.84699
52.5662,-0.434303
85.385,-12.5766
52.423,0.203492
65.7694,2.60228
63.0878,9.11332
89.3286,7.54883
49.5963,3.60355
49.9462,12.5332
90.399,-1.88537
59.8595,14.5527
68.037,1.68313
58.5243,-15.4105
73.4178,-14.675
69.3198,5.80312
42.4845,2.60772
75.1597,3.56954
70.9639,-4.32201
65.6258,2.94016
90.1919,-8.32244
89.2062,8.22616
53.9495,2.9898
93.1652,-8.31623
69.9627,2.72437
54.6287,-3.36221
51.6556,-1.82711
44.9272,3.96703
145.703,-8.37821
78.9371,6.62477
230.716,6.13634
60.665,26.4408
67.4196,11.128
59.6875,3.20183
76.3431,0.968949
35.281,-8.11446
45.8179,-16.2042
95.3911,-0.590191
51.8903,-4.03034
79.3619,0.998728
54.1142,4.83106
67.6367,-0.340217
68.9754,0.540947
109.733,14.1695
46.5095,9.02243
41.5895,-10.2826
91.4324,-11.1876
101.394,12.6147
85.4359,0.471333
115.489,9.08928
89.2135,5.44059
47.085,-4.93887
61.3483,8.51144
57.6439,0.841631
55.3718,-18.8293
63.5256,-0.370558
72.8724,6.40397
74.9974,2.60374
48.3658,6.88255
62.6796,-18.5099
55.7112,16.1326
56.4229,-30.2364
100.986,-2.37803
56.8406,5.92323
53.6779,-6.3413
57.877,4.13548
35.9869,-5.49959
57.9163,5.26325
71.4281,19.6336
35.2543,6.84803
52.2614,-7.71162
100.476,-13.307
46.7658,2.13125
66.1998,1.68797
97.6225,6.26068
59.2928,-6.2637
84.3651,-6.46141
79.0153,0.208757
71.5952,-2.39818
90.0823,-1.90445
67.5837,-3.14607
60.6854,-4.83296
62.2228,10.9148
76.6348,-7.66583
82.894,-5.60463
42.8686,-2.67116
78.5089,22.568
94.5459,-7.34348
82.1268,-7.22993
59.6594,-2.43538
67.6663,1.99672
47.595,-4.31031
80.9099,0.276041
74.1095,-17.092
64.7585,-9.11147
105.572,5.53472
62.163,-0.770852
58.4579,7.50731
65.6589,-0.0785914
55.903,-5.08885
62.0352,-11.9192
90.3771,-3.94468
91.9156,-7.46989
44.9619,-5.17197
45.4889,-1.18414
47.9443,11.9105
63.4949,-11.767
103.138,7.69566
59.2103,2.01528
99.174,4.2984
59.2393,-15.1543
65.2343,5.26778
109.772,-8.65722
99.9522,-5.34344
86.9475,-2.36417
46.2167,6.73288
79.9343,1.85231
99.2907,2.4555
86.2896,-6.44134
72.4369,2.7122
102.977,2.01636
72.4212,7.81309
36.4923,-16.0865
43.5028,0.98004
40.0456,-1.5458
66.3212,3.74766
84.1212,-2.91116
73.8148,-2.59283
44.0274,-6.06436
51.1355,2.79593
64.7706,9.55686
75.1001,-5.13567
77.5557,-11.5521
58.983,2.29482
68.4602,-13.0633
59.0982,-9.66929
76.9771,6.85523
64.7933,-0.164822
126.162,-3.45824
104.856,-5.33511
63.5524,-9.32851
59.451,-13.2515
54.0631,-3.63756
92.0642,4.4123
53.7504,0.213634
62.1559,-8.97224
42.2142,-34.5235
118.159,5.61689
75.3287,1.83371
53.0944,-0.408753
59.7229,-2.5908
60.3028,1.37045
58.7101,5.59816
54.1984,-5.2112
39.1331,8.00079
102.456,-9.24086
70.0568,3.11267
67.1882,7.35919
43.938,-0.947672
77.067,-7.28095
82.1137,3.58875
56.5691,10.7292
61.8841,18.474
69.9216,-10.8037
51.3232,1.01711
47.2413,1.78663
50.5146,-2.1208
69.4796,11.0923
61.757,11.5308
52.2724,6.59624
75.2745,2.20319
54.0898,2.10837
93.6068,4.75402
72.1762,4.33267
84.6779,-11.5801
81.6349,5.03231
61.3218,-10.0507
109.34,-3.78003
55.4279,-2.19175
118.264,0.41855
46.9885,11.9547
52.8517,7.97899
44.1404,-3.71965
100.308,-0.812715
61.7414,6.63215
37.403,-18
87.7229,-1.8149
75.0482,3.26031
56.2032,-7.04863
98.8568,5.29631
60.8118,-6.77146
47.9948,-4.83119
81.9388,2.52649
59.8079,2.85799
65.2571,7.41672
84.0038,10.1852
87.6881,-0.57884
42.1424,12.046
66.3493,-6.13936
68.4696,-4.28092
76.6848,8.86736
77.5138,4.49602
44.2951,9.0794
31.8803,-8.04766
52.7544,-1.25392
67.6598,-4.52131
85.4891,-10.4186
74.9495,-1.05134
54.6252,11.6658
66.43,9.29735
76.8917,-3.86388
72.6027,-2.61367
61.8447,1.77994
46.3724,6.34079
48.0211,7.05661
77.3197,-4.71898
100.372,0.722385
95.1877,12.8964
55.5879,-5.74939
81.7212,3.20447
85.8668,-1.44158
61.9343,-1.25552
72.8932,7.6011
124.141,1.24995
81.2104,0.581214
56.9685,5.92111
64.3282,1.21266
82.6695,13.7804
41.7311,0.804127
60.314,2.48527
79.9077,-4.27971
59.6931,-11.7982
72.861,-2.59882
47.7432,-18.7448
61.6257,-4.84254
51.0707,-1.48996
70.9569,-10.3474
67.2325,1.13666
85.3729,-3.64257
70.2305,-12.3512
101.495,-5.01142
113.658,-1.10179
50.2097,-8.51109
57.6184,3.13468
50.7966,0.736541
75.7389,10.485
64.9595,-3.83756
77.5358,3.49
87.6072,-9.85202
72.3325,-5.18544
56.8279,10.3978
70.4664,1.1364
48.6482,-4.87504
60.1802,-10.6308
66.0913,5.7439
97.7599,-3.00913
114.896,15.6007
53.1213,-5.77222
80.3193,1.92599
59.2344,2.94323
51.8115,1.70501
82.4145,-0.680392
42.1679,13.3381
59.2158,3.58452
67.6948,-0.841934
38.8758,-15.6667
74.0686,-9.69328
69.0248,3.65797
94.4392,0.27056
82.2965,2.51078
41.2853,-3.65884
69.7805,10.077
60.7499,-3.55163
56.8857,-3.52224
55.9776,-0.848623
82.2712,-11.2633
76.3828,-2.94836
71.4319,-3.41059
98.2967,-0.0315919
60.2433,-2.33392
55.0624,-0.70469
77.2441,3.53631
93.8537,-0.809953
60.7312,-3.95378
56.2809,-4.86455
115.153,6.97905
72.7403,-25.1022
102.258,3.23433
80.9497,-1.18319
89.0019,1.89729
64.6702,0.612763
91.8401,-3.07831
50.9142,-10.9145
55.9618,-1.61611
50.063,-6.288
69.1516,0.71794
119.869,8.69611
107.832,2.36447
53.3577,3.66639
85.8097,5.30196
63.5051,5.07788
45.7565,3.32686
92.3837,2.07557
82.9749,8.85269
71.5381,-3.27607
45.0685,3.85922
96.3191,8.94664
61.7311,5.32458
30.6791,4.50116
49.6935,4.44872
127.413,-2.5387
63.8897,-3.78745
62.4097,-6.78342
63.943,5.72668
71.8966,3.47796
50.7793,-0.824454
71.4511,-1.8212
72.412,11.0162
62.2496,8.30177
50.1739,9.6478
75.4879,3.70169
60.4414,1.90475
73.0018,-2.53029
57.6649,-2.09076
57.0341,12.9077
74.9408,-4.00225
77.8952,-2.21273
96.3728,-0.389418
79.6483,5.76354
74.4224,0.0362962
46.5603,0.826181
124.293,-5.86345
69.6217,-5.73864
85.344,-5.5938
95.3624,-2.65989
58.4808,-2.8778
58.9125,-0.245053
55.9014,-1.94959
79.7925,-6.19651
105.653,1.41862
94.6429,-0.302368
68.6945,4.27302
131.601,1.75232
69.7001,-8.42892
64.4436,3.78236
60.9736,6.95691
69.6024,3.12484
83.1924,1.49099
67.8774,5.32747
99.3596,4.11524
69.8308,2.18248
75.706,9.16028
38.4833,1.10058
151.989,15.4904
97.3567,-10.4262
52.0315,-1.42871
104.434,5.20287
76.916,2.32736
86.6594,-5.34538
84.2772,-2.8816
62.1521,11.9275
59.1125,-6.61622
71.7185,-1.58564
57.5751,3.1765
45.8539,5.672
91.8509,14.0421
60.203,0.665675
51.5616,-9.65008
119.091,6.5927
48.2101,-1.96116
67.3779,5.38301
80.3693,4.56693
108.056,-0.280745
62.649,1.05699
77.9819,0.339441
73.2399,-6.31502
64.5638,8.87889
50.9911,-0.472325
108.863,2.17669
51.5077,-4.64065
50.118,-2.8453
61.5248,-8.05599
65.8163,3.63208
73.9702,-0.310395
41.031,-12.1269
100.87,1.64317
56.7146,5.14262
83.5789,2.33746
81.432,3.9202
52.5581,4.17329
85.8844,6.54432
89.5329,2.33944
62.1144,-5.8089
62.7362,0.39805
50.2096,2.40668
119.55,-9.24526
73.0192,-1.79465
68.0004,17.6453
86.0918,4.98445
97.3093,-8.7211
70.3448,3.20196
58.8872,22.411
76.2397,-1.69971
65.1104,11.9054
86.1479,0.814701
64.8353,6.19884
33.2617,-3.88417
67.4516,3.70528
68.7434,7.77502
59.9728,8.29772
94.3136,-1.08694
56.9464,10.3147
70.6054,-1.0371
78.6,0.250405
56.9624,4.16172
45.5591,-4.08921
67.3606,2.37621
83.0523,-7.3554
70.7322,25.3444
51.3357,0.873957
59.4238,-5.55146
53.3011,22.7153
68.813,-4.44078
106.332,-1.32164
81.8115,10.1009
64.9109,4.089
95.9573,3.5178
91.9243,4.69028
67.6695,-7.65664
75.3207,5.21599
111.482,-3.71568
82.4418,-3.70735
58.4339,13.7569
48.2867,0.927128
76.4645,-0.368011
37.656,-5.63873
143.661,-3.35051
80.0861,8.55908
103.285,-5.63972
65.4491,1.27404
68.5163,0.428347
89.4581,15.8174
46.338,6.31221
36.9278,-4.67781
102.643,-1.46751
168.955,-1.57938
52.5046,-0.127447
81.1398,3.04707
79.8289,-7.61068
58.9442,13.7835
53.9912,-19.6787
38.1952,-7.13149
121.944,2.57737
75.4547,3.49781
55.4213,7.18678
71.884,-0.166419
112.041,14.7029
41.5551,-17.673
128.247,1.41408
47.0591,-2.55075
57.9915,-1.43838
64.0567,8.11321
47.7951,6.94004
108.826,6.06703
62.2845,-6.18723
116.694,0.114327
79.7486,-2.44294
59.4207,-5.74969
56.7083,-5.04409
60.9908,-3.55004
75.9009,10.2568
44.7686,0.205132
76.5815,0.243197
122.478,4.83831
102.105,-3.496
67.8707,2.74457
39.5035,0.295246
131.033,-5.52211
53.8977,0.857902
72.1653,1.26821
64.4093,-0.854665
79.4,1.65655
51.8631,3.77118
70.789,4.03444
55.6061,-4.36154
78.558,3.64839
75.3247,2.0448
62.1403,0.936623
51.0936,-1.05949
49.125,20.3163
59.4144,-9.14232
101.488,-7.84606
58.4025,-0.392223
112.194,-3.56549
78.4343,7.6421
54.5525,-7.19247
67.1376,-2.99536
60.4204,-0.214842
69.9722,-13.1135
95.5802,10.7504
47.2345,-0.504953
42.3908,1.67023
32.7155,26.5458
46.7972,-6.05007
57.4038,-5.34814
89.3474,0.317516
68.634,16.7461
73.1869,0.0785914
58.0891,1.46
71.067,-1.88991
61.4211,4.75597
89.2233,2.11424
51.7264,-2.4769
49.6286,-0.42839
65.4886,-3.51137
51.9931,-1.97078
66.1835,5.01293
90.3259,-1.32872
112.487,-17.5901
66.8776,-1.1885
92.3634,0.032714
95.7699,-0.937443
42.1502,-8.98583
53.1033,-0.539307
65.6439,5.17637
61.3326,-3.54524
72.8386,-3.16006
92.5268,3.38526
61.848,4.37246
69.4533,-4.7725
48.5242,-6.63379
33.7629,4.39011
68.0097,0.922381
68.8723,-8.26233
75.1535,-0.176777
43.6822,6.70521
61.2697,0.111478
93.8272,3.42639
53.9843,5.92931
60.0334,5.02053
63.0531,-1.37585
78.631,-5.29903
59.7119,7.09196
76.6315,10.9374
71.1224,-7.74822
46.4711,14.7233
160.904,0.323299
60.3379,15.8648
77.3748,-1.35276
61.4484,-2.43676
60.8926,-4.25088
48.4932,2.59516
40.2475,12.6548
101.792,0.599686
53.2051,2.40794
76.6382,8.61363
41.1246,-21.9132
64.6284,12.2272
45.0886,18.1131
62.5519,-2.66253
50.3543,-11.9861
41.8612,2.382
110.82,-2.58173
105.425,-2.52425
61.7329,-0.918496
53.6858,2.82243
81.6234,1.51892
52.4521,6.59831
95.9776,7.67377
69.5517,-12.3331
54.6605,0.825706
43.0286,-11.8469
70.206,5.48737
53.6825,-4.60457
98.6214,1.75547
80.808,-5.86911
68.3352,8.73245
61.9297,0.433957
82.5384,-5.06386
78.5197,-3.67058
67.3766,3.07352
56.021,-3.37257
61.3755,8.92765
39.4814,12.3541
73.5076,-6.87349
48.8403,0.0260245
99.3806,3.34654
71.0567,-11.6435
42.7231,14.7351
48.3694,-0.164131
51.72,4.82545
89.1038,-9.27793
136.799,-2.53145
69.8295,2.48109
102.437,5.41871
62.5664,-1.49272
105.465,-4.2404
90.4415,3.42587
90.4557,2.17656
51.5814,-2.18791
58.8983,0.0533869
122.379,14.1854
136.786,-17.6342
70.1357,1.64753
54.9903,5.34409
75.3941,10.6399
77.7206,2.69744
63.4656,1.30787
474.596,-6.90957
56.5979,1.39583
122.614,-12.3124
60.3414,-9.56251
56.6167,-5.98188
79.1798,-4.88147
53.0735,-5.5228
54.8981,8.11524
73.2767,-3.79526
57.4532,1.68702
55.7294,5.00555
60.1848,0.767183
131.232,3.17905
49.3566,-4.4621
72.4099,-2.17471
101.151,4.3498
70.228,8.3208
57.0303,-2.32438
77.6566,-4.25546
68.0844,10.76
47.2426,-0.0934379
60.7827,-15.2282
64.7465,4.27596
35.9678,-7.62293
89.918,6.29551
62.2304,11.1913
104.749,-6.90366
60.3606,1.5897
104.334,12.3523
59.3748,-4.14493
64.9948,-2.24268
77.1516,5.69285
46.161,1.10352
102.16,3.82862
69.767,0.771758
94.6731,-4.34579
62.859,2.74945
93.4807,-7.52553
45.8996,-1.5676
80.553,-18.0254
72.5042,0.221316
78.3284,1.1333
56.3357,-1.87316
56.9884,-0.654928
62.8429,5.86199
50.7757,16.4354
51.6535,-12.3989
105.812,4.32844
93.4512,3.10688
60.1488,1.9745
75.908,-7.53075
88.8851,0.907275
50.0698,-7.30391
567.649,-8.81065
87.6863,-3.09929
160.616,-3.47373
49.3523,2.97542
112.237,6.59542
96.8346,-9.2702
106.68,14.6303
55.8019,2.44056
93.7295,1.01806
57.4703,2.95303
56.4868,-1.01426
103.583,-1.84122
71.8357,7.37654
101.789,14.7034
62.6851,-9.97269
90.9163,9.25208
70.9127,-3.29436
69.2727,4.73288
50.9065,1.68836
107.966,7.59583
77.2265,-5.32125
64.5972,-0.187135
56.0181,-3.54248
47.4897,11.2793
48.8536,5.84092
57.1365,-1.81649
53.7542,-8.41049
85.2296,-0.431066
92.0767,-1.92633
47.6955,-9.75422
55.51,5.572
90.6628,-13.3633
56.2224,0.0445394
114.262,-6.99062
54.5035,1.71019
58.0719,4.711
39.352,-2.31268
64.5512,1.88322
80.245,0.430203
46.7881,-3.80441
65.6515,5.07137
60.7803,5.61292
59.7766,11.8341
49.52,-0.877367
44.4891,-0.541335
111.265,1.97432
73.4332,2.93378
102.73,-7.97303
59.9579,-12.5815
119.546,4.06569
59.0525,-5.10374
61.6684,-10.51
83.4681,2.52705
65.0396,4.90603
63.6526,-0.247556
87.3521,-2.52766
49.552,-14.3071
52.8929,6.98993
46.6618,-1.55456
51.5526,-6.16979
94.4614,8.82891
68.1918,3.52164
53.5508,-0.926394
82.6078,-7.01988
117.141,6.10134
93.5321,2.70107
58.3032,-6.87478
79.0567,0.584882
108.57,-8.38805
58.1825,0.80827
87.7995,-16.3209
102.312,-10.131
56.5105,2.71039
82.8313,-15.0104
47.1721,3.83078
67.2544,-14.056
107.577,-10.5051
28.5138,11.7187
64.3741,6.73133
58.7646,3.00684
62.3646,3.9518
73.7828,-3.92828
73.7975,-4.28407
111.592,-1.49855
61.8079,-12.7594
52.1145,-16.0049
70.1369,-5.78486
64.0351,3.44503
72.2216,4.21679
61.8131,-2.67038
73.546,-3.87938
76.6463,5.26355
81.9595,-3.56665
54.8174,4.56408
75.1527,9.6585
48.9536,-17.2782
38.5911,8.26932
55.2606,-6.11671
81.0499,-0.503313
88.4304,12.484
69.4399,13.6188
42.2824,9.46692
69.7952,10.5257
53.6512,5.31159
114.475,-5.8808
48.731,-5.64097
90.3133,-1.30632
114.659,8.34692
70.8534,-5.30002
72.385,-24.0477
58.7332,9.20313
70.0185,10.1159
69.0984,-2.99113
86.9683,-18.3692
72.7616,-7.04077
76.2138,19.2523
100.049,7.66778
112.245,6.30842
85.4398,-4.52347
93.6126,-13.331
83.6693,2.87448
34.8055,7.07948
113.728,17.4574
92.7888,-1.41348
81.0033,1.07706
185.312,-12.6668
25.49,-5.66177
46.8437,-8.74993
100.812,0.116528
101.722,-5.79393
58.235,10.1342
43.9997,-2.01204
91.4135,0.749057
89.527,-1.64222
75.2706,6.35861
88.2343,-0.366069
49.8424,-5.22311
87.6412,4.01243
59.0096,-5.19769
71.4802,1.96155
104.54,-2.24091
39.7116,-6.69227
69.2722,-2.4211
63.5327,6.34868
52.1988,-8.60884
55.6311,-23.3664
72.6013,-2.54255
109.95,6.63042
61.1138,1.99443
49.4223,-3.13269
75.4127,-4.44976
43.1109,-0.441122
69.4283,-1.94057
66.7135,-1.14245
55.2746,8.29318
127.375,-0.49179
79.8229,6.1483
76.724,15.2995
68.7384,8.61972
52.5528,0.433698
60.3544,6.02439
79.5368,3.31996
80.3286,2.65377
63.7183,-4.34173
64.9949,4.23043
79.4194,-5.31413
84.6499,-1.69293
92.2632,4.94383
92.326,0.728643
53.9328,-3.37261
83.0857,-9.90359
73.1808,15.2091
81.8291,-9.18453
61.4817,-0.125807
120.069,13.6487
63.2621,-0.584019
59.1521,-6.95471
72.6354,5.45716
60.5288,3.80346
162.979,5.82733
53.2724,2.35606
77.3766,0.397834
74.5592,3.04124
53.5347,-0.720572
68.42,10.6421
67.374,2.06608
71.5489,-6.36042
72.4529,0.130122
75.726,0.858075
53.3111,-3.71904
157.599,1.09053
43.7903,-4.41579
114.929,7.54551
82.6974,3.60964
101.127,-5.63467
55.0052,-0.155154
128.769,2.45364
52.383,8.67177
53.1631,-0.155543
79.1107,7.3522
73.1253,8.58476
46.8982,4.24618
98.6474,12.9022
76.8233,-4.59136
60.0785,5.21789
43.0285,-5.61551
67.7572,5.60873
76.2763,4.91479
64.2077,-8.29107
42.4714,2.58221
29.5199,-6.67742
48.9777,-9.78176
134.548,-0.518893
63.7726,9.02088
68.7097,-0.477936
47.8935,7.93026
59.4003,3.92793
111.278,4.15408
69.5506,-4.46737
113.092,2.96123
48.1187,-1.92711
56.713,1.84196
56.0126,4.70111
94.8916,8.34787
71.1293,-6.66758
76.9693,5.70208
97.4067,-2.6141
97.2482,-0.710344
59.1334,-3.03913
83.0254,10.6339
58.6866,1.94605
57.7905,-8.04597
67.1641,3.4761
71.8041,-8.02789
104.135,-3.77433
60.7033,-4.22814
62.2516,2.67901
71.2284,3.71766
33.9412,-1.77454
98.8148,2.32926
64.5341,23.4863
60.2692,2.07268
58.964,-26.2079
57.9508,-14.201
118.122,-5.9433
117.879,3.1964
89.5741,-15.3818
129.68,12.6716
59.2844,6.86028
62.3697,-4.87232
72.8993,-5.32475
82.0713,12.9301
66.7804,8.26703
47.5689,6.80336
107.835,1.79073
120.82,20.1689
44.1709,15.6573
59.8331,-0.205693
86.0212,4.91621
95.8168,-2.1886
81.7351,1.4411
64.8286,-0.84038
45.522,0.840811
57.7035,7.5225
104.772,-7.70973
65.284,-13.8909
72.8308,0.352518
89.7152,-5.34991
52.8256,-12.3536
79.706,2.85014
58.0725,5.49074
54.7582,6.33984
54.0645,-1.77907
94.6762,-13.3905
93.1225,9.75332
50.2529,4.0773
64.0674,-2.55623
72.9733,6.35606
74.878,-2.53249
68.2949,6.0089
66.0381,8.95972
73.4798,-1.58331
67.3915,-13.9487
66.5831,2.44389
60.534,5.59712
30.4837,20.7743
79.627,0.206427
54.2611,8.99723
107.094,-6.01878
63.1472,1.48137
59.6609,8.78739
80.3411,-0.567662
45.5039,-1.99435
69.374,10.1314
91.4103,4.29698
117.705,-14.8387
85.4215,6.79934
47.2371,5.00439
74.9292,5.79462
68.9945,7.51072
62.5463,7.12851
85.937,4.50297
48.7828,-0.166289
34.1112,5.74067
74.8349,6.89912
92.4667,7.96876
38.641,-0.999332
61.49,5.51115
47.5391,-2.20656
65.9891,-8.36172
71.5697,5.21362
59.1618,-9.25846
73.0494,8.90198
128.683,-7.45716
95.8424,-2.14346
115.026,-4.65713
42.5316,1.77377
80.8733,-3.04107
70.762,12.818
60.5786,-3.62651
70.3515,17.1854
46.8652,-6.57734
54.1625,3.93881
50.6262,7.59639
54.9226,5.05527
73.5766,0.968431
68.7426,-1.90212
84.4006,-2.84733
56.6056,-2.83986
149.079,1.40286
111.302,4.87862
83.6263,2.79973
56.0498,-0.881121
58.9402,10.489
53.0581,-2.16336
92.4577,4.54488
63.6624,6.52619
66.884,3.72526
83.8437,0.660021
28.0403,-3.89163
46.7095,-4.86037
62.9783,-7.80277
75.7035,5.35768
68.7209,-5.48379
69.5673,0.745561
55.4488,-6.38904
48.2816,-4.45066
127.344,0.602577
86.1332,-4.54186
80.6587,1.82098
72.7956,-4.67189
79.0384,5.17818
43.59,-8.46927
38.1479,-7.25013
93.7248,-8.37527
47.2819,-10.9796
53.97,-15.2501
47.8985,2.55036
59.051,13.1534
67.7491,1.20308
81.3055,-5.81451
67.4401,4.75389
67.8453,-0.786777
59.181,7.18194
73.3119,3.82064
116.837,-6.65623
51.5127,2.3719
48.4162,2.66304
124.275,11.9545
68.7996,3.53148
134.407,-9.78974
78.6644,1.56682
111.937,-8.60897
69.0519,2.84806
59.679,-7.54339
46.7998,-6.69093
58.2641,-2.63318
92.0656,11.4975
31.0235,7.01142
88.2032,-8.1688
56.9577,4.93645
40.6507,10.6206
81.4381,7.94235
65.6257,2.12076
55.9881,7.59117
74.4114,2.07488
92.0793,-3.46898
45.1272,3.05591
49.7801,-2.08869
103.67,1.0957
51.4046,-0.839215
62.0714,0.139747
115.365,1.44179
45.1031,-2.23901
91.7836,-9.40412
84.4251,8.22927
75.4306,-0.0301245
116.521,9.84175
55.3928,-9.73062
83.856,-3.28452
92.2815,-8.16436
58.399,1.55154
40.7907,2.23789
71.6467,-1.84329
77.3299,1.83255
139.93,-6.35309
79.2683,3.33895
65.0349,7.61581
56.1905,7.67481
84.4258,-4.67103
51.5822,-0.0364257
77.9782,-4.94224
83.4763,-0.485445
48.5004,-1.67467
41.7662,-10.2517
55.5926,1.37537
63.5075,-1.28737
84.0645,12.5953
144.569,-1.01228
60.2903,-20.711
76.9563,-1.70079
82.49,-7.90907
46.1925,-8.53349
85.6775,1.21228
60.2795,-17.5534
62.5792,-1.57053
77.4955,5.10214
79.5527,-15.1214
84.841,-2.91625
78.938,1.7748
95.7303,2.04657
114.581,-1.38033
154.299,-15.0226
102.885,-1.04909
51.9947,3.10209
71.0448,0.0318077
65.9221,4.01602
84.6402,-6.84841
75.1746,-8.88773
53.2906,-11.1111
86.3843,3.50679
70.2821,-1.79988
76.1179,2.66624
110.076,-5.10753
70.5769,1.7086
51.1746,9.83903
77.5255,12.9835
64.0546,-0.72286
66.0713,2.82014
52.669,-3.69043
87.5034,8.42663
96.5734,5.21038
67.7837,5.34689
68.8045,10.5023
70.9163,4.27639
69.2404,-0.235602
116.423,-0.190889
87.7477,9.95396
47.7981,7.6679
118.414,-4.46301
70.8384,1.16023
53.918,-0.082562
52.8588,10.318
66.8671,1.93876
31.5158,-9.20089
56.0905,-3.8833
80.8811,5.65232
56.0102,-1.21042
70.5533,-1.42418
75.3474,-0.318164
85.3705,6.59412
79.8524,4.14868
60.7769,4.73944
66.1109,-10.0659
85.1282,7.87131
72.1848,-4.56313
52.4136,8.82684
82.0213,2.55433
107.009,2.86675
62.4003,12.7837
80.6121,-11.2736
44.5435,-9.70425
123.397,-5.37473
62.3467,8.85847
66.8832,-0.276386
60.1169,15.3294
71.5671,-0.27302
86.6661,-6.64812
86.5664,4.73387
138.927,7.56916
70.9144,-9.10422
50.8045,1.10468
51.6521,7.08881
75.4281,-12.8993
106.168,-7.79548
52.4676,9.89125
103.664,0.25075
65.0048,-0.469822
59.2304,7.06317
50.5617,-2.55226
109.987,9.14012
52.5583,2.08921
76.1383,5.00555
70.6804,-6.95804
63.9521,2.52464
59.8633,7.19903
69.1126,7.11146
119.573,-5.09912
82.7068,-6.76982
89.9654,-5.21401
66.3085,2.22365
109.862,2.35179
53.1456,-5.45401
82.9204,-6.59274
51.6934,-4.02318
57.8809,4.07955
59.4259,1.01426
86.0968,-2.93287
53.7439,-11.6724
69.2655,2.58178
63.8891,9.82664
60.7415,-6.91181
56.6408,-3.73139
50.2507,-10.9446
78.7701,4.89735
52.316,-6.64492
72.1793,0.977192
59.8469,-7.53446
72.3702,3.05932
56.0412,1.72539
80.8904,-2.32749
68.0379,1.95507
67.3517,2.06146
80.7808,-3.09359
94.6137,10.4948
64.8761,-8.07575
46.4968,-13.7689
53.9084,-6.29495
68.3328,-0.316308
56.0031,8.98398
62.3483,-4.84556
70.4413,-11.3809
64.0501,9.85301
70.3456,-4.56292
56.5315,5.73484
95.1752,2.56771
62.8393,12.0073
31.0582,8.50052
65.8542,-5.9458
60.1247,-4.781
98.0361,0.372759
59.0276,-2.88591
77.0098,-6.31014
29.9516,-16.0784
102.862,-2.28675
108.061,1.85262
107.91,-0.999591
44.2634,-3.08859
65.905,-5.06899
99.9989,6.00022
62.1051,11.3645
76.0769,4.36331
73.0534,-1.20606
48.0537,5.12942
52.1692,7.75962
80.4292,-19.5561
42.6108,1.25966
64.8198,10.5697
60.5606,3.24383
66.2379,-7.4027
74.6459,-2.0801
46.6222,6.45015
52.1881,-7.98857
38.0342,1.62435
75.8549,4.62265
35.1444,1.44723
69.795,2.71371
97.7143,4.51005
47.987,5.82457
71.1029,1.29544
54.1468,0.768176
68.8296,-1.85982
80.476,-4.13634
72.1932,-22.1127
98.876,1.99681
62.6183,2.17695
66.1598,10.9088
51.7175,19.6444
102.983,-5.53113
78.8523,14.8268
78.6269,8.10415
71.2527,-4.2391
78.802,0.549579
93.6191,-22.2688
63.4242,3.6878
126.637,-12.8578
51.7557,-1.92456
69.07,-5.62872
57.1415,13.6917
156.263,2.29956
102.113,1.27688
63.3626,0.572453
75.3148,13.5978
72.2709,8.00747
67.7785,2.22753
51.8123,12.8013
74.2061,-16.8896
55.4307,2.09525
68.0917,8.59672
61.4281,2.10108
64.8319,1.6644
53.0226,-8.69119
42.519,-1.44952
128.91,-3.85387
104.775,-3.97506
52.8295,-5.94994
92.3019,-7.5481
67.0514,-6.73776
66.9493,-8.48204
36.574,-6.94397
48.7248,-0.86498
66.6037,-5.53856
87.114,-5.67148
67.1677,4.55485
70.8847,-3.91951
47.72,-7.16882
25.8838,-3.74433
105.13,1.2992
95.4849,-3.58754
69.4307,2.7482
95.4343,3.99629
48.6596,1.04607
69.1047,4.681
171.165,14.4771
60.6555,-10.6785
83.4742,-5.19467
85.466,1.37546
40.2256,-3.45837
90.6983,3.29773
114.073,0.416565
59.5049,2.22749
52.7682,-0.750049
49.7912,7.07439
67.9523,0.380312
78.553,4.60703
78.1066,1.76785
51.6656,-1.14892
142.091,20.9835
81.193,-12.4705
100.743,1.03231
59.5761,11.1311
108.641,-6.57069
74.7025,4.38679
72.4698,-4.89084
79.4221,3.5383
74.5748,14.5811
50.938,-4.90568
92.1345,2.74902
82.4793,-6.40384
61.1911,-1.16968
66.0296,3.89444
97.6072,8.75515
74.5205,-6.35477
101.272,-21.3936
76.412,-3.02963
64.9003,3.36601
75.3123,-4.41204
50.0485,-2.37906
43.3613,10.5807
69.015,2.91267
88.226,-1.45854
45.7205,-1.58068
109.315,0.118686
77.0039,0.0487258
60.3948,2.88738
42.7652,-2.92199
71.9655,1.42168
51.8953,-0.182387
77.9106,-11.1338
54.8288,0.692994
60.1669,5.61749
65.5028,-10.857
96.3772,5.62466
82.3952,4.86792
100.587,-5.73182
60.3466,-3.10688
49.4513,1.2878
211.647,7.75966
48.2644,-5.66972
79.085,-6.92265
71.8637,-20.888
71.3607,-8.88838
62.2458,-4.47
41.0811,-6.03276
64.3181,-4.96589
54.744,7.84084
67.8295,13.0058
52.6579,-5.52643
55.6282,11.8619
60.5531,-3.5528
56.9799,-7.23455
89.7997,-4.39736
56.3587,33.4051
80.729,-19.8736
54.9041,2.36944
54.2343,6.95981
40.2287,3.15552
72.1962,2.3785
62.3886,4.13047
72.3787,-2.4905
40.3875,-17.1474
87.0744,3.14422
49.7178,-1.3345
74.6741,11.5034
49.6135,4.95307
66.1065,-2.81833
50.2604,0.344922
58.2301,2.74302
46.3509,-18.4203
85.3753,3.93954
71.4635,11.756
83.4993,-1.91261
91.2439,-11.768
55.4312,5.43476
66.6144,1.42323
90.5589,-1.77782
107.358,-7.95547
50.2853,-2.73352
122.109,-0.284629
81.4671,5.55414
62.3172,2.95048
50.5842,-2.43297
58.1707,-6.09232
61.6907,-4.11619
85.3438,-0.107551
72.6277,1.32233
74.3714,4.98203
31.4309,8.14338
55.1361,-2.84198
75.2203,6.46102
71.5764,-2.12641
103.225,4.82959
54.4279,-7.34944
66.0544,-7.2636
59.1878,15.3421
64.4859,-2.46231
51.2647,2.74107
60.234,-6.90141
47.0043,-4.12352
52.8166,0.709006
37.5971,-0.0962
56.9176,23.6887
63.9911,2.15429
76.2953,5.02376
46.8532,-0.888674
94.7108,-3.78145
100.129,3.58473
67.3887,0.204959
57.6663,2.72567
55.2995,-2.84103
63.8532,9.90032
74.6205,-6.67362
77.8663,8.30691
82.3111,-2.02365
74.5478,-6.45921
73.8799,-3.06489
125.36,5.1617
94.2843,10.0726
96.2202,-11.9521
71.8455,-4.72658
62.2509,-14.0258
82.1539,-0.269783
52.8395,0.956044
97.1871,-2.01865
67.4707,-12.9362
89.0502,-3.58171
72.3806,-14.9902
56.5184,-4.37518
45.4077,-3.04146
61.3972,-0.614834
98.521,-0.619927
77.9989,-3.64024
56.7649,-0.910771
83.8592,10.0563
61.4882,2.68458
57.2191,-8.0565
64.615,-8.02526
52.9548,4.70219
58.7991,-5.78784
42.2955,-3.9647
78.8813,3.75409
58.6027,-3.32876
54.0445,5.84304
99.3221,4.55839
50.896,9.63528
73.252,-6.70957
74.6735,2.73879
67.3944,8.45857
92.8041,17.4256
60.3056,-1.90328
79.6431,15.2384
75.2206,-6.55507
71.0533,-8.90586
81.125,-11.1169
75.8694,-2.59024
72.4005,15.6928
64.2924,1.75447
41.5654,5.17055
123.59,-3.17991
117.611,15.3507
84.6121,-1.85814
52.6992,0.564512
65.4885,2.34583
96.3268,-3.67299
113.194,-15.7024
67.5249,-4.30121
60.6528,4.73719
62.228,-2.85065
55.7347,-0.860794
65.0157,-0.407501
45.1272,15.2628
48.4439,-3.7581
110.754,5.45854
79.1237,-2.08101
65.9188,1.42177
51.2961,2.70146
75.1716,-0.121448
134.822,-5.27253
108.173,-12.8911
41.2869,1.38452
76.3526,-12.9866
83.5279,11.4102
54.9273,1.68404
81.5156,0.99562
56.1154,-0.202499
109.467,-15.1287
99.7117,-3.24922
74.772,-7.25669
90.5652,-6.44216
72.7583,-19.2126
52.6979,6.06604
83.0916,0.668005
74.7693,5.05605
60.5822,-0.556484
72.7227,-1.09704
69.5891,2.98755
66.7996,21.4986
102.511,-24.6852
50.5658,0.552211
97.9596,-9.71525
81.7541,-0.00815693
77.1185,5.06783
80.7276,-5.03956
86.1889,-5.93941
87.6923,-5.69181
85.476,-0.796704
64.9214,9.4437
96.8346,-0.718846
68.4729,0.300814
63.1117,-2.55968
55.3502,-6.46745
56.83,8.87561
73.232,-4.98177
90.3285,-0.185624
50.8779,4.53137
72.4377,-17.7156
87.4087,-6.05171
88.9056,5.95819
59.2826,1.62491
46.4253,-3.10671
92.4567,-4.4577
79.0885,-0.691397
40.8958,-4.24506
64.1291,-8.25331
79.0933,4.54246
104.44,3.73751
70.3066,8.2423
44.0591,0.272157
48.5028,1.49816
61.8588,4.41489
66.1213,-2.45597
92.2027,-2.88466
53.9575,9.13361
86.1654,-10.6763
60.9908,0.826742
39.5176,0.947628
72.4792,4.01602
72.4174,1.05082
57.6329,1.00783
97.1338,-1.08271
67.5732,-6.95437
101.05,-4.41424
49.4042,8.12215
57.7981,-1.11953
74.7084,5.50593
86.6066,-8.19193
63.6236,-6.12655
74.0034,-5.71305
60.9319,-10.1578
54.7218,12.2056
79.0604,-0.437885
113.744,0.0116096
46.0841,-5.05678
50.8841,-7.07068
111.318,0.474311
44.8777,5.3364
68.1374,-1.47943
95.9495,-6.83642
61.9303,-7.13516
51.4072,6.62529
79.1827,-1.63562
51.2531,2.4668
55.5077,7.92465
64.5306,2.92601
40.81,-13.8961
55.572,11.3493
92.7234,3.99789
53.3973,-13.3244
38.4636,-3.62815
53.5725,2.0694
74.0022,-0.947672
80.4444,-4.55463
46.8659,-38.5531
45.8449,4.27937
69.8764,6.43422
104.924,5.79311
49.8765,4.29883
63.4304,3.30503
45.768,-2.77193
54.0236,5.68698
76.164,3.51883
109.73,-7.79639
99.144,2.82998
85.9301,-2.93356
59.9003,-6.04722
114.745,7.94796
175.998,0.745043
109.651,-0.807364
125.755,5.61892
70.5725,-3.22876
64.8148,6.11114
55.0438,2.23042
55.5211,-5.79151
115.168,-9.19398
71.1619,1.71511
48.8939,-6.30945
56.9657,6.97754
67.2859,-2.93982
82.9221,0.937918
78.7278,4.1615
69.5815,5.35319
72.5735,17.5622
50.8592,7.25721
74.0713,-2.83982
93.6617,0.441294
70.9006,5.43545
49.7774,3.90683
25.631,-12.8268
49.7803,-3.12652
70.6943,-3.58379
94.3311,-1.11711
46.3958,5.62302
67.2006,3.60657
201.208,-2.82485
80.2044,-7.65694
51.1794,4.14351
110.6,-3.39385
113.734,-0.217216
50.6557,2.78937
69.6051,-0.970675
56.9598,-2.26633
67.7922,1.06886
78.6208,-7.94041
60.5286,6.58761
122.334,-0.759717
60.8834,-10.0489
87.7871,13.665
22.6347,9.00815
44.8518,-1.68119
65.6183,-6.3227
89.873,5.8316
67.0864,9.94731
88.2389,2.10017
74.6401,-13.2582
122.769,-12.073
48.0975,-0.717637
73.6386,0.725233
90.0232,-3.67873
74.0391,-1.1673
48.0737,-11.5016
72.0742,-3.34641
107.199,1.70053
69.8162,-4.15939
50.5193,-0.588378
55.6322,1.77795
104.022,7.86272
123.326,2.81354
57.6773,-3.91118
110.084,7.96259
97.4352,0.655705
48.1987,-5.09312
39.1082,-9.43131
87.9346,10.4237
60.4281,-4.18412
132.274,-4.69572
67.5821,3.16718
55.9061,-1.02972
92.0782,-4.97922
101.44,-7.70165
102.95,2.15848
80.1675,-2.08205
48.2157,5.91624
81.6494,-8.82792
96.3994,-5.84252
58.438,3.13645
41.7496,2.2492
70.13,0.141473
51.054,-4.80318
126.571,6.08231
45.4242,-4.49184
43.6137,-2.63879
42.8685,9.97338
115.703,-9.32316
57.922,-2.44721
43.7985,0.806889
134.949,10.5236
56.0587,3.90799
64.9484,12.3325
67.993,-12.2722
55.8276,-17.1636
50.5517,-5.95033
60.7968,-2.05512
72.7099,-3.1002
82.071,-8.74242
91.7753,20.0912
88.0845,0.53948
77.96,2.14156
56.8649,-7.04383
65.2221,-3.70424
78.595,-4.64669
90.1664,-15.4933
204.846,-9.12023
76.111,7.64922
54.1079,11.569
74.254,-0.754452
51.3096,-4.84893
74.672,-4.73978
64.1987,1.03861
147.779,-3.24119
58.9284,-6.69123
61.9493,7.88801
71.9353,0.348547
59.8956,3.34369
63.2533,-4.49637
45.2994,-7.62138
63.6094,-1.2443
53.9411,4.08926
76.2517,15.544
82.386,2.78708
48.9192,0.3889
87.14,-5.35634
66.2754,-9.19567
66.7463,-3.19566
98.3495,-1.25392
69.4761,-4.81043
67.121,2.05222
81.282,-6.67945
81.703,-19.8528
66.7259,0.450228
50.8239,0.165297
105.692,-5.87852
91.5865,10.4921
46.7959,1.42073
51.6334,-7.29635
63.5341,-8.13246
133.795,3.52121
49.6869,-2.82191
108.987,-5.67321
66.8808,12.5846
96.5385,-4.51812
83.6666,-1.45867
97.2804,3.26385
40.7492,-9.08
80.7105,-2.39192
45.2964,-2.2549
66.7781,5.85512
67.4643,14.7882
61.2507,-9.44102
89.6462,11.3628
53.173,3.62276
54.4963,1.87381
52.9413,5.45
52.4124,-2.41475
72.5605,20.0603
83.8467,17.0456
43.2816,-18.7709
56.5129,2.35416
66.3042,-7.14262
72.3019,-10.8776
72.4137,8.36327
99.1358,4.74811
90.0281,-0.844566
50.53,-4.18662
88.9748,4.9753
53.889,-9.79673
92.7813,1.71792
80.3098,1.78145
63.243,2.59736
241.54,3.07745
32.9226,2.49645
51.8407,1.72336
48.6087,-4.89317
96.9848,-12.5221
70.5272,6.13617
120.611,16.7018
126.969,4.69826
45.9424,-0.862995
67.4867,-2.15507
68.7673,4.46258
58.873,2.9002
34.0965,0.758724
76.7818,0.474569
73.3911,0.467276
62.6366,-1.93104
48.692,-5.15363
78.2272,13.2821
86.5139,-4.14635
32.3021,-8.92576
130.735,3.78797
51.4511,0.467103
60.9419,-1.0071
88.8067,12.8607
93.26,-6.62352
94.9914,0.919058
55.7372,3.31033
99.3342,-6.71691
77.301,30.0548
73.2209,-2.02935
50.2097,9.69484
93.3387,0.677845
76.2155,-4.80551
123.873,-14.7233
79.0375,-14.1302
75.908,-20.6036
86.1578,-7.42674
68.0967,7.28418
50.4285,5.29709
42.0849,-8.90206
83.9343,-12.3993
62.7094,3.28487
38.2523,-1.33787
81.3698,3.66013
67.3062,-6.36172
96.4068,-2.07488
65.7386,-3.94256
37.201,11.2347
54.419,-7.72289
51.5413,-9.28967
54.3056,3.20783
64.8851,-6.61273
89.8588,16.877
31.8213,3.72565
85.4849,8.37316
53.3765,-6.61212
82.718,-0.183337
90.1848,4.74457
37.2722,6.53629
64.6336,1.93876
107.138,-2.2161
50.6969,-8.43133
78.4642,4.58208
88.6407,2.64492
55.3975,-7.96022
40.7762,7.2235
62.632,-5.6556
94.8513,-1.28267
114.268,-4.04075
65.0246,-3.39618
56.4396,-0.0419931
71.1516,3.08815
83.06,3.17797
44.4472,5.7004
70.4278,-1.00943
69.041,3.59289
29.3127,-7.37607
103.207,1.14866
41.0786,1.60575
65.3027,2.19659
87.2443,-3.18431
74.1601,20.4242
55.4907,-6.76331
73.1841,-7.10749
46.9475,8.67004
144.381,-5.7234
65.9844,-2.8825
78.1523,0.953973
116.407,4.15235
74.7284,-2.35213
54.3358,0.928682
49.1052,4.87802
55.2354,9.22368
123.815,0.241083
78.0913,-0.886343
119.922,4.12292
62.7069,-10.4108
68.775,-11.4308
43.8482,11.5891
59.6785,-2.44906
116.315,-5.87502
52.5115,-3.77217
48.0841,-0.846551
57.9107,-2.54138
68.9793,4.64967
49.6872,3.13766
36.1749,-19.0337
61.7862,-10.6769
60.7531,0.993333
45.0274,-4.63965
152.926,3.7196
52.7069,-1.55068
60.3065,0.580869
101.388,17.9184
60.3696,-11.5301
43.9063,8.24705
80.1741,-2.0527
67.4525,-0.352906
64.2194,-6.25727
61.5241,4.08481
80.1717,-0.4094
56.2103,16.3852
61.5564,4.9999
70.339,3.73424
66.6607,10.8218
86.9391,4.60254
80.7563,0.0231329
48.7758,-9.29826
141.367,-5.77895
41.024,3.0503
43.0266,9.02882
48.4749,4.09232
72,2.29624
48.4363,0.591011
56.2579,-8.53901
72.1167,2.19387
77.2949,6.29387
47.6598,4.5296
48.0711,-32.417
54.7228,-20.4072
51.7,-1.66237
69.6048,-8.00204
86.066,-2.80909
126.682,-6.45585
86.1039,7.53571
51.2846,2.62886
34.1626,-8.25909
70.3983,-7.84619
73.9921,-1.56535
57.3668,12.1495
61.9102,6.59676
107.628,9.6733
81.3134,8.35015
57.8441,-3.60972
78.4444,-10.321
83.1324,1.7231
65.0418,-2.51963
69.5435,0.46296
51.3009,6.97068
68.8839,0.552082
51.5028,5.68327
104.091,-3.42047
69.148,0.84448
75.5101,-8.38641
87.9257,-0.652684
58.0746,6.81436
77.4501,-0.726614
70.0405,3.05082
67.5415,12.3567
66.9216,-0.0505816
49.4945,6.90189
99.0117,-6.09301
59.0831,-2.16517
89.2588,-6.3659
69.2267,3.9748
100.613,-14.8847
74.046,2.9163
86.4992,-1.94843
54.2533,-2.85626
89.5817,4.32805
35.8112,-0.73667
60.1694,-6.68299
77.1506,-4.58726
55.8931,10.3515
70.2028,-19.6832
71.8808,2.74669
47.989,1.62983
68.7768,2.66615
59.4467,4.99951
50.108,-5.28742
63.0059,-1.59876
67.4481,-22.0864
54.0228,0.271768
49.3271,-0.463262
54.5911,3.03559
52.8958,-3.93734
127.669,-4.41523
91.4177,-1.46436
51.6645,-7.23744
55.2973,-0.742367
83.0024,-2.17773
70.5096,3.76941
92.6773,-4.95739
103.08,1.75352
90.4935,-4.55295
37.7627,-2.29184
108.083,3.23589
106.694,-10.8696
74.3271,1.19506
60.5827,-4.87845
59.7959,0.337844
47.1795,-12.2202
66.4213,-7.65638
89.9219,2.00574
46.8634,19.4902
59.8565,0.155759
53.8643,-0.347986
94.5475,5.66385
67.8745,11.1316
40.5714,-3.69487
68.6199,4.44682
49.1181,1.45081
54.5912,-4.61091
93.0102,-0.840466
39.8855,7.96988
64.4443,3.17896
51.8119,-4.26206
66.4353,3.88702
56.98,7.11267
97.9421,-14.46
56.8036,-0.822167
75.2675,-13.1208
79.792,6.95605
39.1908,-9.6115
52.3248,-7.91969
48.7269,-4.63189
60.8479,-6.26793
72.7942,2.16884
93.584,-3.01867
69.9101,-1.45129
67.9187,6.28969
44.1152,-0.268316
28.0837,-12.3697
92.8369,-2.56507
61.1684,6.25671
79.9141,-8.13548
67.895,-8.9378
112.368,-9.91546
46.1988,-2.26892
96.9963,0.309704
60.8427,5.95422
61.8023,4.34596
35.3691,8.68441
39.7367,14.1624
67.0882,3.5291
49.5456,-6.37665
72.9743,5.9187
42.8339,-1.57355
58.1438,4.66736
78.3587,3.15859
46.2957,-9.70843
81.0446,4.15563
74.3887,-8.29336
53.0599,24.832
97.6033,0.805378
55.3333,-2.95915
62.9687,-4.78005
115.877,5.36169
68.7698,-3.7925
119.211,0.465679
77.3502,-15.7549
76.5656,0.373924
52.3798,1.91317
92.0782,-8.36638
46.3542,-15.6289
73.613,4.12965
104.256,-4.47039
50.7855,3.01819
56.5007,3.04521
47.656,-2.86093
66.6539,7.16904
63.3193,-3.80514
58.18,8.88881
50.8769,0.561059
57.2393,-6.6198
81.5942,3.22277
80.3287,-2.86641
82.9058,-6.13772
49.7141,3.9281
66.2164,5.96932
63.3228,-2.89364
49.1253,-2.52054
93.915,-7.3916
50.1836,-8.77781
54.7947,7.62578
66.1754,-2.24575
107.912,-5.17145
66.6438,-3.39816
91.3995,-0.398179
67.6701,22.1725
45.752,3.56367
82.7354,3.10481
64.3997,6.56275
72.4192,3.08168
66.2097,-1.71688
64.4569,-8.49141
36.1393,4.6949
67.7522,2.57565
72.4833,-4.78475
131.091,-1.10934
76.2344,-2.49054
71.5404,-1.74645
85.0901,0.900974
73.951,2.60021
80.634,-0.631666
71.089,-6.35559
96.4297,-4.58346
54.0329,-0.55342
63.2937,6.46331
72.7484,-25.68
56.4355,-14.3297
37.1928,3.37896
76.5462,-5.17637
54.0709,-2.68782
72.7744,16.1025
88.8734,5.91563
77.3599,9.01928
65.5014,6.25939
39.4274,5.01129
81.5768,3.03865
109.88,-18.8041
100.684,-6.56987
50.86,-6.3325
48.7225,1.43471
58.6403,3.16959
101.826,-2.05581
90.81,-4.94284
152.744,20.2165
95.5087,5.23826
80.3611,-1.43955
77.1442,4.20578
52.3327,8.50764
44.6624,-5.2541
70.8455,-3.46195
42.4832,12.2456
107.093,-6.64648
96.495,0.178589
127.854,-12.8347
150.74,-11.9039
186.669,-0.950477
58.6751,2.99674
67.7308,3.24698
59.9549,-2.46331
52.0934,4.02167
66.8901,4.39676
54.2411,-13.2239
76.9512,17.5773
99.3881,11.8198
59.3209,-6.71898
48.3266,11.6457
91.8607,-5.32583
67.5575,-19.7702
60.0329,-20.8205
130.486,-2.81164
64.2541,7.34366
47.8129,-37.9908
64.233,4.12132
94.6423,-1.71852
106.394,7.54965
95.6591,-7.58237
63.3662,2.47846
65.4699,3.58098
58.1411,-0.223992
43.3334,2.0543
59.4789,3.87661
59.6313,-3.12536
53.4604,-0.956303
93.9025,-6.1098
40.0397,8.20234
115.561,-0.628904
43.4141,4.73719
73.6128,-5.36049
92.9784,10.4425
60.6625,-12.3848
43.8113,8.01883
54.3921,-1.17361
69.3694,8.69758
164.763,7.86799
77.9223,1.53014
66.6003,-8.1089
85.8652,-6.05711
71.9188,-0.682938
87.6778,-7.19562
75.2423,-4.34868
82.5063,-0.805378
75.0499,5.44585
63.2628,1.42233
86.2845,9.93514
94.2852,4.32386
107.682,4.1205
57.3931,13.0122
88.803,13.2595
111.109,-8.9012
65.2071,-0.0207592
103.803,5.80761
77.7322,1.58188
93.4091,1.50204
57.7467,-4.6132
43.3643,-4.63085
115.52,14.0892
54.0684,-6.00419
105.312,-0.14812
102.119,5.07974
46.0623,2.3839
59.9995,10.8049
48.7259,12.0549
66.7141,6.87815
49.2716,4.46201
43.5195,1.12393
79.1953,-5.41262
53.1156,-1.98964
64.5716,3.8619
54.2077,-11.3143
49.8267,9.97774
84.5351,11.5342
57.7078,-6.50423
55.5356,3.83566
66.8072,-4.5261
64.0342,2.70271
73.3925,-0.0783756
58.2123,-8.03859
55.232,5.6922
56.4976,-3.17749
83.5379,-1.40688
53.3885,-0.955785
81.0292,-2.77776
55.7504,-0.674911
47.4879,-0.417385
80.9943,-7.26873
62.0504,3.58892
74.4122,-12.091
91.7708,12.1402
74.3398,2.66279
56.0644,18.5409
51.8233,3.24944
70.8301,9.58086
117.158,0.328047
105.877,11.9701
73.2006,-5.47619
48.8824,-8.04507
59.2203,15.9528
96.3353,3.64058
45.9256,12.031
73.0911,0.972013
51.4568,4.03255
95.7716,-3.14391
56.5743,14.8587
46.76,2.97538
61.3408,7.05471
57.4097,-3.67895
66.3427,5.8679
82.2748,-2.21545
73.8057,5.07573
77.2369,3.6846
81.6635,-2.2984
78.8881,-3.75534
61.2934,-7.87425
74.0365,2.90326
88.5368,-10.394
55.2498,11.5352


120to170 430
55.5625,3.95672
125.169,-4.43565
33.9017,5.82595
68.7839,9.43524
52.136,5.36912
37.5165,2.56697
43.5945,-3.35457
45.6836,-17.5226
56.2943,-1.79345
41.1455,2.41208
87.0572,0.753804
78.8729,5.26597
39.3355,-2.02542
31.2527,1.30977
43.0855,-4.18196
31.9017,-11.5502
67.5309,-3.72219
90.4074,-7.63813
61.6819,7.84162
54.8544,4.46883
33.2767,4.24769
76.5287,18.8439
54.3394,-4.86473
52.9267,-0.393216
79.6434,0.358862
62.0555,0.794028
178.351,0.903995
58.2323,0.312941
120.628,-3.76332
73.9983,-5.27823
33.5781,-1.3645
66.07,1.03274
84.4064,-11.813
58.4959,-5.78767
82.8862,-5.48288
44.5726,12.4902
66.2925,0.574265
99.9603,-19.0309
44.6745,-2.21726
57.6765,-10.4661
94.4124,3.267
69.8495,9.532
73.6855,-13.7643
58.9354,-72.102
37.5182,-0.958332
58.1021,3.22613
94.4022,1.87989
37.638,-0.263439
69.8653,0.89955
65.1351,-2.53741
47.9113,1.94109
72.639,5.01561
151.261,7.9616
48.8174,4.73624
98.0918,-3.36484
127.922,-13.837
46.5578,4.95044
109.655,1.04991
54.0239,2.00971
30.5821,19.074
46.9337,14.6726
75.0949,5.06528
58.4598,7.05471
40.1589,-5.90609
51.3348,-15.7467
47.77,7.28181
118.142,-0.430246
58.1344,-3.52712
40.9422,0.687988
37.5805,-3.39367
42.5585,10.4193
46.9371,4.65567
46.477,-11.2732
48.7933,-6.49948
57.7876,-4.74358
51.45,-5.22708
97.9161,-8.86447
61.4305,-10.8424
47.86,-5.6651
49.7695,5.37641
90.8405,-1.97514
81.1218,6.8942
61.2121,10.9849
96.4826,5.23304
72.1143,-2.54975
137.542,-2.00829
69.8894,1.80268
64.8407,-12.0518
59.0559,-7.09545
50.5564,-4.20578
68.5022,3.99163
67.0393,-5.6354
59.2658,0.589328
73.4126,-2.1902
72.4991,-1.74455
47.505,-3.97325
62.701,2.56046
67.2727,0.0627523
60.4299,-5.76665
39.8398,7.62759
76.3392,-1.16484
83.4024,1.80549
69.352,-2.80253
77.7927,0.589069
80.7338,11.3912
109.352,-9.32488
52.2018,4.82882
47.8832,-10.8716
47.1878,2.1426
73.1818,-9.03365
64.3568,5.15251
50.3548,-6.26884
58.3311,5.46402
22.0532,-7.56713
96.9388,-12.9126
46.5203,10.0698
42.8716,-3.74088
56.0517,0.279062
52.5136,6.28067
46.3597,5.67628
57.152,8.55528
97.0364,8.34765
36.236,2.88022
113.732,3.71015
66.0192,-4.46905
48.9259,16.4479
46.7455,14.4168
85.8593,3.0838
61.8164,-2.36124
58.254,-4.78264
49.9753,-12.7926
46.2638,9.48638
62.7867,-13.5318
56.2902,-2.47457
171.678,5.06243
75.5365,10.5724
55.935,0.666926
91.2942,-5.70062
62.2231,10.583
79.9425,3.60735
75.4702,-3.55267
83.0795,2.41432
84.5156,-7.63385
93.2512,0.668523
43.2257,0.283594
45.7742,-2.5517
57.2765,-9.06278
55.2773,-4.55826
71.0308,0.827519
146.035,-13.1535
42.6794,-1.37533
72.0866,-4.36499
64.3233,-2.90987
40.4667,-9.45147
105.193,5.49851
103.814,2.16849
59.8028,10.413
59.4649,-13.1941
53.7372,-5.33567
34.2734,1.03455
115.254,5.57611
79.9641,-3.08906
124.895,-10.3656
51.5888,4.30729
58.8006,-10.0925
98.9611,-4.69537
41.1658,-4.68096
84.3621,9.63683
66.5482,0.611166
58.7873,6.73918
57.4091,-3.41659
65.1749,2.23992
46.7471,-0.142638
39.3379,-4.91332
36.8394,-5.3998
51.6794,-12.2601
52.4926,8.98186
52.3613,7.04733
77.7492,0.779613
61.5196,7.42246
55.7899,5.2191
45.8036,1.1727
70.2598,-0.115794
84.2684,-4.3681
55.6031,-18.5633
55.4098,-1.91817
95.4343,-18.4382
64.6344,-4.94112
41.1388,3.56277
51.681,3.28936
59.2165,-1.61214
72.8581,-5.84615
62.0119,-0.521224
39.1076,-26.1926
51.1263,-8.18852
62.2716,4.12223
71.9089,0.989665
72.3573,0.389418
66.2307,7.44931
91.0241,5.61698
115.898,-3.38228
120.438,12.7262
101.78,-10.5278
86.2029,-3.4462
40.2918,-6.94569
62.6082,10.6997
140.817,2.57047
51.3906,-3.71166
49.92,-3.27326
49.5048,2.16077
59.2712,-4.77388
77.6781,-8.85161
63.7129,12.1483
95.1777,-7.16433
89.1119,2.96873
47.4822,15.1438
65.3207,-2.61825
36.5047,0.0382383
47.047,-22.0976
61.6434,6.73473
35.7095,5.24184
63.1382,-8.55343
42.2695,11.9128
133.395,11.6589
70.1859,3.32777
78.4056,0.791913
75.0544,6.51186
121.046,-21.8999
58.8818,2.31605
137.026,11.7071
37.2583,-2.60055
136.621,5.22518
63.1146,-11.887
48.6247,7.60692
54.4018,-12.5444
51.4279,4.61449
64.7088,0.79502
67.943,0.444272
71.3555,3.02644
56.1213,-2.4495
65.2902,8.75329
61.758,-2.97171
63.3474,0.761573
100.684,8.49348
65.1589,-4.41825
88.9023,-1.00844
62.0982,7.75612
37.7866,-12.9951
49.0413,7.89181
41.6923,-5.40822
45.1531,3.13649
26.696,-17.7888
59.6559,6.64907
112.677,-3.25885
115.622,-0.0472584
65.1522,4.73637
56.9205,-9.89535
44.5664,10.3503
57.4738,-6.35352
48.1312,-0.212123
68.2141,-5.95029
42.1002,5.37702
60.313,7.72323
110.317,-5.09027
60.6556,3.44041
54.7141,-2.69515
116.251,9.01138
75.431,-15.6434
26.9304,1.76889
57.6687,10.2762
34.413,2.77957
75.2405,7.84209
91.6587,11.1781
63.3145,-1.39488
60.7042,-13.5949
104.014,3.8808
57.8882,-3.62094
61.6779,-8.29551
70.7781,-16.127
58.1766,13.4134
59.1815,3.06791
66.3043,-2.69455
43.0433,1.48284
79.0005,12.9019
50.6435,16.6883
95.3212,-3.00011
69.5309,4.28817
71.0978,-4.38247
42.4497,4.82226
59.0947,6.62917
85.5382,7.12868
111.087,-8.79667
48.5396,-12.4035
80.6895,-16.4198
46.077,-12.4695
57.8376,9.2119
52.6127,-6.34381
58.2948,3.70433
51.5328,-4.17963
45.4099,8.98001
49.9058,3.37309
57.6728,-7.31379
75.2062,7.3011
57.5634,8.47747
79.6324,-17.339
98.6206,4.38679
92.497,4.41113
77.0913,-4.33366
62.366,0.632141
56.5416,8.93663
94.6584,1.72642
41.4271,0.957512
67.1709,0.560843
46.5113,-9.5005
47.2576,-7.00905
82.3298,-8.85614
33.6652,-13.2467
123.535,-5.90368
48.1204,0.273667
55.1233,-7.23895
42.9474,-10.083
43.0843,5.69211
61.514,5.43843
95.1857,-14.88
75.1053,9.60114
34.5103,-8.06863
67.4519,1.05617
74.6124,0.180229
66.062,-3.43049
58.1004,-1.20464
95.1145,-4.55321
43.8208,4.25114
77.5185,14.9095
76.1615,-5.60942
46.3997,9.79121
91.8944,-0.0502363
47.3152,-17.1681
64.5655,9.37607
64.9158,-3.26295
47.9738,-3.86276
63.1147,-5.19182
74.766,6.4795
56.4459,-5.39682
58.8052,-6.06673
52.4961,-7.6569
30.7034,-7.51858
63.8533,-8.55593
47.8695,-4.52693
48.8948,2.29615
62.1291,0.426836
100.777,-20.0002
75.563,17.0996
80.3829,-22.1239
49.7124,9.52846
65.135,-2.62942
55.0593,-1.71391
48.4976,-6.22978
117.311,0.662654
73.6457,-6.30846
115.013,-0.202672
61.1816,1.86776
65.0802,-6.271
29.2701,7.87364
71.8779,-0.715005
60.11,2.91893
52.8577,-7.89962
58.0118,4.42852
66.0234,-4.9109
51.6907,-11.2548
55.1636,-7.43873
69.5468,6.48886
53.0166,0.170044
52.0915,10.2544
83.5673,1.38279
80.3522,7.70407
44.4893,1.20174
71.9632,-4.25028
60.4344,0.759717
70.9946,-1.36337
48.6057,-1.77226
81.9702,2.15032
52.9686,4.4981
48.33,7.17564
74.2025,1.84144
127.623,3.04525
43.151,-6.28049
65.0606,5.30006
108.355,-5.01949
75.9857,8.58286
53.9813,-7.87558
38.6129,16.9623
71.339,0.456098
82.1194,5.74904
63.6545,-6.64898
79.6044,10.824
49.4938,2.37725
49.4749,-6.4202
44.6413,5.54093
56.995,10.9864
47.1222,13.6864
82.9111,8.20713
34.5734,7.8042
50.2874,-0.217475
54.6961,-2.60504
44.4002,-6.17829
52.2657,3.05842
82.7876,4.59045
71.0868,-14.3241
55.776,-4.74311
52.8174,-10.9087
41.1488,5.60662
38.9769,-12.4676
67.0671,-6.21968
51.8328,-4.87957
53.397,1.0027
50.4802,-7.50377
75.8552,-14.419
69.0995,5.55962
69.0619,-9.14651
68.2679,3.23822
136,-5.35362
127.96,2.49045
66.2282,0.25813
59.319,7.13835
62.3345,3.89681
41.4688,-5.89582
79.5821,-0.750654
64.0401,16.3886
56.8618,-7.80204
45.8028,4.19616
52.8966,-6.10151
67.3064,-13.1686
69.1929,-10.8464
70.5815,1.74714
43.6204,0.912239
67.9434,-8.72529
79.5109,-12.4359
90.6608,5.26882
31.472,3.73851
59.314,-4.84371
59.8939,0.851946
42.6521,-18.6922
49.1353,-0.907491
59.5944,15.8742
106.711,3.42337
92.6408,-2.77504
47.8183,4.20043
49.3895,1.70963
75.3274,1.58844
60.5983,2.09128
65.5283,-3.66872
99.6397,20.5108
43.5253,1.85931
55.6247,2.83378
67.4164,0.185581
122.349,0.972358
51.4642,-6.6072
63.8114,-9.96613
44.1895,-5.61305
57.6938,-8.34191
62.8121,-5.8338
96.6827,13.0569
107.906,-5.90635
57.9365,-1.03308
63.2079,4.27428
63.4195,-4.96149
68.865,28.5016
79.284,0.36991
80.3479,11.1728
71.8435,2.29922
88.8079,7.85746
90.6707,0.777498
32.97,-14.215
54.9105,-1.36467
47.2814,12.8225
105.294,-12.3228
71.3564,-12.9523
62.3752,5.97394
43.5709,11.362
59.5559,-10.8391
59.9359,-3.86936
68.3139,5.29558
64.5616,7.84352
94.3675,-2.2533
66.3538,-2.1391
52.2569,-9.80131
70.264,-4.62101
72.5451,-8.17717
105.731,-3.87765
56.8401,-0.74733
101.317,4.70966
55.6536,7.57196
128.066,-7.60088
78.1889,-2.79973
55.1688,-2.37548
77.6705,-5.37948
54.5121,2.81069
84.9506,-3.29773
56.3066,10.397
38.2632,-11.055
93.01,4.97888
51.4769,1.4509
48.1027,-3.82923
83.9579,0.680478
54.7585,-3.82232
68.5607,-0.0511858
55.131,1.73794
66.2618,15.9048
63.9091,-16.5677
55.6057,-0.413932
132.284,-0.69403
57.1188,-5.75646
42.6873,5.27098
47.0709,-2.8866
71.0449,-3.74218
56.0709,-11.3542
91.0028,1.86699
47.8292,-1.57541
54.4403,-3.57757
55.3433,-0.575733
47.7212,-8.97258
75.3769,4.40043
54.1952,-5.21793
42.5518,11.1204
52.4248,14.1397
62.8771,4.52209
84.7573,15.0878
43.5201,0.263957
51.4061,-6.46819
44.3744,0.777628
62.0856,4.42529
56.6527,-0.829029
80.0849,3.93708
59.7397,8.31334
53.4039,-22.5193
60.2916,0.352172
67.1253,-0.679831
50.4539,6.56426
83.152,-0.887984
50.5133,15.3754
57.7669,-6.76339
33.6358,9.05506
101.152,-6.90594
40.666,-1.49069
32.3543,-17.3646
60.1221,-14.1452
70.2831,10.8329
57.6217,-8.93262
60.3899,-8.99105
62.8466,-11.169
48.8144,-4.82273
64.3427,4.97072
55.4777,4.02797
85.6373,10.2944
81.0998,-2.96153
67.5932,9.15005
77.2429,-3.32216
47.195,5.08669
40.8915,-0.484064
54.7366,-0.365379
95.3168,-13.5153
70.7112,10.6777
69.2063,20.1823
72.3089,0.0194213
35.4349,-9.38146
60.2096,-10.9338
56.5597,4.329
84.8998,-0.477418
56.4756,-10.7615
51.9354,3.43903
47.7256,-4.66978
84.9786,-2.24786
65.7734,7.41474
45.8347,-4.79019
72.8917,-4.85294
59.8501,-0.567446
48.4129,-0.287607
48.2467,0.108241
62.7352,-12.7315
57.0673,-6.6741
50.3581,13.8496
80.6787,-6.07303
60.7723,-5.35073
42.1173,-5.3058
48.1177,-2.55713
48.4023,4.32266
70.1157,-0.253296
62.66,-6.72239
60.839,1.82771
55.1875,6.26802
112.145,-2.92648
39.6068,-10.886
42.2854,17.7855
54.3907,9.33947
101.67,-9.50037
34.6587,-21.1293
58.8252,-1.4969
64.7142,3.65866
52.4099,7.61624
112.992,-4.49956
49.8805,5.72565
79.9176,-13.4789
143.28,0.531884
51.0894,-27.9223
68.2265,-2.59231
39.8281,-6.35861
80.4798,0.767658
37.82,-7.89833
64.9497,1.48094
78.6216,-11.3556
54.5237,-20.1122
62.1067,-6.15956
75.7782,-3.38772
62.7947,15.8034
79.4796,-19.1744
64.4204,7.35436
60.2075,-10.8001
37.1711,5.42501
41.1691,-4.08951
44.4992,-8.47635
36.4897,17.2041
98.3544,22.615
73.7334,-3.47205
50.6115,-8.22581
77.6457,13.6023
69.5345,-7.23429
48.6565,-1.51054
59.0463,1.49617
101.811,0.544443
50.0977,-4.84893
33.5141,3.46562
89.3838,6.8302
40.7838,9.48233
60.3885,10.5778
45.0605,0.0700029
31.0539,13.2996
32.4676,-11.6945
53.7511,-0.426577
72.7819,6.32823
59.7387,-10.9442
65.3314,-6.37829
64.63,-5.77727
78.7042,2.32831
77.3511,5.68124
56.3656,-2.43935
46.6652,-5.96604
43.011,-9.8099
82.4637,4.21101
54.6257,4.51527
53.3193,7.90597
40.9519,-6.27247
100.712,7.98581
129.219,-2.44203
59.3869,-2.54125
61.5409,14.4071
61.8821,11.9217
32.9919,-8.43794
61.2287,3.66272
99.6635,-2.36814
47.2467,-6.5684
161.279,7.97886
51.572,-2.80788
53.3352,-4.1852
65.9537,-22.2466
39.2835,0.161153
45.1473,15.3753
98.6728,-10.1473
63.7946,4.17229
79.5905,-2.6545
42.0398,-4.62861
57.0597,0.291103
56.2371,-3.76229
30.0284,-30.369
109.102,-3.23796
68.4575,-20.6329
59.618,-1.05035
68.2468,3.10947
46.0326,11.8285
74.6037,0.852162
80.9162,2.18804
36.2211,8.9069
50.4431,2.56654
62.7034,0.37073
57.4666,-24.7028
65.5857,0.543148
56.0069,3.1759
57.1916,-5.70195
72.8971,7.79483
46.0429,-2.87512
36.7115,-17.3
46.999,1.76954
41.3195,-2.63581
60.4675,0.899938
40.984,4.37591
43.7047,2.31916
56.9076,-6.51113
87.5177,-7.9032
57.7825,-1.02842
42.2069,2.42477
98.3278,-5.86945
56.6975,7.33718
61.7247,8.58368
76.5557,3.99267
69.9343,7.5705
98.4845,4.06893
53.8848,8.68523
51.8165,6.83801
491.856,-5.99012
65.1825,-0.26879
25.2385,2.37276
56.0503,1.14344
42.1742,-7.6695
54.4277,10.8883
57.9228,7.70243
72.3313,16.3471
43.8419,-0.70305
75.1062,-4.51864
43.5821,8.33945
39.7068,-2.44207
44.6907,5.63109
146.619,1.94105
49.4578,-17.0206
74.1802,1.13541
95.7109,20.1279
76.9013,-7.04306
64.944,-3.12756
42.6319,13.956
53.9964,6.18024
23.8224,2.10949
107.852,-4.78769
68.663,-6.09634
49.0189,9.29303
71.4869,-0.075225
48.0321,-8.61795
71.7413,7.04936
48.3984,-2.52015
54.4686,-7.24413
66.0931,-8.50854
42.081,4.611
64.1503,12.1257
39.0154,-0.912886
54.6361,15.8336
54.3018,-5.76056
35.656,12.2259
80.25,-15.6167
91.0876,2.63439
80.7434,-9.01988
137.32,-14.9026
65.0824,-16.6822
74.7986,7.48254
68.0786,4.74384
107.7,9.42026
83.8415,0.105652
62.0425,12.0809
62.792,9.55436
56.0206,-6.21925
52.5183,5.90294
42.1295,-9.63934
98.2938,-2.49887
83.8149,-2.39153
70.0253,5.05993
76.0864,14.0778
59.4995,15.3792
80.3524,0.364343
38.0957,3.96638
43.8252,-12.3657
67.5864,0.528863
76.3818,12.4845
66.4365,2.499
51.4578,-1.30899
63.676,-2.98164
48.2489,-6.24476
29.4438,2.05119
65.8687,-4.55735
39.3565,0.0276645
174.113,-12.5587
83.9799,-6.93253
76.0233,9.25954
48.1779,4.22469
128.936,14.106
102.68,-8.5782
41.3855,3.53161
52.261,8.52046
117.49,-2.52468
67.055,1.9508
50.0899,-9.36101
34.4958,-11.3863
137.006,13.2965
94.2698,1.23653
104.307,9.71102
75.4568,-0.0438489
80.0014,-3.61007
77.291,-6.98225
63.3475,3.15786
75.3415,0.979436
67.1826,6.03099
50.5956,9.59065
90.1675,-0.588421
81.6492,-5.73627
78.4496,-12.9601
68.4754,-4.31338
44.1712,12.6397
53.4626,13.532
39.8892,-6.5974
35.0208,5.48819
60.724,-0.0957684
59.2618,-8.5722
55.6121,-4.57971
51.172,2.14993
62.3239,-1.44822
105.82,-7.62034
93.5055,1.73691
73.6575,25.1681
52.9794,-12.1255
46.1352,2.552
37.3444,8.54303
74.7475,-19.1405
48.1277,0.64293
73.9718,-2.30928
53.4707,-3.51383
92.9324,-6.39793
67.6457,-13.4268
115.941,-11.1147
72.3695,6.27277
62.4797,-0.537322
43.2828,5.39661
39.2375,-2.6974
55.4856,-6.0742
48.3752,6.59033
56.8703,3.45893
66.7751,10.9761
77.087,-7.55194
44.8673,4.12853
72.4321,11.0269
49.6433,-10.2729
26.1958,-1.62513
52.602,6.6823
65.6103,-0.36102
47.5689,8.19746
62.2075,3.79962
89.3647,-7.69794
58.0385,-11.0135
61.4301,8.98178
39.191,-4.33901
73.8805,-8.13061
96.61,5.70955
63.0041,-12.3156
47.8443,-4.14372
30.8035,-2.35571
61.9237,1.9123
54.383,8.45844
105.353,1.78473
65.1325,4.93011
77.1408,-3.26174
48.2843,-1.89552
41.8132,-8.91354
55.2799,8.70526
69.8205,-2.82264
57.7242,8.212
78.6169,-19.2615
77.4542,0.0819578
37.8988,3.95771
40.6242,10.1072
57.5228,-2.95561
55.0443,-0.283637
49.539,-8.87198
115.525,2.13733
48.3322,-2.81237
51.4893,-0.615136
78.3689,-7.96975
35.3224,-4.46486
102.716,4.80543
60.2375,9.85478
50.4994,-6.64963
90.8309,-1.37796
44.9,10.0797
42.5981,6.00993
65.8227,-9.78504
92.4287,15.6882
62.2215,4.90296
76.6777,-14.5279
59.2195,2.08308
43.9734,4.55584
66.5172,-2.9232
70.7633,6.79041
54.0815,1.08569
24.3364,-6.52464
47.1323,-2.96489
62.6862,-10.7524
51.7475,11.146
51.7148,-0.805076
45.4336,6.41774
39.8943,-6.27825
50.3321,0.472843
64.4109,-6.12396
87.2981,2.28795
55.4366,2.91263
74.2541,-3.11733
51.8591,-4.65083
70.8569,11.0209
52.8993,1.47308
58.3531,-0.535423
43.9913,6.97819
74.7995,17.1968
49.4381,1.7442
39.5572,1.94908
97.2371,-11.6544
93.7144,8.08715
36.1375,-0.252735
71.2015,-2.49253
39.5328,-7.06554
91.5991,-4.94871
54.1032,-19.9633
83.8613,9.14966
56.3239,-4.97417
56.5649,22.3323
49.5299,-2.00509
40.973,-8.27985
43.4993,-5.78495
60.4587,1.92387
46.5424,-11.1495
61.7165,10.475
67.356,-8.90025
67.4978,-8.13889
97.1737,6.91453
62.0982,-0.429771
68.1551,-2.58566
86.9071,24.4527
39.8319,-7.28988
68.5831,0.238105
58.0547,5.84537
57.0743,-3.62522
69.6007,-7.46886
42.1419,4.64548
40.7769,9.64447
59.4631,32.9004
54.7355,-4.32723
53.8352,5.27076
51.4598,-2.45934
54.4149,-9.61517
47.4852,15.7274
62.4613,15.1452
105.825,10.3818
70.2358,1.06657
64.5594,1.17024
74.6007,-0.0407415
38.558,14.0123
132.779,6.55127
36.042,3.26549
41.6097,-0.291449
68.0083,-5.68107
58.1323,0.997131
64.5547,5.14845
107.222,-0.441596
55.8759,6.71203
61.0001,4.06483
46.4296,-3.98136
49.0732,8.91518
41.71,-3.28047
63.1507,-13.0696
60.4193,-3.36989
56.5919,-1.06804
36.4463,0.582422
89.5288,-4.07739
125.416,-5.63549
54.3761,13.0467
81.7802,-2.06603
35.1119,-7.00672
86.7615,-10.9234
118.767,11.0873
95.0341,-6.54518
38.9048,28.8591
64.7083,-4.07031
65.5162,-7.23723
77.6633,-4.80279
82.785,4.68989
55.3277,-4.98134
50.8781,-3.19152
95.4669,-7.68344
57.5119,12.9886
67.0638,1.66384
48.8741,-2.65389
63.4115,4.28399
65.1273,-2.05529
81.4208,-0.86744
108.872,9.36269
50.7442,13.9493
43.3638,-11.2833
58.8129,4.75894
94.763,6.60409
59.6812,6.21424
58.7115,14.7258
64.4613,-1.80644
56.7887,-9.50265
70.2691,-1.08681
53.9924,12.4264
57.4327,-7.925
53.8398,-0.965323
49.59,-1.4796
52.0806,8.97163
77.4107,5.29635
65.8154,7.74628
50.424,1.30485
45.0203,9.44007
65.8039,11.9159
49.7904,-1.1339
87.3316,2.04036
99.2037,6.29922
48.5985,3.53722
60.065,-1.35707
45.1759,-7.84641
51.8397,-14.0841
61.8489,-8.55882
30.2562,-0.0144581
70.4017,-3.4386
46.0545,-2.43465
59.9756,-2.33526
60.6931,-4.37941
39.8348,12.1619
40.6213,-2.53327
139.447,-10.1736
52.4301,-1.70126
75.6927,6.90862
93.3661,-8.31998
47.7232,13.805
46.1651,8.99701
67.2362,1.27274
49.1946,12.8813
49.3227,5.5856
57.1327,6.79731
54.8263,8.88808
47.2153,3.72975
51.7643,0.0726355
29.9881,-14.9017
101.992,-1.34451
82.631,5.75064
65.8278,0.754581
46.4639,-11.1346
48.1635,1.01297
87.0351,-11.8557
70.2327,10.421
47.4483,-5.9288
51.2562,4.97862
81.556,-7.83989
76.8471,5.66445
53.5347,-1.67955
93.8857,-11.5651
68.0944,-4.47764
38.95,-6.18598
53.9765,-0.836798
42.7563,4.31998
51.0998,-19.8005
84.9919,-16.299
70.2412,-4.73741
80.144,-4.32218
93.1203,0.429598
52.231,20.9605
31.7304,-11.1128
42.7272,2.72774
71.911,-2.60625
53.4243,1.26411
90.0282,10.1011
69.162,-1.69025
59.7631,20.9072
51.5359,-4.08511
114.595,-3.52496
66.7998,-8.37026
48.1932,-12.4185
43.7006,-5.88335
43.2679,-8.24903
44.939,7.88391
78.5696,11.7096
49.6731,2.69649
58.5716,-13.2191
45.3783,3.65021
39.0804,1.24093
57.3755,-0.118254
75.4748,-1.67152
65.7452,4.01684
56.583,-2.55053
90.1878,13.2652
77.2249,5.98762
35.1403,3.18595
129.318,1.30222
75.1786,1.28331
88.621,3.64071
129.713,-19.7564
59.3111,3.66069
42.7177,-3.93112
82.2617,3.4727
87.9243,-9.90187
46.8823,-9.94408
41.8638,-5.25358
65.3733,10.723
42.5851,-4.12374
70.355,2.38251
45.197,-3.32328
49.0333,-6.57224
68.5125,-4.55584
45.8307,-6.43556
103.339,1.1774
120.207,-6.7693
51.2625,14.1136
107.107,4.49689
51.6958,-7.96285
73.0668,-3.3651
125.926,12.6902
35.0043,-3.96004
51.1819,5.5692
58.9595,-3.61982
59.0181,2.5214
49.1418,11.0855
89.8439,1.96591
95.9394,-6.17674
80.5455,-4.40837
30.5136,9.70675
120.525,5.62336
44.4959,8.3836
68.526,-0.304008
63.0362,-10.1976
47.8774,8.49499
123.184,-2.41765
72.449,-0.438144
69.4856,-2.6286
52.9762,11.0089
74.7268,13.8862
75.3162,-5.04573
63.6438,-1.47705
41.9837,9.76898
48.0889,3.44827
51.7199,6.49037
57.8486,3.9641
59.5632,-8.30479
68.4626,-14.6481
69.0334,9.96984
103.114,0.66261
32.5194,-2.09331
92.3706,6.08973
108.032,1.65271
87.0614,0.545004
51.3389,-6.21748
81.2832,-5.23161
60.7638,-6.92981
53.0179,1.69155
77.0841,1.65413
85.4198,-1.71196
38.6036,6.83862
77.835,0.0800588
157.561,-3.43036
48.0053,-2.2716
65.7812,6.25033
57.0494,-5.46428
45.9594,-0.283723
35.4912,-10.1776
87.26,-9.24556
87.2958,3.54231
86.16,4.06224
81.2338,-10.1795
45.6904,-1.83553
62.3713,7.66898
84.9269,-2.01058
39.2815,-12.3177
75.1231,-11.8309
68.8263,4.44613
45.0503,-4.38972
72.2671,-3.63829
69.4539,3.39233
53.3977,4.71428
60.6236,-9.35941
47.5019,7.68202
76.962,-7.5049
34.1822,-12.0604
40.9708,14.3035
102.308,-3.55332
40.4663,-0.346993
56.272,6.9365
56.6683,5.73678
113.73,16.2057
52.2255,-4.07398
85.8873,6.7488
58.7719,2.39624
172.175,-4.22007
71.1423,-4.11468
53.6594,-2.10324
45.6906,-3.88874
74.5319,0.949527
50.2506,-10.866
45.969,1.33437
73.6414,-0.219719
101.326,8.95187
59.8369,-0.725579
49.5754,5.14616
42.8135,0.243241
55.8429,-23.8589
55.4219,1.01116
77.5338,5.49695
62.4864,7.42242
73.6376,2.89567
25.7222,-7.51681
59.4239,-1.58352
59.5401,3.43981
59.1587,2.86045
81.6883,3.97139
40.4935,4.05391
52.1791,58.5947
70.3077,-12.6342
86.6313,6.25114
90.656,-20.991
43.4813,8.03151
65.4466,-2.82316
43.5758,4.56948
50.5295,2.72847
65.4709,0.137157
61.6662,-10.8573
58.1439,6.86162
87.4771,-3.3954
63.0946,0.365551
70.9088,-3.30567
45.4271,-17.7834
47.2327,-8.87591
70.3923,-1.74015
46.546,12.3061
90.9568,-6.05702
48.7719,-13.8583
56.903,-9.26567
59.5965,-10.8965
42.4675,-12.4885
42.6216,0.534128
56.3301,-11.2326
117.348,0.546126
54.492,-6.44911
60.4446,7.07996
50.4833,0.536933
73.3364,6.09133
44.1371,1.74645
40.367,6.24545
43.5678,-5.88326
57.3992,-9.23045
46.8133,32.2609
39.5171,-39.6098
66.9165,5.33118
53.8463,-9.79207
41.431,5.03322
59.5652,13.9339
65.5425,9.83398
34.0392,-17.6747
56.1423,-14.3189
105.648,-11.8
53.7218,-10.3478
69.266,-4.81009
40.1243,9.01354
77.5438,-3.23338
49.7994,4.87154
55.3755,-2.63508
37.236,17.0738
63.617,-14.6193
61.2064,-4.39149
54.1542,3.69885
46.4285,-18.9358
61.3541,9.42376
72.7432,4.0171
52.5763,5.76958
75.2331,12.1213
64.7298,-2.05386
55.7919,2.23133
65.0902,-5.10551
43.8718,-15.4492
41.7106,-4.77616
49.736,1.18004
66.4675,-6.09098
51.428,1.62362
78.5918,3.1576
70.8538,5.22808
66.0292,4.56823
65.361,-4.8775
55.2099,10.825
69.3606,-0.124037
42.2966,-8.41001
78.6006,-11.727
54.4264,0.700719
72.4183,-1.40761
55.2609,-3.72314
50.5289,-7.4323
53.8797,-1.09048
53.541,4.50608
59.7626,-3.08997
41.9147,-7.81046
51.2846,0.434518
64.4522,2.80258
48.7289,2.66447
43.7187,-28.4266
63.9365,-4.27087
55.0659,1.35409
71.8278,1.32095
33.1407,2.61251
109.652,-13.4475
43.0497,2.88048
52.1422,7.62811
39.3391,6.51014
44.1101,-3.36748
60.5659,-2.42438
83.9854,-1.07533
47.2456,9.47443
67.3467,0.715134
89.766,-0.135517
106.01,-8.76249
64.5415,6.92411
61.9424,-10.1539
55.5807,-1.08073
81.5802,-2.65342
49.4487,1.86612
53.88,-7.64969
74.1676,7.65884
40.935,1.20947
78.1598,4.32922
85.5303,-3.47671
53.8191,7.03162
77.9863,1.53506
80.7763,3.16929
57.5934,-4.10673
57.954,5.09519
51.7536,-2.29033
83.0685,-3.1137
75.2954,-5.784
72.3099,-6.46707
52.6512,5.83812
45.0416,-6.84302
49.2912,-2.61466
42.9069,3.22138
64.6136,2.7923
43.696,-8.93655
53.6711,-0.467319
65.5555,-4.5271
44.0933,8.82645
49.0777,-15.0176
79.6915,9.00076
26.8904,-6.77569
51.3434,-18.3755
42.9325,-2.90944
43.8671,-4.6394
51.4718,-4.18045
69.4798,3.67235
65.0516,7.49333
86.2748,-3.9067
60.5538,2.85385
85.5833,-1.77286
59.7289,8.82938
69.7149,-12.0971
38.2959,0.502407
62.3238,2.56425
47.0779,-8.34044
78.2415,-4.41691
85.4457,1.47615
81.8051,-4.95976
95.6505,-3.66566
87.6414,8.34929
64.6405,0.785569
53.1208,3.2749
39.8649,-2.56952
94.2068,-6.33112
94.6848,-3.34231
58.7179,12.1742
43.1347,5.12381
59.8576,-1.39466
75.4007,16.0486
60.2694,20.8003
43.2928,-4.34557
62.907,8.11938
68.4532,4.29892
35.722,0.902485
58.1203,3.03498
34.6604,6.66469
75.0414,-1.30692
79.514,7.77231
47.5611,-6.96602
41.0706,5.26131
70.4743,7.13563
70.3578,2.14804
63.6966,-10.372
130.093,2.42766
36.0356,2.01317
62.0868,5.18172
33.5328,-21.3669
64.3555,18.385
64.6258,-0.92579
54.8547,-4.24743
87.149,-1.01284
85.6968,7.12937
162.581,-14.5964
147.74,2.46788
65.8045,-26.3295
92.8465,-2.66201
53.0018,-1.00404
42.6331,-26.1236
46.9241,-23.847
78.8838,-3.93225
66.3271,9.28375
59.0283,2.97128
64.9405,3.42315
58.7677,-6.9529
104.515,-4.41514
58.1004,-0.473749
63.3638,0.479015
50.1872,-9.46545
50.9099,12.288
65.5472,-0.790359
32.1498,7.85254
42.7741,13.2541
76.0972,-12.139
63.8864,7.99172
54.3755,8.66227
47.7928,9.09735
58.7988,5.03494
70.8332,-11.3566
77.106,-3.14879
119.078,9.66238
72.2434,7.16817
77.6981,7.07223
65.9282,0.419154
63.4994,-0.544702
75.0367,-6.66926
40.9307,-6.07553
67.1796,13.7671
74.5681,-6.28895
54.8489,-8.53392
57.882,3.11957
35.313,5.89336
53.0562,19.3971
60.9781,-4.65528
59.1734,1.29402
54.0966,13.3794
69.033,3.6493
83.2864,3.34154
56.9513,-18.3241
73.7372,-2.37462
50.6772,-1.02229
85.2253,-1.21465
43.4784,4.88091
55.2642,15.433
38.6635,-13.4919
43.963,2.59585
77.015,-9.56351
44.6134,-3.46795
43.425,5.94619
71.8439,-7.57667
62.0709,11.4864
58.1908,-1.77346
88.5442,-6.39232
55.1677,-2.90218
60.8648,8.7416
58.7658,1.29091
60.5749,2.26698
74.864,-8.85351
49.2736,-10.4221
76.4626,7.37874
55.2986,4.59568
54.1336,-3.87743
54.0513,8.26889
73.6861,1.45021
114.356,-8.86413
51.8457,-3.9067
60.8564,-1.09985
67.5739,0.0121275
64.5839,11.6557
73.3103,0.45545
61.305,0.65031
49.561,4.45299
66.3076,2.11312
66.5474,-2.1167
29.972,-7.26485
99.0889,4.44441
53.2204,6.85873
49.4156,1.27287
48.2232,-18.7204
89.0064,-3.11936
55.1435,-6.0896
109.724,-0.644959
35.8453,20.6515
44.8364,2.20574
47.9253,3.08695
61.3747,1.32263
72.0266,4.53689
45.7853,1.302
65.2836,4.87439
67.538,0.240435
74.0819,0.0830799
59.971,-5.48392
49.715,-16.7615
48.5342,-4.24722
72.6509,-4.21079
83.4227,0.892688
174.278,-0.305475
79.4002,2.86895
51.9735,-1.65607
117.101,-3.68288
66.2513,4.55942
102.305,-0.102113
52.0172,7.78715
50.688,4.51048
95.4186,4.38027
58.1024,1.37106
56.4239,-3.09894
78.4012,13.1147
40.4361,-9.50032
111.681,-19.3477
61.5245,-8.71087
68.58,-9.01937
35.1847,4.64915
66.644,5.16071
54.4331,2.90879
42.6203,-0.00578322
62.3852,5.14366
81.1256,-5.6566
79.7714,4.41277
48.6819,0.953671
48.0568,-17.9009
43.6142,-12.5298
75.5605,45.6395
51.746,0.329471
88.5612,-1.74981
58.3874,13.4762
67.4833,10.0229
83.4534,2.5706
42.7354,4.40306
42.4824,2.07903
38.0016,-10.5148
69.6265,-9.96915
58.914,-2.72049
39.1863,-7.39389
46.8173,17.6688
101.898,-11.0935
54.555,4.75118
66.064,-13.0097
54.6528,-7.04314
56.447,-2.86507
121.268,6.83111
66.3134,6.2921
59.766,-7.54464
65.6693,-13.7397
57.1141,16.4843
73.9636,-4.36547
80.1181,12.7138
68.0178,-2.74992
42.8692,-0.218209
50.4179,-0.402883
96.3904,7.30745
66.7899,-0.0616733
105.505,-4.91807
80.0413,1.41149
40.0165,3.05522
57.7092,6.69676
58.677,-5.71365
41.4123,9.04863
48.5121,2.70754
46.873,0.465593
67.8261,20.425
53.6276,-5.39065
73.6021,-12.9134
60.1264,-11.732
60.3516,-3.21987
90.407,-3.09864
40.0618,-22.346
41.5841,-3.89953
51.4496,-8.08516
33.3641,6.5788
54.7193,-7.9777
106.056,-5.467
82.8007,-13.1788
157.471,4.43142
62.509,6.96934
57.5191,9.82638
52.9635,0.318681
84.8855,-3.55647
43.085,9.3286
71.716,-10.6958
73.1781,5.23023
46.9364,-13.4785
60.6662,3.81654
36.4386,-7.19908
113.509,0.0805767
57.5575,8.96991
69.6933,1.37244
59.2494,-0.972401
54.6484,4.88596
53.7313,3.69181
69.6947,-6.85036
61.9694,-9.07357
77.5843,2.75005
57.878,-9.75125
44.5673,6.0521
48.9383,-5.021
60.1116,-16.8636
72.5928,5.18621
59.9375,4.04964
94.3261,-9.67779
59.0117,-0.258346
46.9394,1.20589
89.2016,11.5092
53.818,1.90872
43.8809,1.33515
71.545,1.14892
70.6422,-2.699
65.1963,0.727348
77.1519,13.972
40.7525,2.56555
114.684,2.24022
43.8688,-9.98011
43.7595,-1.26929
83.2553,-8.15033
53.9832,-10.893
54.0372,6.53116
48.9463,32.4802
83.2374,-18.9461
80.5968,8.2887
66.8547,-13.4454
59.4966,0.7327
142.484,-3.96505
58.8414,-5.51939
89.1906,-0.259554
63.2,1.15518
61.814,5.29268
72.3293,-18.0903
30.5657,-4.64751
63.7117,-10.7697
97.9595,-10.5405
42.9161,-0.0791093
67.6052,-1.36009
57.9726,-1.48124
40.1746,2.91362
91.575,0.70059
65.0243,-8.43271
48.6778,-12.8619
74.9541,-0.650569
57.7696,-1.83954
27.59,3.09489
63.1921,8.93478
40.7515,-3.23813
54.9375,-6.24195
100.106,-2.12089
78.5702,-1.54071
65.8215,4.97763
38.6952,-7.61991
45.5757,-0.7532
77.5308,-3.99064
46.9288,-0.803566
58.9316,2.38398
60.2852,-11.0747
103.41,8.03134
65.6544,3.26407
53.2686,12.3978
48.2527,-5.59781
54.5371,2.83563
51.6499,-1.21927
39.0354,13.1697
52.3732,-8.19137
84.7413,-1.03692
67.0897,-1.47567
52.4174,3.66354
79.4713,3.3008
49.1031,6.19754
49.005,14.4358
53.6037,-9.63334
47.3513,1.40165
59.2698,-10.3442
48.7333,-4.60616
77.5611,-3.70359
34.0474,0.895407
42.7024,-1.07831
74.7529,21.5342
62.7108,1.24982
64.2729,27.5758
44.6733,-2.76071
35.8906,19.642
79.0077,-6.74885
70.9752,-6.53629
78.1115,0.703093
47.1312,0.408623
78.5082,13.8562
57.7156,-7.13818
75.4385,-13.2932
66.9856,-3.45992
39.9298,4.78229
36.6353,-8.48079
78.5714,1.04197
39.0893,3.61697
63.9066,0.839689
27.6805,-3.75983
83.8522,-1.49751
37.145,9.45665
78.6007,-1.62582
53.1554,-5.57813
40.8229,-0.576164
47.7898,-11.1593
142.45,-0.684103
63.1902,-10.0714
44.3285,6.9368
84.0212,-6.35619
53.4777,0.282169
59.9577,-3.03546
69.001,1.14188
47.5002,-2.27458
56.1516,15.6806
81.8586,-1.49207
54.0171,14.0755
63.867,-14.8514
49.4858,-21.5778
37.0822,1.6064
68.8798,7.925
81.1142,-11.8415
38.2678,-25.368
64.0807,-8.26388
63.0093,4.29409
48.2515,-4.66085
57.4936,2.14053
52.0008,13.2772
55.4756,-11.6655
43.0364,10.0642
61.9541,-2.86999
69.569,-13.5102
55.1604,-4.30518
84.954,-7.66316
63.2957,5.65621
79.7453,10.2144
76.5879,1.52573
60.1154,-5.59967
45.3191,0.88561
60.9433,12.2676
127.436,-12.8919
79.5033,-5.06783
50.4776,-6.45313
59.1169,1.12264
110.644,-0.113032
83.6409,-3.24383
39.7615,17.4267
61.6359,-1.91356
51.8349,6.31718
41.4277,-9.29575
38.2123,0.705639
47.2724,3.86289
57.8135,5.34232
196.624,12.3109
90.1457,0.775297
45.8026,-6.13678
46.6568,5.94602
48.7515,-0.756955
76.2542,-1.65732
53.9088,-8.26112
40.7856,0.43098
61.4472,-1.38638
68.3353,-2.16444
38.9131,-2.85126
62.9839,5.39644
79.3506,-5.0387
44.6162,6.18822
56.2058,-6.69235
52.0107,1.15708
68.239,15.4593
66.5083,1.84636
56.8494,-6.98661
113.98,3.50994
55.2923,-17.8472
127.808,7.221
85.7937,-1.68136
71.0501,-4.52459
61.3616,2.18878
68.9285,-5.11491
99.6125,-1.83514
50.1647,-20.0821
110.09,-4.54449
40.8303,-3.47114
52.9495,-0.946938
75.1646,-15.9535
56.7682,-5.81878
63.8097,-9.25225
83.3161,20.2269
85.4932,1.87825
52.5647,5.59358
86.2673,-6.73901
51.6935,0.029693
63.9658,3.27736
73.5529,-4.11774
50.7247,-6.96973
70.8063,-0.0443236
41.6576,5.30593
56.4915,-19.1997
64.2901,-6.42408
59.5165,-5.2412
52.8804,-0.432058
34.6192,0.429642
79.1892,-11.108
61.9098,-1.05306
56.3261,-5.8764
49.3573,-10.7676
91.8536,-5.94269
63.1577,-11.3829
71.446,0.416435
59.4268,9.98331
85.1673,-6.44531
64.0666,-3.40835
71.051,6.82308
87.1372,-3.43415
59.191,4.30172
52.8421,-17.8254
59.0712,-10.7151
86.6804,11.3509
44.1829,-1.22181
72.2306,3.89927
83.7576,3.93384
37.3548,8.42063
88.6473,3.74843
47.2773,16.253
44.6074,3.52302
25.5893,7.49134
60.0191,0.571072
51.0556,12.7056
91.1635,-3.53338
65.6846,-0.471289
122.964,-17.0167
61.1292,-9.80416
47.8722,6.08192
51.4064,-6.15926
66.5005,-1.04335
29.5334,7.1794
53.8473,3.04862
51.0247,2.91578
82.6398,-9.31953
47.5106,-1.26786
75.0459,-1.68352
37.2991,1.66082
57.633,3.6632
55.3573,15.9525
82.2816,-5.93812
77.893,3.38331
47.1118,14.693
51.7173,14.396
58.0953,-7.12411
65.358,-10.0577
59.5632,11.1047
125.02,-1.14339
117.144,-0.27876
62.9379,-0.0769082
29.926,17.5191
60.8249,-6.78562
52.4684,-11.3591
48.8418,3.53471
53.0973,9.59821
71.6302,-11.0826
58.1605,3.34926
43.6048,-1.33066
47.7649,-7.36463
64.5829,-7.5468
73.9831,-3.38759
81.2945,-11.658
44.0986,-2.41674
63.8254,-9.88478
50.1172,14.5227
46.1747,10.1254
136.834,4.20306
82.8422,4.67932
66.3854,-12.0561
85.191,29.6314
49.3445,-4.89101
120.255,-7.0267
60.5688,2.49995
67.849,3.68965
48.0979,6.19292
59.18,1.86746
94.1325,-4.7428
46.5579,-9.83847
73.0857,-1.5329
81.3956,0.979997
48.5806,4.21377
47.7749,1.0055
52.6391,-4.19137
29.1714,-3.49587
79.7198,6.36366
63.1254,-0.966791
68.3347,3.63911
44.5593,2.26521
56.0063,-8.39948
49.9523,3.85219
58.1419,-2.38092
40.5151,1.51188
52.4968,-0.691915
37.9293,7.85538
67.2678,-21.0829
69.5576,-0.8945
51.3521,-2.15852
56.4123,-11.6452
64.9842,4.85924
56.965,-0.435554
100.069,4.97573
70.6917,6.67919
84.9794,-7.79129
74.6403,1.602
66.197,-7.27206
116.171,-1.19363
77.8054,-1.78348
43.1388,-2.22978
52.5783,-5.51681
61.3138,5.32523
46.2195,5.74757
41.4227,0.625279
64.7497,-5.45172
83.8635,9.19295
41.0428,-10.8372
53.8537,6.23194
36.1824,-11.3143
99.7937,-8.07273
69.3218,-6.90849
62.9081,-10.2918
50.423,-21.421
50.9473,-2.47664
65.3763,7.16347
137.348,-3.68011
33.554,2.32524
73.3748,-1.16394
47.9112,0.853975
49.627,16.6945
85.1554,10.6513
104.087,11.0704
51.3702,18.1068
63.4756,5.12834
56.5609,1.60377
60.2581,-0.671501
43.2606,4.60979
69.1406,12.3965
54.9047,-10.5709
66.4146,-8.04843
103.386,11.0856
95.202,-10.2119
60.3152,4.4271
87.1834,-1.08492
69.6031,4.01576
48.4215,-1.80234
100.97,15.8278
64.707,-5.23231
54.133,7.09856
81.2882,-8.25395
49.6139,-1.04193
42.3249,6.80733
83.512,-5.9625
66.6275,-9.18078
81.7777,1.31668
64.0479,-4.8188
73.9131,1.68059
32.7748,8.75342
71.6918,7.24953
176.05,-2.59019
63.2394,5.637
65.0647,18.5437
77.6335,3.83725
27.0807,-7.31647
36.1444,9.5046
87.9966,0.148163
47.1239,-1.34153
74.4962,-4.4492
54.3333,-0.630414
65.1394,-0.726442
125.982,-4.52939
74.1431,-2.39438
59.4653,12.5331
46.8661,4.69321
55.0602,0.173065
52.3219,-9.08756
49.5642,6.64302
99.8657,1.75646
47.9862,-6.97798
43.7771,-2.64621
67.0875,-2.50798
39.0145,-8.07437
77.1641,-27.2037
63.3489,2.86421
103.575,-4.54773
65.0336,4.50107
84.6238,-0.213548
41.5217,0.748237
69.3247,10.6189
74.1247,12.4132
59.1073,-1.82577
69.2718,-1.16631
63.5235,12.0607
80.0177,-1.49967
58.6756,-6.76443
67.9656,17.3258
68.6959,4.40064
63.7653,2.69938
44.0495,-3.43821
73.4777,0.0191192
76.9671,26.7086
46.6721,-5.10171
81.2502,11.7744
49.1683,-9.34124
61.1914,1.25371
70.5243,-4.61199
85.9946,-6.14726
102.398,-16.8832
53.9791,-3.99672
62.2724,1.74442
81.8176,8.63362
71.9298,-3.21111
65.3141,-18.2655
46.7553,9.70571
46.7053,1.41633
72.1714,-14.4445
48.6626,5.71352
48.5178,-5.17219
63.5424,-1.58296
66.1542,-11.8074
98.7444,-12.2294
91.5796,-2.6548
63.7539,5.45474
64.1813,-2.27859
52.8686,8.61545
45.3052,2.36482
62.5925,2.14842
76.9053,-3.07478
41.1752,-6.38321
45.2014,-6.99286
65.6501,27.1237
31.4469,-18.0779
87.5265,-1.44852
86.982,8.8223
49.9676,1.31931
59.2859,-5.85111
98.3557,11.5465
38.5064,-9.46761
47.3094,-14.7789
41.5592,-2.34337
136.589,-2.05723
71.2277,-7.95327
57.968,-1.7133
47.5849,-10.1575
100.946,3.99612
63.6872,2.70707
61.1161,8.10601
78.6433,-19.8256
59.3324,-7.91572
177.327,5.33053
53.1553,4.69844
44.4107,-3.86013
34.7365,2.07704
57.3914,-3.36735
75.4936,-7.96527
53.309,13.8853
53.7401,2.10777
65.1742,7.59436
49.3364,-0.14389
33.1108,-6.47259
48.2713,-7.67602
121.641,9.90606
45.846,-9.5929
55.188,-3.04029
48.0442,-5.4995
69.2157,12.0662
56.9718,0.081483
72.872,6.46206
50.3357,8.03566
51.1456,-11.4766
59.516,1.9161
77.5398,-2.03142
56.0237,0.568784
55.7324,-1.52996
87.7837,9.81098
57.5556,1.02596
62.028,6.22879
54.8176,-15.6003
63.3986,-0.196975
55.4925,3.92241
98.7208,5.62897
62.4111,1.35811
64.9097,-7.65168
72.9791,-4.42132
77.2864,-1.8915
48.6477,13.3886
109.807,12.2373
63.6432,1.17296
63.2712,-5.11185
47.5677,3.8685
43.0505,3.26588
54.2189,0.565677
133.692,-6.25762
44.775,1.81416
56.9167,1.40899
92.229,9.10737
71.3859,-3.77036
73.5494,11.4556
50.2562,-4.54268
50.8586,-6.92295
60.8459,-3.61948
63.3064,3.99595
50.4389,-3.17356
63.8043,-2.33772
63.3882,-15.1357
47.8886,-9.67421
59.3294,2.11161
35.2755,2.6491
32.9635,-17.8503
73.692,0.550787
38.6021,-1.9338
73.7546,13.254
55.0397,3.05928
49.9134,8.55602
70.227,4.26469
42.553,6.03039
63.5475,2.49589
67.8861,-3.24659
30.7253,11.697
50.38,-18.3315
44.8497,-3.49885
68.0531,10.7523
89.3751,-5.88922
51.3736,1.62742
71.9239,1.29738
108.963,-8.55805
38.0158,2.55105
122.887,-9.71037
50.6091,2.01532
70.7036,-0.605124
38.4756,1.05842
79.1235,-2.03159
51.1608,-11.0803
59.5988,-16.4557
61.174,9.32217
64.1314,3.18116
78.8301,0.381218
57.834,-2.21497
39.2198,8.42529
79.0841,-6.44885
62.1788,-5.34672
55.2898,3.58288
79.8239,8.07472
100.064,-12.2814
60.9124,7.47736
52.5088,-2.85626
73.952,1.38681
73.9178,3.04124
90.8734,-1.46631
93.4252,7.17072
51.9926,0.174964
67.8089,-17.1016
27.4016,-1.25789
42.0311,6.48079
74.8923,-6.89649
62.5152,1.94001
75.4163,-12.2033
36.2099,-1.80747
90.3563,-11.5753
46.3274,26.2237
63.9614,-10.9654
55.393,0.34298
50.435,-8.41739
52.8389,1.36195
87.1635,-2.07126
85.9128,-1.537
47.5547,-5.32484
102.549,-3.091
70.3897,11.1697
49.8074,6.50699
60.0119,-8.89157
43.5513,11.4762
53.3756,-7.10788
72.4595,-4.97197
53.544,-6.05352
38.7166,-3.98818
46.2612,-2.62705
56.3563,-5.06576
87.994,-5.25626
52.4021,-3.40856
61.2465,-5.61555
59.0607,-8.01037
54.9057,8.96978
62.0482,-5.82763
72.5928,0.894932
80.5274,-3.24978
62.1423,-1.619
57.8411,-0.450832
70.5564,-0.0131633
86.5728,5.97221
61.3846,4.70556
74.5889,1.5821
43.8924,0.459939
45.0716,2.92066
57.8776,0.770247
86.2699,-0.853586
39.8505,14.5921
47.4452,-7.27948
51.056,1.27697
78.3962,-0.529683
116.521,1.19799
73.3445,8.52598
84.9705,-1.73518
101.72,-2.36024
75.2954,0.324119
92.3314,-0.079023
65.9967,-7.39169
72.1774,5.12467
52.2876,6.10984
78.1541,-8.13971
47.2381,-5.42958
98.3801,12.3174
90.473,-2.79999
101.922,-7.18009
46.8005,-5.0068
42.4941,3.47762
123.818,17.8721
127.806,-5.78413
63.9561,-21.9496
45.3395,6.04325
52.3367,-10.1877
66.8282,6.30591
80.0739,-14.7413
63.0716,3.3992
90.8002,1.40472
68.4471,-3.57826
88.6145,-2.06461
66.9659,8.22132
111.657,3.43778
51.4853,5.07107
69.6451,7.5929
95.9709,-3.47054
45.114,24.321
81.6428,-12.0062
72.0116,-1.44352
48.3593,-3.8363
56.8385,7.89375
54.648,-3.77416
55.6129,-6.04286
93.3405,-14.9285
93.5868,-10.6801
70.484,2.81984
56.7606,-0.623897
61.798,-17.7462
63.434,-3.61287
99.1675,3.1434
39.8243,3.13369
63.535,-10.5298
72.775,-2.5293
36.1062,-3.39199
46.2686,-0.764076
91.6631,-1.14421
48.4765,2.97633
77.3094,-5.42017
30.7264,-17.2244
49.6816,-0.93317
66.0962,2.65549
48.592,-0.157355
86.222,13.8188
51.7743,-1.23916
54.6769,-9.15782
64.7115,8.44808
57.5979,-7.81797
48.4319,-12.4909
69.6725,-3.75366
112.816,4.28986
31.126,3.73475
81.5804,3.69289
89.2078,12.6147
86.3543,-9.24444
47.4333,17.3918
75.1151,5.88568
69.6232,10.9579
55.2181,-7.54861
34.7228,5.30062
74.2572,9.53597
73.6972,-15.7571
73.1905,-1.71701
47.3053,2.44553
68.9668,-1.2285
62.3061,-1.60053
62.9122,2.73443
152.596,-19.1272
110.961,-3.79669
34.7601,-5.56825
39.058,4.16858
46.636,3.56298
80.3617,-9.48103
67.3472,5.06131
48.7121,-6.75985
51.6107,-15.4023
48.8169,1.05829
33.7403,0.379276
57.6027,0.669559
60.1418,-11.6278
44.6637,8.3426
78.3458,0.850263
44.8299,6.11243
56.0569,0.054509
58.1873,-1.72198
53.7788,-0.433267
82.2907,-0.09948
62.721,-5.72789
97.1241,3.80985
60.4808,-10.9824
43.6724,0.65769
66.7315,-6.93628
33.7775,9.83748
45.8773,5.91986
58.1124,-5.68801
60.2505,7.14055
62.6495,-4.11317
48.155,-3.41331
41.1206,-7.09632
96.1908,1.73242
49.7935,-6.62766
134.709,6.97793
64.1674,0.680564
53.4922,-4.28153
50.079,-5.98481
53.3037,-6.0603
94.6588,7.20348
107.914,-7.06688
46.2894,1.89862
50.2093,9.30305
53.7832,17.1786
56.8286,5.5512
82.6636,6.93335
51.6112,-3.43605
65.6141,-5.59138
43.1799,3.68279
99.8597,6.54423
61.2136,-4.85924
38.4356,0.465808
150.624,-4.21882
63.4511,-10.3487
78.8738,1.74144
61.9847,2.3429
49.1165,1.57437
59.5284,12.5653
44.5257,-19.4785
36.1225,4.83594
66.6498,-1.88593
56.7845,7.03611
67.6445,-0.903175
71.9698,2.10561
57.067,-2.86015
70.4011,9.46295
48.3584,5.73506
87.2225,-2.66956
83.3276,-13.3529
46.8409,-3.15816
62.1742,-0.522173
79.0731,-0.747589
52.91,-4.10734
48.7169,2.97115
56.3835,-0.519497
55.9043,2.06353
72.4469,-8.67043
95.3775,6.29344
41.3926,9.72751
47.5158,-6.78242
65.2293,-2.7346
69.036,9.15488
77.3315,3.89345
37.8748,-13.0332
78.4068,-2.30776
72.6307,5.63976
81.1478,10.4569
38.1922,6.45623
43.9899,5.11254
70.8372,-1.07262
76.6568,-4.58963
81.2961,3.13744
48.2127,11.0753
81.6292,0.173971
58.9303,-3.70402
47.8296,0.0620617
43.1043,-8.20272
51.9579,14.7524
66.5097,-6.29819
67.4697,1.97191
71.9636,22.302
42.9851,0.550097
90.8726,-4.44255
66.2797,0.599168
82.1232,8.8293
65.0998,1.19001
49.7139,2.48691
59.2497,7.15484
161.738,-11.4972
35.9045,5.38522
46.1609,0.42101
114.011,3.24926
47.6314,7.49825
52.5763,18.7541
48.3463,3.73924
51.5089,-15.0181
62.5528,-14.4578
49.5094,5.61793
78.2023,-1.97825
42.4275,16.2288
82.2193,5.43632
47.0104,-11.7038
68.799,4.29551
36.4519,10.6511
66.4797,8.76193
60.0116,-0.239227
76.2038,-1.06752
84.6532,2.54207
62.5762,2.73516
45.1239,-0.716602
76.6034,-1.48439
52.3489,6.16181
65.7214,-1.81002
86.4786,-1.71826
69.7741,7.69863
80.5518,3.4752
63.9527,-4.70495
57.2265,2.57962
46.1661,5.63838
56.0674,7.98115
50.4402,-1.35267
50.0818,2.07341
55.2783,2.55653
68.5964,-4.12421
74.3938,-3.68314
111.795,-8.96326
50.5917,-4.53992
53.8112,6.07156
58.279,-10.0002
44.4806,11.1668
32.6274,-9.26045
45.7255,0
77.0462,-29.8626
48.5295,-1.95305
59.7594,-2.33595
107.414,-3.0434
37.8515,17.2036
96.3013,16.5575
49.0907,-1.19648
44.9263,-7.13835
41.538,6.87319
51.3068,6.40751
28.9221,5.3525
72.9936,-1.57476
50.9537,-7.33187
73.9142,-6.43401
80.9521,0.338275
121.341,1.78361
57.1679,-3.21564
65.2901,-10.409
78.2033,-0.972574
79.4594,-3.47153
42.2887,9.2437
53.6697,40.3472
68.3546,-1.71965
70.6853,-11.8877
58.3864,-10.0521
61.5607,-0.9333
104.676,-6.963
52.8768,5.33714
61.2411,17.7747
79.3121,-8.20497
65.4693,2.74824
76.9582,3.62845
61.6155,-2.83399
73.1328,-1.76181
41.3667,6.2918
134.729,-19.2208
50.0288,-15.9332
131.435,-14.4395
47.8325,1.51421
51.3012,0.112082
59.5918,6.17117
42.5553,-5.18289
51.1189,5.14888
48.1601,0.115233
73.2205,3.84412
92.714,3.80009
78.9276,-5.67334
42.7704,-6.27177
83.6779,-3.17689
61.5834,-0.755574
48.3855,8.28296
67.3236,5.65426
64.364,-24.2827
61.8071,7.17573
44.9009,-4.31187
67.1843,5.94938
55.1855,-17.4089
56.5631,1.06006
45.4035,4.04601
45.517,2.03211
28.4155,-16.2858
58.7458,0.420665
61.8128,0.126022
42.8821,-5.57459
55.9272,-10.0341
57.9603,6.89701
74.0302,4.66184
92.6563,-0.192141
64.3388,3.13887
73.5939,-7.43567
62.5698,4.24804
68.4999,-6.86822
71.2202,-2.5949
94.4094,-1.48568
52.3911,-7.44508
63.0155,0.768392
67.0869,4.89476
59.6597,-12.8231
65.804,-5.25669
47.9573,-2.72726
60.7572,-3.48051
53.3748,1.76794
60.2622,-6.82213
38.4548,10.8004
51.8301,-8.03354
69.5807,2.89373
44.154,-7.41262
38.9642,11.5992
39.5621,-12.1794
44.5729,2.27984
53.2746,-4.124
59.9964,-1.20835
59.7458,-7.33278
54.8029,-1.33463
50.2959,-0.901665
59.8854,3.69289
46.3704,4.37643
53.5097,12.7271
171.304,-11.6119
59.3944,-8.11843
109.303,-18.7234
29.4467,9.73437
41.2729,-3.52177
45.8337,-0.0438057
48.549,2.88458
27.0344,-3.64131
56.5823,13.1501
64.5969,1.66729
59.8828,4.78916
44.0412,-5.64991
56.0772,-4.48005
90.3601,8.88381
43.5072,-1.27058
55.549,-1.34438
44.6329,-4.27277
38.3665,0.81004
59.6351,3.77942
65.4424,-6.19198
48.336,10.0275
97.9641,13.1078
50.0031,13.3133
80.6504,-7.81115
61.8254,2.43012
68.8917,-9.16075
109.512,-4.34108
94.1094,-13.6294
47.9907,5.01893
67.3354,7.09701
87.5282,5.34482
70.1286,9.70144
48.3946,-8.36068
74.0645,9.27016
47.3524,9.30986
42.9364,4.91781
66.1908,0.211778
66.4533,-8.7646
82.7728,1.35241
76.2795,12.3977
65.3255,3.8666
110.044,4.48817
59.3615,-2.00846
36.9511,3.39587
84.0748,-10.7516
69.1237,-27.5996
54.2932,-1.55698
67.9644,0.338491
70.2703,-5.23006
35.5052,-1.56842
61.5216,10.7115
83.4774,-3.15751
63.7248,-2.20073
68.0983,-7.88598
56.8672,-1.19855
57.5377,-2.26581
64.4662,-2.87193
92.712,4.31627
62.6985,-136.054
55.1665,-1.26972
57.8867,3.42764
44.4822,-2.34691
62.8802,-3.55452
42.0218,3.2099
108.012,-3.81982
92.8512,9.91771
40.5298,-6.28835
77.669,-3.03481
25.2338,5.6168
65.4579,-12.1655
60.5255,0.597096
81.2614,0.839387
39.5497,12.6054
69.7099,-4.29732
73.7716,4.98665
63.123,-3.19333
88.8586,-1.82815
81.0203,-2.61423
97.7405,2.95
48.5192,5.34996
79.4207,0.26974
60.9319,-0.486481
47.4303,3.8111
75.3734,0.484539
59.3227,-4.45848
51.9627,-10.5662
23.564,-5.46221
43.2601,1.86345
30.8081,-7.75836
46.335,-5.84166
114.495,3.98848
38.1528,-13.835
55.0273,-5.01155
45.1689,-3.78305
71.5873,-1.1916
52.5844,7.34702
98.738,-4.7939
50.8181,-0.833345
46.6564,6.64971
70.033,-2.68277
69.0125,-3.14297
60.9735,3.86608
63.5619,4.25891
116.269,-1.04176
65.3009,11.2409
109.739,-2.39671
67.7509,-5.41698
75.9144,-6.4126
70.0937,-6.81725
75.0665,-20.1764
24.0383,1.23951
62.2264,-8.88549
96.7855,-3.94273
59.5438,6.03751
60.1285,4.66961
84.3775,1.22259
38.4827,-10.3981
102.039,-22.8097
71.3209,1.33778
58.979,-6.97832
113.316,-9.8988
63.3348,-7.45708
106.14,-4.62999
56.7721,1.63307
46.8147,15.6512
76.2112,-0.816211
60.715,-1.73756
44.1161,-3.79694
71.0127,-5.7474
53.8027,-1.9868
68.1479,-1.87998
53.8519,-1.67234
58.6143,-9.43666
52.1535,5.37145
39.2014,-5.30589
59.2088,6.90124
53.7182,-3.19178
95.6668,1.3216
102.833,-12.5022
71.5591,-13.0161
60.8559,0.0450573
81.414,-4.16193
88.7936,-14.1971
59.6262,6.1735
70.2155,1.96444
59.9366,-11.974
52.3809,4.82204
67.5001,-46.221
60.7298,4.05033
58.5238,-3.60131
95.7132,-6.72641
51.2554,-6.92044
76.2966,9.23883
56.078,2.60107
73.8894,-4.30099
65.038,1.66212
87.4758,-3.96712
48.3244,5.3055
36.9003,12.9586
63.6117,1.82478
76.4433,10.4916
68.6067,9.94097
37.1784,-17.4422
59.597,7.04038
55.1296,-5.99806
68.485,-10.7553
45.786,8.23807
56.7474,3.70834
44.4442,8.01844
42.9277,4.40461
36.5709,4.9772
45.6703,-5.25557
52.4326,5.98671
55.5716,-2.65541
125.978,-8.95178
44.451,-7.39074
56.3373,0.229559
54.7591,-9.54655
69.3378,-0.386009
73.0301,-10.4713
47.592,0.746597
55.3509,-2.36344
78.5114,-16.9679
61.5126,-1.75888
52.7294,3.70433
44.8054,-21.6167
47.4202,-4.44182
109.801,4.63504
59.0787,-11.6965
58.1999,6.2426
58.3082,23.2905
100.223,-7.02834
63.2271,-3.59751
45.9698,-2.91932
77.7087,-0.602059
64.9671,1.46208
56.4903,11.5371
59.6555,6.92977
49.1843,-1.42582
39.6547,-24.8608
49.878,8.04446
67.0029,0.468182
75.0673,-4.03768
45.3057,2.43374
50.6285,-0.9661
59.1096,-12.4393
109.233,-0.529596
85.3276,-2.8163
69.2069,22.1214
51.6425,-10.6481
85.1811,-4.52127
65.9342,5.93838
79.5951,-7.33058
58.4733,-1.77765
84.3586,8.90931
67.5271,8.89684
76.9343,13.6085
71.5731,1.11271
62.4304,0.443841
111.544,2.49645
93.0335,-24.925
49.0018,-1.42535
60.7952,14.9153
61.1187,3.70631
79.147,-0.915432
98.3986,-9.54594
53.7521,15.9911
49.0295,-0.154852
80.5031,13.803
82.8728,1.30571
52.8488,-1.85037
57.4751,2.00061
48.6519,-3.50744
75.3581,-3.88822
60.9334,-8.25089
36.7637,-9.72781
38.4167,3.58478
90.7781,0.270517
65.6379,-3.5386
61.5894,-16.2195
55.7887,1.36057
62.3887,-3.5944
110.804,-10.067
36.3746,-1.42988
107.009,8.03393
79.1964,-16.6661
61.9005,5.55604
75.4882,3.25151
53.3343,-2.73646
77.5192,2.15589
102.111,10.3062
58.8138,1.67696
70.7934,-4.75506
60.1438,17.9285
93.3347,8.83707
53.875,9.59519
138.779,-15.3098
69.1149,-4.17851
34.5354,16.2496
61.569,-0.114974
74.3956,4.3735
74.9,1.46022
50.3757,-1.07538
71.3516,0.253512
96.576,5.29281
52.015,4.96753
63.2051,-14.594
52.4764,-1.98943
56.4463,6.34553
153.465,-6.92541
50.3302,-6.13984
148.081,-5.82819
47.6401,8.71437
78.0176,-20.302
84.0948,-4.2218
90.2123,3.34525
41.4647,-7.89897
39.8494,2.72821
38.6578,2.75588
94.6048,6.32659
60.172,5.62082
58.0995,5.56368
76.9768,-1.58314
43.1375,-3.25936
62.9165,11.8929
76.5439,11.2464
71.7091,16.5999
39.0622,5.88201
101.641,-14.1317
85.5631,-6.27959
68.6854,-1.71714
74.8041,-3.57865
42.539,-1.87722
78.4977,-2.24518
64.6484,-1.48258
117.946,-9.98551
80.5481,-12.1545
39.2903,2.18791
64.3206,-0.466283
45.8486,-4.8567
54.4028,10.912
61.266,-3.39846
62.0902,10.508
63.0415,-0.322609
130.099,-11.0524
45.8401,-1.68887
94.1604,-17.0046
71.9635,0.0481216
64.391,7.32877
61.4266,3.98283
43.0572,10.3387
39.9504,0.643534
45.7361,6.19789
76.6739,8.56849
108.385,11.4481
64.9828,-1.45034
69.4496,-9.51953
55.6539,8.80357
119.049,7.9849
88.6418,3.90139
49.7315,1.62103
83.3582,3.53497
55.6618,-3.61684
42.043,-3.3976
41.9843,2.60098
63.9972,-3.59479
88.5917,0.556484
53.3544,0.420535
41.9765,-13.0807
70.8074,4.13941
70.5903,4.77133
48.5379,-4.58338
79.1265,-4.99955
63.9325,4.73249
55.9956,-1.06493
36.1531,3.86889
79.3134,12.8489
92.2151,-9.82716
44.9827,7.87403
73.5133,-1.34218
41.9655,-2.29521
51.1746,3.1096
74.7963,-3.48348
33.3218,2.11524
78.8294,7.26079
104.605,6.70323
99.8026,6.05426
65.7752,-3.80346
57.4974,-2.89744
75.0867,3.14745
53.7639,1.2594
75.6224,-1.32859
78.007,8.81708
47.0893,4.23984
69.2186,5.61672
47.7312,-0.542673
92.2824,14.8894
77.9851,1.99275
76.6327,-7.1879
61.9805,0.816384
49.6204,-3.22013
32.5614,-0.811895
80.1051,-2.39939
61.5593,-6.24627
57.8136,-4.30211
56.4243,0.987291
50.1932,-4.56641
65.1385,-1.82612
58.5421,-1.69172
25.387,8.39081
63.049,-2.62135
84.9116,-1.69945
127.371,0.0567964
92.8353,-10.0137
62.0089,-5.19985
39.0644,-1.69552
91.494,2.6192
68.4614,2.65881
86.4447,11.223
121.388,4.48113
46.4885,2.02629
71.3764,1.38344
38.688,1.45828
57.2462,-6.00544
57.9922,-14.94
37.9655,1.93444
88.5452,-5.10356
93.494,13.7084
39.3306,3.03628
91.0509,-6.91492
82.3596,4.50172
90.9258,0.224898
82.5464,-6.7343
64.9498,-0.028614
66.6575,-15.3005
71.5977,-1.1298
59.0335,-9.90446
47.1245,8.75075
60.2457,3.30865
68.6012,4.70802
43.6732,-11.1024
53.5021,0.131978
108.486,-8.20212
68.4434,-8.34161
63.8517,2.33944
40.1063,17.9026
73.7175,2.09258
45.6161,-6.13293
95.7427,12.5162
48.3198,2.64578
53.9679,-9.05432
42.1263,-5.9808
79.3937,7.38707
44.4506,-3.684
90.4264,-2.69054
30.5398,5.80368
51.166,4.95165
70.1388,12.145
43.5262,-13.2432
42.22,-10.6047
71.1119,-5.85469
36.3929,-9.41142
63.9238,-16.2528
58.3205,-0.914569
64.7719,-19.1633
56.0839,-2.26616
51.5315,-7.0453
72.0995,-5.39126
67.7562,9.20033
59.6082,-5.11263
58.8212,3.09601
30.3915,-1.7698
84.6306,0.651735
92.2225,3.74356
36.4408,3.23606
46.0668,-6.49948
42.3808,-3.58396
52.7414,20.3339
40.0481,-14.7601
34.4356,2.66253
50.1476,-15.8992
131.342,-6.47074
65.1214,-3.87256
63.4527,-6.74678
38.7639,0.265769
65.6273,-3.90173
121.983,-10.8168
94.8697,8.59754
56.5468,-1.47261
62.4929,3.42052
47.9885,-2.34419
67.4121,-10.2688
78.61,4.09461
116.738,5.45923
75.4972,3.81218
65.3873,-7.20374
44.2113,0.637794
55.9027,0.190674
152.369,-5.52134
51.0231,-6.62671
79.384,-12.0701
48.6088,3.35047
90.1317,16.4739
30.8498,9.02373
46.7089,3.40951
58.5099,22.5207
50.6033,1.44658
40.1975,-0.172504
38.9959,-7.47063
79.2053,4.98427
46.5056,-1.42034
52.6821,-5.91684
83.531,5.40982
68.401,4.00786
51.0938,0.86019
34.588,-7.04414
79.1801,4.9204
39.2286,-1.26113
174.439,5.08725
79.0891,-8.35762
41.1942,-6.49741
48.4287,11.3875
103.86,-17.0782
48.6527,1.3954
49.0777,2.40215
36.1977,-3.70903
42.8926,-1.41987
60.4798,-1.36553
66.0785,-5.22505
57.2289,0.732225
50.5973,-2.27009
89.0869,8.31243
50.1894,-1.55772
79.2363,5.65284
52.4332,-9.26658
102.147,-0.27548
58.8473,-18.5126
39.7544,-6.67289
76.6776,9.45043
65.5787,-5.54205
41.9998,0.809219
56.2159,-4.04817
61.0617,0.340994
122.462,-10.1905
49.4872,-10.7873
65.0803,3.58158
70.6405,8.35969
64.3635,-5.91378
81.2599,-1.18604
60.4536,-7.14422
89.4407,1.00015
71.8493,-0.220021
53.9155,-8.41096
68.8253,-2.91341
86.4524,-1.98468
84.0303,2.0382
74.4506,-9.52592
56.7305,-8.206
40.8571,4.40755
55.5354,0.364775
53.65,5.42462
48.0007,7.31448
50.3832,4.77055
34.7628,-6.43198
71.4917,0.958591
61.2307,-5.21185
45.9936,6.9444
58.3205,1.83229
49.3791,6.02077
81.4572,1.83906
44.499,1.59992
73.7956,-5.48845
95.7009,-17.0996
44.2724,-31.3101
61.4639,-6.03069
36.1105,-7.24223
57.7973,-18.5457
48.6966,6.31036
47.6658,3.69785
43.5285,-4.39085
37.5419,8.69443
90.4808,4.48877
57.5046,3.76712
80.7819,-3.2557
62.9922,4.34462
51.3064,13.5771
58.5285,16.4217
66.0468,3.43424
63.9902,4.4861
55.6825,0.740468
51.979,2.70646
52.3274,-3.74136
53.1144,0.648886
72.5275,-6.93162
68.9898,-1.55232
84.8672,-2.37194
57.3011,0.716472
143.372,-5.74196
43.8498,-3.76984
80.2233,3.29113
31.2823,-10.4357
48.0076,-0.822771
46.2267,2.745
70.2499,8.55995
45.5851,-2.68449
38.9399,3.85331
51.229,5.05838
52.9853,13.2509
81.0235,6.24938
63.5146,5.43713
46.9341,6.73663
64.1584,5.09079
59.7943,2.56287
52.8346,1.94178
56.5753,3.17348
42.2007,9.44694
72.6364,-1.37313
121.466,-2.57664
52.3987,0.341512
71.0375,-7.8619
116.607,-13.3836
97.9878,10.038
95.27,-5.47309
112.641,2.46387
39.97,-11.7644
69.5881,-2.94336
50.8533,18.7585
51.958,10.1158
52.8557,-0.639607
106.013,4.79244
44.8799,0.0353467
58.6989,5.07655
75.3336,-3.36808
101.692,-1.12609
66.9271,15.1451
87.3557,0.302022
56.0199,-2.48497
76.3041,-1.0399
58.4362,-7.81887
87.738,-7.65625
42.8714,-6.13919
51.7007,1.80967
94.1411,2.71863
48.9162,16.3508
49.3572,16.1868
76.9244,-0.727866
41.8044,-0.248722
76.104,-5.03783
33.2101,4.96589
75.4065,8.38956
101.253,20.1753
49.0973,-12.5073
110.324,-6.15507
68.1287,-8.18378
56.4875,-3.33437
62.2945,0.793078
52.6272,0.968431
60.1178,-9.31889
56.2573,4.85851
63.9754,2.64436
50.6017,0.452343
88.448,-4.44807
49.1989,-1.82474
101.073,-6.8703
94.4259,7.96945
65.5258,-2.84828
82.8939,0.180057
90.4472,-6.61044
64.6099,5.38673
56.3462,1.66203
49.403,-0.377463
61.1002,-11.7799
80.4963,8.16798
57.1782,-0.291146
65.3732,-0.557692
81.2273,14.5314
49.7487,-12.3886
53.3587,3.57645
69.6692,1.69043
42.6433,-14.6231
75.2336,-2.6406
78.081,4.01239
62.727,17.8588
55.4597,-4.81829
73.7095,0.216655
111.733,-22.4004
59.3018,1.9366
59.9725,24.5932
159.803,4.01813
69.8771,5.95758
50.7346,7.06861
75.4192,1.6291
51.9991,16.9416
52.0716,-7.17206
39.652,21.2002
54.0866,-0.337369
60.1149,0.264863
48.1716,3.86682
55.4288,2.52593
116.162,12.3321
55.5078,8.36716
54.541,-2.04968
58.6439,-1.66725
48.9482,12.1164
74.5852,-5.50774
70.8734,-2.6463
25.6342,9.41893
69.7143,10.9639
44.4736,7.79777
76.8486,-8.65537
50.3652,6.41536
73.0006,-5.57723
76.508,-2.557
51.4484,-13.3142
58.2478,-1.49082
93.7948,-9.10037
59.8891,4.7132
52.3108,4.5504
52.9291,-12.4341
49.9558,2.31916
79.6569,0.0450573
68.3762,-0.136424
54.0009,5.71628
42.3792,3.92538
40.57,-4.93986
80.8644,3.27361
61.4029,7.52056
54.9735,-1.2285
47.9152,6.36284
67.9947,-5.58957
59.6663,8.59982
59.3217,-2.76485
58.9006,-0.585745
65.4045,1.12863
62.7641,-3.42552
66.9252,4.76512
89.3897,0.585141
34.1726,-6.65355
63.6208,-7.72198
48.9188,1.84972
85.5303,-13.7898
44.4448,2.47863
76.0934,-5.42561
48.3907,-3.65953
82.9654,-29.2209
48.9304,7.99185
67.1931,-2.11744
64.4105,-6.96719
70.4529,-5.88779
86.2632,9.74723
67.4778,6.49331
65.9859,4.31407
114.601,-4.77931
64.6084,-8.87582
82.8016,-5.71283
69.1403,-10.312
113.837,-4.56469
95.6297,-2.4728
52.0176,-3.69513
59.7611,-8.38783
62.2251,-13.1582
70.1282,-1.88356
61.5887,11.905
95.7543,-5.49061
99.1851,-17.5838
53.0744,3.56216
37.0142,16.7939
73.8897,-2.37086
35.541,0.948103
70.4831,-3.66048
71.3754,-0.205089
46.5876,-0.788417
69.6926,5.47775
65.7152,-6.58113
66.2739,-2.32153
72.8408,-8.71437
25.4246,8.21032
45.8798,0.49097
104.417,-8.88885
54.7815,-6.17596
64.2217,-6.36344
132.993,2.11813
69.7848,-4.23211
116.166,-13.2705
54.2181,-2.35455
113.53,0.253987
123.641,9.27361
34.5219,5.42164
68.2546,4.30604
69.3481,3.80778
47.4732,-5.91252
63.0223,15.0382
73.1105,-4.70513
52.5452,-6.42192
62.6661,0.836496
62.9243,-0.955828
62.5234,3.64628
79.8906,-0.372025
50.6757,-2.31657
61.412,5.29851
65.7495,-6.95178
74.7388,2.84008
47.0246,1.76121
64.7546,4.3038
46.5512,-1.02596
63.3473,9.9559
72.6143,7.4046
59.0974,-7.2103
36.7247,-8.64622
75.7888,13.0294
47.8403,-1.04767
42.8016,8.16509
54.9502,-1.38323
48.7163,-1.942
64.2971,17.2936
45.1128,-11.7021
60.3131,-0.350964
48.4366,-15.5805
78.9729,8.7678
65.235,1.78641
75.6943,4.84241
86.1015,1.85818
135.07,7.32026
77.4596,1.85762
49.8636,-2.72463
155.826,-1.2654
60.3632,11.3907
39.686,-7.92737
57.1679,4.50893
61.7307,2.83805
55.5046,-24.0944
83.6188,3.53683
75.9481,-1.90656
69.2323,-20.0695
136.721,-16.442
79.0568,3.097
79.8983,0.411472
47.6487,9.16503
61.7486,10.4699
58.6892,-2.95747
51.4551,3.11737
66.4636,9.198
58.3502,3.40748
56.8817,12.9494
48.1586,-0.898557
59.1691,10.7779
42.348,1.77687
107.962,1.77506
54.5451,9.9001
45.7038,-8.86102
80.8099,-11.4858
68.2041,-2.26599
61.4828,9.15277
79.032,1.01116
35.7082,-7.14422
39.0343,-4.23789
68.061,6.94595
56.5247,-4.70944
82.0171,2.99277
67.3369,-4.30738
69.5293,1.9076
38.8602,2.8239
33.843,-3.01185
62.423,-14.7732
34.9285,0.146825
68.3245,-4.95929
80.8275,2.13902
51.5707,-2.14765
113.9,2.90132
93.8171,2.7349
65.7,0.2599
79.1188,2.42559
36.2511,8.76046
54.9512,-44.0409
65.1917,12.143
106.978,11.6919
45.769,-10.5464
36.1888,-6.39163
49.2238,5.71197
46.2946,-3.4452
42.0302,26.9128
99.8767,-1.57235
77.3515,-3.14098
58.0701,3.82918
50.0717,4.11895
63.1152,3.38077
70.1863,-6.6148
75.5079,-14.1041
73.7999,-5.95374
65.9841,14.3649
90.9289,11.5951
75.9339,1.65249
42.3964,-5.45612
42.5753,-6.38213
84.4215,-3.63303
40.755,-0.547637
42.9186,-6.91768
58.9855,1.86103
61.6287,0.797524
54.6004,-0.909606
95.8577,3.30252
61.7568,-3.64904
61.9825,-13.1087
47.4414,-6.29197
39.9305,13.8993
62.887,0.429124
77.1479,12.6087
62.4347,-3.40494
57.8959,2.0483
57.0775,-24.4142
40.5001,-9.02852
60.1491,4.69874
64.1742,-5.97484
41.1944,8.36168
42.2878,-3.40299
46.0651,-8.52788
51.1677,5.83993
46.4114,31.8992
60.3541,9.95409
51.3802,-14.6825
62.9444,2.78583
43.0642,-8.58476
46.8395,-10.3031
54.8612,-4.93848
52.3992,-12.1547
57.8067,-1.34973
54.7753,-12.2314
90.0338,0.594981
94.5349,8.02297
60.741,-15.2084
73.738,-12.7341
50.3633,3.33502
48.1838,4.2265
81.7821,-2.50258
46.1469,-19.9626
43.8427,-8.35248
50.6209,0.969208
42.252,-3.67817
72.1386,14.2472
50.494,-3.94748
61.6772,-11.2441
43.1693,-4.58545
91.4134,4.03833
64.1989,-3.64895
78.7077,-3.41702
48.6099,-10.0625
67.2525,-11.9899
80.4787,-7.86242
48.7147,-0.015537
54.7614,-1.89595
36.8751,-4.43983
70.4979,4.17544
54.8795,2.77362
43.748,-0.126281
56.4911,-5.85068
86.1734,-6.37195
59.2596,2.09215
60.6471,14.6389
72.4861,-10.6624
52.2815,-0.16357
62.2453,-14.373
39.8064,-0.785267
50.8489,-16.1266
109.457,1.94739
91.8789,3.39013
69.0517,1.9704
75.3562,0.697698
77.331,18.0561
34.4676,-6.59952
44.9445,-13.135
69.8332,5.69859
52.4139,21.2239
41.1722,-14.5687
64.2101,7.06144
57.8082,-1.77674
53.4169,-4.56909
58.4059,1.49876
70.1275,-3.29592
57.2563,-0.253383
88.0288,-4.58169
80.4998,3.19998
57.1842,-1.62776
76.3009,-13.7189
85.3215,3.78041
37.3022,11.2742
81.6551,2.29715
74.2892,-5.77847
49.3399,-4.03453
39.9406,7.96268
107.411,0.239658
60.8107,-7.85146
81.022,3.05268
68.4951,4.55235
48.1205,0
53.7799,11.1285
71.5503,5.96457
65.7977,-3.91442
52.3584,3.67796
50.5018,0.0328004
57.5478,4.40936
48.2343,3.37071
60.8368,-4.47643
56.3207,6.18667
55.2898,-14.4955
53.892,17.6381
58.7913,-0.447121
59.4541,-1.86997
72.1585,-10.9981
44.6077,-6.71497
125.238,6.35149
69.1784,-2.45187
44.2813,9.10901
49.6596,-3.46415
59.6018,-1.46859
58.9006,-5.55556
58.4565,-1.36009
63.1756,-8.43418
42.0835,-3.8458
59.4593,-5.54658
86.7245,5.76005
93.9941,-4.07458
59.0232,0.634687
65.291,-0.373838
56.5907,-6.34739
77.7922,-3.07244
56.044,7.35199
69.4141,6.80862
75.4345,-7.69837
77.059,-2.44522
53.9874,12.1364
54.6788,6.2464
81.8417,-5.20831
48.3968,0.079584
80.0074,-2.80508
58.7709,11.809
75.7688,4.31195
75.5793,7.91054
32.415,-3.2074
60.7102,1.10813
54.835,-6.04532
66.5657,8.05365
55.9268,0.451307
89.2457,5.97014
88.695,2.14631
49.6685,-3.26312
54.7658,-4.52736
46.775,-0.24337
61.5892,2.84582
48.2266,-2.25951
52.3318,5.68236
89.8557,6.05918
85.1866,-0.11191
58.4593,-8.08253
53.4743,2.69753
83.1672,-2.53849
58.655,-1.70519
59.4708,5.48849
93.2301,-2.41005
55.2642,3.64844
49.7542,8.89503
68.8951,4.21442
66.0536,-11.1991
105.65,-6.8488
90.0829,-10.2127
68.0188,-15.6918
58.5274,4.29275
49.6752,-8.0423
81.4827,4.60414
59.96,1.61348
52.9189,9.08639
55.2238,-10.3508
62.8262,0.610777
84.4427,3.32125
94.9221,11.8698
52.0395,-11.6781
74.6092,-15.7097
55.3887,2.60366
50.8714,-0.885912
46.5766,-12.209
52.7968,7.94136
45.2379,-6.4293
57.0816,-6.65144
95.8162,-8.44251
40.5494,-9.5279
49.5459,0.733692
75.2549,12.6889
40.7847,0.686736
51.5688,-7.44525
56.3914,-6.45183
53.4885,-8.10544
44.8291,1.02208
57.1514,-2.81457
52.0784,0.315186
114.536,4.97055
48.21,-2.6097
60.8541,1.10356
54.0181,9.67192
60.8406,1.21413
54.9492,5.27434
48.4437,-1.11802
48.7191,-0.933688
30.1089,-0.59455
47.5675,5.12294
148.862,5.95862
108.264,-0.404696
78.9705,8.85515
100.525,14.7161
63.2078,6.23146
42.3054,6.81583
35.2843,-5.83946
87.7283,-6.2656
41.7995,-3.11893
58.3716,-0.0712976
65.085,12.6538
63.8386,2.21273
57.0311,1.84286
95.372,-1.73846
51.2652,6.37989
51.5454,-8.58977
76.969,-8.17156
79.3858,-2.58178
69.7172,-5.66281
82.7781,-3.50338
64.6925,-8.32698
59.9052,-2.09845
79.0642,1.84256
60.4673,-3.84187
58.2533,25.7285
52.101,-2.19344
59.0877,-9.78784
46.691,10.3995
54.5846,-7.71564
45.3489,1.82159
54.7653,-10.8339
69.4486,-3.65763
60.3027,-1.52509
78.1488,1.84411
66.4307,1.73255
76.1127,-4.75756
69.6637,-5.0746
82.9754,1.35617
37.4294,-16.566
55.4615,-0.576294
36.3536,11.1017
80.5516,-5.66419
53.4756,3.32656
62.7116,6.12482
89.4613,1.20524
54.35,8.95113
59.6006,-15.3826
105.515,4.08205
67.8568,-11.2438
61.9227,-3.01759
57.751,-1.7767
78.5464,9.18099
49.3768,1.54429
80.4422,-6.37095
28.0149,5.23153
51.6057,12.6809
62.6352,1.15677
43.6159,-3.65655
40.5815,-69.5947
64.0487,-2.98255
59.5147,-7.84132
60.5935,0.948535
53.1069,-13.7105
43.3067,-5.81166
57.1501,6.2839
57.5898,-5.0374
51.6336,-5.93277
95.1261,-10.912
48.6723,0.894371
48.3387,1.77661
117.142,-8.59836
52.9916,2.18248
53.9005,-1.0027
70.4005,7.29169
115.068,0.0880431
71.3668,1.44032
77.5696,-7.2491
68.3373,2.3287
102.178,-6.02387
46.6058,-9.87554
36.3087,-14.5909
42.701,11.0117
43.9385,0.751258
41.1786,2.1738
59.9763,-5.38638
64.7203,-7.06766
71.2109,5.24724
40.1296,-9.38134
123.864,6.50746
82.1018,-24.9539
59.6545,0.987507
49.7011,-11.23
46.9955,-0.747503
47.2522,4.88307
66.5035,-18.6048
47.5902,-12.0534
72.4418,-3.23002
103.697,16.9711
81.7541,1.77869
65.3271,-4.88285
60.0301,-5.26312
68.5728,-3.912
87.0927,1.50489
68.6728,1.13286
76.6618,4.99649
73.1658,3.32617
65.7524,-2.14722
156.409,0.910081
47.8165,4.27121
68.503,1.62711
38.5523,-21.2631
66.2341,8.90953
68.0937,4.57513
37.6458,-8.99144
38.729,15.3495
58.512,-3.71801
51.4267,-8.37713
95.1416,-0.766493
44.8811,7.48919
89.1978,6.59883
50.0058,-3.95525
99.5892,8.80254
63.9868,13.1565
63.8225,11.9637
109.767,-7.19502
39.0262,-11.978
108.864,9.19373
62.785,-2.07678
82.6657,-10.8501
68.1029,-3.31081
62.8462,4.35887
58.9255,4.71272
69.3183,15.5594
88.7501,-4.80111
66.3004,5.11453
57.1537,-3.6228
108.261,-9.70386
50.3604,-15.0874
75.9828,-0.221316
60.5062,-2.69092
83.9989,5.75646
51.2235,-0.530589
54.6988,2.89226
45.4168,-11.7655
63.7941,-5.25345
49.6505,0.583933
85.0618,-2.01645
49.7993,-7.74257
59.4735,-15.809
82.3953,-4.22922
57.1801,0.604908
78.3779,-13.6668
111.512,9.94326
61.5492,-9.19765
76.0933,-9.30943
67.6529,-8.11412
87.7164,1.89586
65.3271,28.8444
52.1137,7.44857
61.3239,1.91882
86.1856,-1.05419
57.8839,11.309
144.873,11.8241
54.9867,-1.58672
37.8368,-3.66596
74.6095,-1.84688
58.849,-6.97616
88.5141,0.474008
33.3406,3.19804
54.8691,-23.9426
82.5737,3.52332
27.4052,6.32322
55.8484,6.8195
61.9283,6.10562
117.272,-4.35218
58.3718,4.03902
64.6176,-1.31948
63.7948,9.18384
50.2668,-4.6611
94.4629,7.61404
46.3972,0.976027
150.207,-8.94453
55.0146,-8.47479
75.4449,-1.18539
76.4124,0.459248
80.7373,-1.08884
53.948,5.36929
77.9005,-8.79132
60.1285,-13.7243
66.1203,1.88149
51.7838,3.58007
54.6923,0.423513
69.2101,7.39583
74.1669,19.4222
64.1979,-3.64201
65.0647,-4.73667
64.5464,15.9122
55.6646,-3.17728
42.1498,-13.5067
56.966,3.70623
119.386,-7.00219
65.7985,-7.60658
77.4428,15.5864
91.9661,-2.33418
46.111,-1.24749
65.136,1.39704
75.1524,-7.02869
73.539,-1.56333
53.8336,1.21258
117.303,0.321918
59.566,-9.52091
52.7332,-2.11735
66.4324,-4.66028
54.0994,0.374917
67.7049,-3.3531
62.0007,15.6706
50.7186,-7.76544
52.0655,14.4811
71.8417,5.80139
31.4392,8.64182
44.166,-2.05455
110.798,-0.0116959
66.268,-5.33934
30.5967,6.61687
46.2757,5.72966
54.7992,0.522216
101.11,6.25939
27.9241,3.32906
75.558,2.27699
88.2562,3.87925
36.0014,11.842
60.0613,-1.73592
73.3534,0.0501069
54.1232,-6.90547
27.3861,8.74505
53.2326,1.49954
53.7491,-1.79957
97.3463,0.0902873
38.8237,15.8937
89.4806,-4.30272
33.9855,5.99992
32.669,1.2717
80.9649,2.8251
61.4007,1.78827
62.5193,-5.07439
54.1064,11.6193
112.318,-0.493602
74.2705,-6.35365
27.7767,25.7085
48.794,4.99899
121.837,-15.9667
38.7897,-1.1282
66.6834,-12.7441
55.6738,-5.56065
57.5278,5.83367
63.6864,-1.54813
57.9493,-3.85232
55.0547,0.22848
36.6275,-6.28226
68.1793,-0.142336
99.0823,10.3611
53.4453,-4.65536
40.4043,8.2729
32.5476,9.12813
58.8984,-2.65152
49.5808,-5.04038
105.445,-0.733692
59.5413,-6.46858
56.3675,4.28774
75.3419,-21.1943
78.2743,11.8407
36.6535,3.97575
35.1011,-7.07594
61.5885,-9.65224
57.4346,-2.22205
61.7453,2.97404
55.6278,-12.6885
53.1666,7.03926
50.5178,-5.55232
86.3701,-1.41042
68.6392,1.2932
63.5982,-7.65845
77.3972,3.97346
52.3631,7.28997
132.048,-1.08099
54.1786,1.49906
45.3073,-3.11487
64.2627,-19.1629
85.1937,5.25639
77.0583,0.787338
62.5658,10.7179
78.1598,-3.01802
72.1992,4.39175
38.2521,12.364
36.7695,-7.32281
123.168,0.285536
71.5312,-3.60769
91.2193,18.4122
61.2972,-4.28027
64.8431,1.68827
132.285,11.9504
44.8257,-6.7059
147.823,12.8153
72.2817,17.7248
62.4557,6.71661
76.7402,4.839
63.65,-1.25177
75.1124,-12.9116
68.1565,4.50496
21.5678,17.9835
37.5676,-1.53307
61.389,1.28577
72.9078,4.50841
41.5676,-2.71026
53.4715,-3.93781
78.6334,16.4202
65.3379,9.5673
68.0574,5.34814
43.7964,-3.62889
55.7792,5.93954
71.5378,-2.91949
49.6962,5.67606
61.5562,14.6273
77.9177,-11.0071
68.1086,0.126152
70.4165,2.27622
59.3402,12.8467
58.6057,11.5713
60.1521,-3.6528
55.6398,3.71689
46.131,0.948146
46.2435,-3.11694
63.2979,7.08876
79.3768,5.92452
56.0301,-1.00598
33.8837,-7.32838
65.1306,8.76616
38.1082,4.93853
59.3142,2.49688
59.3485,0.297448
56.8586,-12.6246
54.0811,-0.155456
64.7748,6.61942
59.422,10.6539
40.2155,-3.1361
141.193,-6.03212
70.4339,-12.9967
74.912,-1.64766
67.5113,-1.5285
62.9554,4.7949
49.5784,12.4174
68.2313,2.27462
95.9143,-8.46383
44.8427,7.40546
51.2893,0.115578
76.0091,-4.06983
78.2214,-4.3662
47.5235,-7.02817
128.441,-20.2766
44.4735,-2.06651
24.839,0.51626
62.4511,-7.43696
82.1888,4.14109
76.9286,-4.39879
60.1156,-5.6064
63.0877,-7.1677
134.938,-0.513844
53.3357,11.293
46.6837,-4.63275
56.2706,-5.65237
49.9307,-13.1353
48.6881,3.16925
89.6663,-1.99327
66.4656,-2.18343
83.0294,-3.96388
75.186,8.25892
96.4372,10.1161
82.2891,-18.9016
45.8827,-2.06288
59.5387,-0.74172
75.5414,-1.55059
58.5489,2.35688
72.4354,-2.60064
36.1512,4.17078
101.716,2.81785
35.6212,-2.83814
78.3966,-4.94176
68.6214,13.2784
48.4308,5.22104
68.1611,-10.9611
35.8893,-11.4584
78.5497,2.69304
32.8944,1.18263
55.5214,8.04425
49.7171,8.92787
99.0416,4.47928
60.843,-5.42471
61.8567,11.0077
72.8864,-7.41418
53.0974,3.43204
122.451,-0.977365
122.666,-0.318984
36.2373,0.187135
74.3566,8.36427
36.3733,-4.09534
43.1176,-2.60668
42.7512,5.2992
26.6874,7.19204
53.0657,3.42656
69.275,1.948
99.9864,-5.3093
82.1932,1.05902
43.9647,-4.54367
95.0133,0.757602
38.7183,3.7947
72.9919,-6.90875
43.349,12.0805
94.9501,-2.21023
120.101,3.5162
49.5905,-6.45619
38.094,-1.68525
55.5064,5.03123
51.9116,3.57735
51.9081,4.74768
60.9958,2.18921
41.3881,9.62669
102.872,18.8284
95.173,-1.57584
73.5138,-6.26733
66.2145,6.9119
34.2234,8.07036
131.676,9.99121
46.9427,-0.283853
40.1085,18.1573
78.2689,9.2519
65.4873,6.42417
48.3341,-17.6838
46.5812,-2.41303
61.0092,8.16142
37.7605,-6.75942
64.2735,-7.53381
5622.29,25.6211
47.0208,3.7499
81.3794,14.8912
94.8181,-2.68121
63.415,3.73311
54.2692,-2.57233
80.6389,-4.23966
53.5573,-3.22043
88.731,12.1505
92.069,-11.1548
66.2919,16.1375
84.4363,0.207678
45.9463,-6.88419
80.454,1.27688
83.2388,7.07582
58.974,-5.21923
52.8034,5.04841
59.3906,-1.70035
61.8818,4.441
31.3427,7.72172
108.487,-12.4883
83.5102,-3.58845
73.8302,8.43759
48.7087,4.2098
49.874,6.27838
88.6147,-5.53541
67.2533,-8.06552
53.7969,-9.32696
36.8152,-9.84779
42.9271,3.33407
55.356,13.2786
71.8167,0.0720313
49.1348,15.9561
78.6374,-2.55519
59.2996,8.19811
66.1728,8.93072
54.3558,-6.68631
32.317,-1.83626
59.0053,11.9462
64.4222,1.92689
54.712,-8.50608
62.4982,-1.38245
82.0565,-10.5247
28.7773,13.6306
58.881,-3.01949
56.297,-5.00547
130.727,-16.4438
59.8265,-0.752768
357.639,6.58092
34.7546,-14.3899
69.3647,-4.52377
77.5368,-4.85985
93.5676,-2.37082
58.0226,-3.84904
76.3299,-9.26369
43.077,-14.4798
75.9565,8.31714
45.1128,17.4725
51.2796,3.43364
69.2217,-3.009
50.921,-0.307201
78.1458,-5.37313
50.3497,1.51857
40.5429,-11.8477
52.0519,-4.57902
60.4587,-11.8849
36.2421,16.1557
71.1455,-14.4074
67.9173,3.93406
51.7936,10.5973
46.8247,-3.35038
67.2838,1.62837
56.9747,4.79593
43.1281,-4.90603
71.5203,-9.28164
98.3652,-8.0559
69.0528,14.7976
92.5495,-1.2225
60.0031,-4.43504
54.4112,-7.77295
40.4681,-5.41374
85.4492,-0.450573
81.0336,3.53696
35.1472,-11.243
37.1302,-4.82226
68.921,2.83037
56.6868,0.291492
70.7744,-0.729765
68.1403,5.29842
49.5849,-14.5254
42.4668,0.855615
95.2203,3.40213
55.2039,2.28403
53.8275,17.741
45.7104,1.26579
53.2548,-8.81799
42.2685,9.98521
84.9831,-8.86581
37.6471,-4.44367
52.5131,4.28809
64.5376,0.967352
72.3836,-35.8805
48.6409,6.82235
89.4789,-0.241126
65.0857,-7.14198
77.9865,-7.29571
32.4304,-4.38083
61.039,-9.24146
30.7688,-6.02215
61.9755,-4.73236
76.7453,10.1382
59.4527,0.455925
61.454,8.0452
40.2332,-4.48545
73.7301,-6.03229
40.8038,-8.30561
100.516,-3.25414
46.6121,5.1522
24.8368,16.2661
63.3131,1.00317
124.636,-2.08904
43.9358,9.53848
83.9179,-3.63726
75.769,6.59728
92.335,2.91656
46.982,-14.5723
47.6666,-2.31605
33.8953,10.8042
100.637,-4.14782
77.5283,3.28862
66.3156,0.0971927
72.1002,1.0834
80.4724,18.1944
64.9527,-1.0213
54.4728,8.47812
51.9633,3.53212
51.6321,7.60955
75.7304,2.02452
72.14,-1.27684
40.0542,40.9866
37.5242,-1.63959
69.2373,1.37239
113.242,0.191968
94.8429,3.97657
52.517,12.3118
74.1908,-26.735
75.2065,-2.55929
46.6602,1.77528
39.5079,1.68732
138.49,-9.33373
73.309,3.64166
45.8591,0.640082
75.9864,-2.15291
54.5288,-0.663905
52.4738,2.34156
63.0959,7.74132
49.4727,-13.0245
83.4981,1.47878
78.2671,11.2804
44.4033,-2.60202
49.8077,-7.07336
50.2586,5.81002
58.2812,0.518979
89.0954,3.89207
45.6642,20.9385
60.6789,0.724327
61.8457,-7.04396
53.5859,-4.45994
48.5069,11.8105
71.6575,-4.40928
41.3609,-6.32318
61.54,5.02808
57.0327,-8.89278
50.5138,-18.1331
109.95,8.86728
81.667,6.28174
56.7314,-4.68148
28.1538,-12.202
85.3522,15.3581
43.6405,-1.53519
41.2459,6.38576
71.0778,-1.70368
41.9473,-14.3116
60.9587,7.6017
54.579,-7.28643
47.5988,1.68529
49.4406,-8.0732
65.7761,-4.14536
60.3224,5.24909
63.3004,0.189638
45.8703,-16.5136
43.6808,-8.30812
68.7576,-6.24307
50.5455,7.91231
63.0586,-2.32257
87.5207,-1.16148
90.6232,5.56009
75.734,-2.81539
77.1539,-1.8496
51.7295,3.98132
41.0852,3.88749
100.181,-1.57174
70.8905,-7.20715
92.1765,14.489
88.731,2.02098
59.2883,15.6062
39.0238,0.715997
51.9237,3.75379
136.965,4.42175
50.1272,-3.02307
42.1471,3.14965
60.2569,9.24496
79.8418,-8.81169
47.771,4.68027
49.407,-4.73024
46.0961,5.94351
51.643,3.48284
54.6668,-0.441899
42.1921,3.58189
54.5494,5.40632
94.0168,-0.897565
66.6508,-11.7811
67.8764,7.61059
51.2459,-1.65374
90.0726,6.05939
52.4205,5.01945
138.853,-5.31064
65.2091,-28.7845
46.933,-3.8499
59.5926,-3.32565
60.3818,-9.59864
88.163,7.91542
68.5294,-2.83689
72.6451,4.19901
62.2631,-2.44026
81.3527,8.23401
77.5225,-6.97819
50.0362,2.13897
83.5222,-2.35904
57.2942,-5.99478
72.0165,2.84888
38.0268,1.80777
40.4386,-1.45569
52.8485,9.59527
54.9076,3.98956
52.1746,0.591356
31.3271,0.052049
53.8852,-3.55418
65.5409,-4.3978
83.9814,6.36051
51.8632,2.40699
65.47,6.82269
34.1149,39.9202
45.3371,-12.3316
85.4045,14.8266
85.8869,-6.88065
82.9022,-9.73989
45.8556,-7.88642
65.465,-15.0966
57.1957,15.1634
55.4746,3.25828
56.7718,0.305216
61.7436,17.6897
56.592,-4.76559
101.93,8.91466
63.9116,8.0505
63.5469,0.645175
55.007,7.0141
34.6286,12.5247
73.0835,-3.51857
55.2414,-12.3138
57.7864,11.2623
49.9296,6.86818
108.362,-21.0635
49.0429,-8.08896
71.6432,5.42764
71.3629,6.20104
51.6656,5.20451
59.9399,20.3175
31.4748,-7.29264
82.2919,-5.156
60.8748,-5.73804
57.3079,-6.74609
59.8054,-17.2331
47.8159,-3.31133
50.5534,2.44885
93.3447,-2.0568
58.4821,-5.08259
60.4234,-26.6648
52.0816,1.5638
40.4384,-2.35183
66.4085,-1.31465
82.8088,0.109795
62.1241,-0.711768
72.0481,5.91162
69.3126,15.3063
65.0739,2.8349
59.5169,8.57475
54.4694,4.60163
47.9939,2.93986
128.112,1.13748
79.6553,-5.00849
39.8151,6.56996
42.8265,16.9372
107.659,-9.10961
53.2773,3.05622
79.6051,-0.995534
42.8557,3.95909
105.739,6.77962
39.1464,2.69157
52.932,4.83667
34.1043,4.52093
90.0837,10.3155
42.2639,7.86794
82.7408,4.27721
57.2568,8.72615
41.1916,-9.66432
47.2338,-6.16893
62.8062,4.49162
73.161,0.146091
54.8511,-12.864
59.6659,0.897306
100.024,9.99246
67.8865,-1.64105
79.8229,0.847199
58.1288,1.9871
59.9837,9.61448
68.281,35.5982
61.6467,4.06258
60.4592,1.33579
44.8034,1.87834
87.2115,-7.51102
41.8049,-6.01623
78.9491,-1.61714
29.6077,9.68189
58.6422,-2.40306
45.1147,14.7019
69.6943,1.63134
78.8476,-2.65299
39.2925,-16.7
87.8709,4.04882
60.2964,-8.79188
65.6185,-0.535078
48.6824,2.26564
61.4246,-4.81945
125.783,0.0811809
78.8514,-3.68542
80.3464,-2.87724
54.591,19.9003
68.4405,2.72394
74.9174,8.27756
60.9558,-7.48638
69.7947,-2.02844
70.9654,5.24633
63.6872,3.8259
60.7043,0.4523
62.6733,-6.09245
93.0811,29.2821
60.5967,-3.84459
54.1606,-1.13809
59.0451,-3.3736
54.2329,-2.66011
67.2936,-3.22013
76.9182,11.0731
72.9602,0.693555
73.4277,-7.30615
50.3438,6.28744
81.7838,1.57153
73.4984,20.5141
45.9584,-0.283076
59.8533,2.52256
67.919,3.48901
55.2028,3.34495
51.8613,1.6859
52.3293,12.1811
52.0015,3.20235
64.7196,-3.74097
46.6714,4.57013
49.9006,15.578
50.1165,1.57399
60.8001,4.13254
38.8355,-0.553075
80.2964,5.44931
47.711,9.93618
56.1095,9.22886
74.3365,-3.81542
108.814,11.8378
65.7512,4.83676
54.8271,0.465377
41.5435,-9.93398
49.6159,6.71238
44.3741,-4.68398
83.0838,1.67731
56.5301,11.9542
49.8008,-50.4054
67.7384,-3.49233
56.7564,6.37074
41.3263,2.17699
59.3795,-0.153299
64.2845,-13.407
26.495,2.19495
58.8045,12.1251
60.2651,7.74909
181.969,-3.8679
134.495,-2.89148
63.1382,-4.93814
82.2995,-11.3779
49.4397,-1.70756
64.4883,-9.78789
45.7323,6.12184
68.9643,1.0301
85.9276,-0.303749
62.853,0.136337
67.4275,7.49773
60.5468,-2.71173
34.363,9.47093
47.0015,-0.25813
77.4678,-14.4962
86.7735,5.39061
29.8552,0.997304
45.4454,3.38293
51.0679,-0.177165
99.6395,3.75055
56.4691,2.31609
71.3747,-1.59129
59.6469,6.46068
59.0926,-7.2601
94.7619,-2.2353
42.4838,8.30216
100.654,-8.8425
51.8488,-1.2582
62.0649,1.80294
45.6693,8.51584
61.3931,5.62807
53.8913,5.59755
65.7034,-3.89327
62.9943,-2.63883
46.9723,-6.95152
58.9497,9.13551
41.5232,-2.86774
74.0994,22.7864
43.4605,-5.33368
91.4701,6.99722
66.2858,-10.4052
36.2139,8.37959
153.933,4.90094
86.304,1.30774
65.288,-5.10805
117.915,-6.38308
73.4452,-4.94358
46.4523,7.08768
73.1106,-1.97786
69.4495,0.2681
84.8508,-10.0718
130.707,-2.82286
49.2915,4.09094
90.8345,-16.667
45.3175,-7.2765
76.5112,2.76615
59.7994,-4.03816
65.2276,7.48323
33.9044,16.8931
59.7911,-11.7002
23.1613,-7.8392
83.8986,3.30649
37.3861,-7.25156
95.8474,-25.9823
93.6254,-12.8026
68.3716,-3.44887
62.3876,19.5132
82.995,-12.2947
80.7089,10.48
86.4556,3.91692
70.6096,12.6022
65.1281,14.1263
72.2064,-4.14778
58.8136,-5.01802
54.2897,-10.4101
55.874,-2.95544
156.861,-3.06217
31.1952,-9.91715
51.0909,0.895795
55.4155,-1.78896
70.56,-3.3153
46.212,1.88801
65.7594,-1.81144
47.4198,12.5073
76.2272,-0.343584
55.8503,0.958375
57.9058,0.523511
41.4033,1.94044
41.9456,-0.559074
58.4975,3.56104
63.2942,1.31391
35.7021,-6.26871
53.4426,-5.33343
71.4298,2.70146
103.337,-6.05098
53.5095,-11.7079
77.5113,-5.08259
59.8997,1.44632
33.6159,-10.8032
52.779,-3.25798
85.5162,0.446775
64.6591,-3.98632
59.5853,-4.14018
54.0684,4.39922
55.4,3.23813
65.2455,-1.97825
54.435,2.36728
69.8727,-27.8968
65.6893,12.5688
40.0953,4.17173
57.2394,-2.17993
62.6561,2.74686
60.3705,2.05594
73.6029,-1.32505
50.0315,-0.0335772
40.9974,-8.98834
79.0996,3.90942
64.3257,0.852292
79.0738,2.0893
174.13,-10.7691
54.5244,1.92348
46.3256,3.29333
62.9467,-8.34014
88.5413,20.0134
56.8323,4.494
48.602,-0.579444
65.8396,-5.15829
60.9456,-1.36605
56.9334,-12.8544
41.5592,-1.23662
88.2654,-6.10695
196.35,2.62239
51.971,-9.33149
35.5643,-8.39996
80.3231,-2.26806
73.2551,5.93907
101.29,-2.51924
72.1273,9.60636
65.3625,8.37014
42.279,2.72701
78.4253,-5.7758
73.1952,5.87532
42.0294,2.02283
46.1014,9.35328
68.1758,-1.76164
51.0387,1.15423
74.6823,1.12514
46.2053,-4.38821
96.7417,-0.265942
45.2157,-4.24808
75.555,2.1814
67.2149,-14.258
42.1605,-8.46892
52.4594,10.057
48.2852,-14.176
92.6271,-7.73955
64.008,11.1068
32.0778,-2.18321
39.9062,-9.42993
59.3007,-2.30928
99.7565,0.105695
72.2812,4.01058
75.791,7.47205
103.165,4.75299
52.4071,-10.3475
65.2997,3.25595
40.7415,1.77545
45.6436,6.52852
72.3535,12.3169
53.9464,-1.94778
77.3904,8.57078
48.7079,5.90009
56.6858,-7.65293
78.2636,2.31463
38.7709,-1.35215
63.486,3.25129
81.2945,-7.41435
33.3381,-1.46423
46.9814,-2.66192
52.936,8.57289
27.552,33.2884
81.0784,-5.68663
44.6074,-13.6165
89.5357,0.0930495
51.6828,21.6867
41.5343,-1.23291
72.4788,-3.54973
56.0112,3.94062
50.0856,6.80292
81.6167,4.54781
58.8869,5.92474
84.6492,14.1032
60.0469,-5.81343
65.5852,-2.49378
35.6175,5.45552
52.074,-13.1259
49.6715,9.59281
50.2271,8.81419
65.019,14.8712
43.6527,-2.20479
79.3835,0.392784
73.2403,-5.41025
61.8467,-10.1903
57.9276,-13.0139
62.7564,-2.83499
48.6518,10.0187
95.5499,-14.6656
94.2128,-11.6848
54.7257,-6.26755
55.9719,1.12164
75.1479,-3.31784
77.1255,-3.36717
37.4351,2.94867
122.878,-11.7606
58.3959,10.5674
82.9336,9.24344
96.7058,-2.73313
68.1904,-9.78206
79.9293,-1.15393
73.9307,2.21148
81.1176,0.211001
57.6953,12.4629
67.3739,-11.3565
84.6862,-5.13313
46.0297,3.72806
63.3486,-2.17902
53.7424,3.39328
57.9028,4.13759
40.591,6.76697
56.7848,0.362444
60.7659,-5.1049
72.9682,17.8992
65.6145,9.3415
51.4452,-3.21685
79.3167,1.05397
58.2804,-1.24136
47.7302,-4.50163
43.2514,8.97837
47.9198,-3.15552
41.4494,21.6411
57.9345,6.19974
57.8373,9.03033
40.4992,4.66719
95.4968,2.47958
106.206,8.1559
42.086,3.8928
46.4205,1.21603
49.592,3.73773
55.5739,25.7773
45.4247,-8.73983
46.1896,3.18094
88.8392,-4.97482
63.9644,-9.16516
60.0728,10.0014
88.2341,-3.94709
57.0084,-5.74835
47.8481,-6.42706
51.882,0.845386
85.7442,-0.283723
68.785,5.32125
80.7302,7.26994
48.6789,10.8949
38.6323,-10.7013
39.4551,4.04066
104.217,-8.18218
51.595,1.06347
51.797,5.97312
56.3188,-1.01163
99.9262,5.08526
64.8393,-6.07338
72.8883,-9.6746
41.0709,-2.07592
49.2651,3.84425
59.0557,-2.77634
89.5366,1.53186
154.499,-2.27751
37.0985,-9.49014
94.0068,6.87668
76.5447,15.1031
67.8167,1.18349
149.177,-6.0896
92.1921,4.73542
45.0384,6.02599
102.755,5.54266
60.1165,3.13174
76.338,-6.59374
65.3524,2.95255
55.5412,0.511901
65.1141,7.61016
80.4393,4.77345
80.398,4.96282
44.79,-1.56794
37.079,-10.834
48.8647,-9.50878
60.7311,11.4311
41.3908,1.19113
48.4785,-13.5413
47.6179,9.60822
57.282,5.07827
44.5886,-4.57047
51.7589,6.54022
51.1684,-3.00913
54.8219,-7.25229
55.2228,27.1144
75.8636,15.638
38.8991,9.01229
87.944,20.8016
68.7337,-9.7938
40.8244,17.0095
60.6377,-1.45401
60.0628,-4.12214
80.178,11.7359
37.4867,21.1771
70.3199,7.52855
54.1926,-1.35647
55.3103,-3.43005
39.0997,-9.29372
81.0068,5.55746
63.8445,-7.08777
67.5906,-3.70191
126.06,0.454717
62.9846,8.27911
56.2838,5.63769
64.5006,-9.5446
76.4007,0.668782
80.234,10.6723
98.318,1.36648
48.9179,-11.9899
49.1755,-10.6338
63.4695,-4.2823
56.5502,7.66916
60.8034,-4.35114
57.1497,0.645995
41.5267,0.682938
62.8156,-7.45867
138.363,-3.831
101.47,-12.9353
42.6679,-3.28452
36.1829,1.1907
53.839,5.80925
120.26,4.54708
49.1947,11.1272
49.2002,-8.17519
56.5308,-1.53139
42.4046,-5.79781
54.6058,-7.66113
48.0372,-18.6261
66.4257,8.35909
61.6622,-4.7614
90.1756,-2.39361
45.1989,6.05054
74.7363,3.81365
42.5298,21.6667
49.1138,4.88648
79.5559,5.67701
52.2028,-1.75775
67.9007,-6.74354
59.5871,11.6501
46.7857,10.6436
48.483,-5.34072
50.1144,8.35024
65.8544,7.33425
71.2511,5.03982
51.7162,-13.6023
51.8561,0.108759
37.4634,-6.12353
75.9287,-15.5034
74.8229,-10.1202
34.4825,8.52119
49.1887,17.762
60.7959,-17.2709
57.3001,9.18294
88.7389,10.4819
59.2429,-3.91503
39.1187,-1.8294
45.744,-14.0941
41.1745,-4.37449
65.171,5.41996
46.814,-10.1725
46.4496,-8.38524
64.9021,7.12704
88.8588,-10.172
87.8025,-6.10402
61.0938,-0.49986
70.9374,-2.41652
55.0477,-4.35882
40.0863,12.313
50.5359,0.221877
74.4254,-6.32106
76.7066,7.98102
57.2866,-0.50314
64.5504,-8.31938
56.3194,0.858636
59.7698,-5.68698
43.2614,2.40116
57.5305,-19.4266
57.8594,1.13036
61.5571,16.5999
56.8667,4.36253
42.1606,3.33286
80.4089,1.55042
85.514,1.20805
58.764,3.63406
69.1379,1.93414
62.7355,-2.11886
61.6357,-19.1193
59.1367,8.47268
36.9507,-1.02203
38.8085,-5.82185
121.679,3.1342
92.7862,3.80458
56.3326,-7.23567
89.7606,8.98117
50.6119,7.57507
66.8001,3.39531
84.6155,3.57658
55.8485,16.6456
99.0723,-12.1583
72.0573,-0.193608
106.112,-0.965323
37.4885,-11.2402
54.0881,4.15102
68.8793,6.67923
64.8079,-0.105091
67.0244,-7.41871
71.3141,-2.17302
75.3605,-4.16906
87.1955,-4.44738
53.9596,2.01105
48.1365,0.183509
139.259,6.38649
61.9291,-5.01837
53.7313,1.20386
65.2694,-11.4092
79.8405,-14.9045
59.5927,11.1635
60.2735,14.8008
142.968,2.46279
36.7248,13.1631
38.8911,9.64905
88.6757,-1.50549
57.5931,1.37252
79.2873,-6.30035
50.5522,-11.3093
48.1856,-3.14133
42.1703,8.10661
51.7409,4.48864
49.4372,-2.71164
71.9735,5.32963
64.3807,3.65892
68.7107,2.00764
38.7042,8.67837
66.0184,-5.72513
95.6528,3.56626
60.5263,-12.9379
112.932,-3.62427
55.6733,2.26728
52.3519,2.32356
56.6193,5.91658
37.1462,-0.941155
93.1139,4.1215
44.6482,12.9923
49.4319,-11.2405
90.3774,5.68158
34.9385,1.06109
85.0334,0.847889
46.3347,-2.13289
87.2144,0.970977
62.2389,-3.44473
46.3042,-2.85618
51.0782,5.21129
51.0963,7.0365
51.6988,9.27383
48.6834,3.16826
35.8803,-9.21233
51.6205,-11.0403
57.8231,-8.37575
45.4995,-1.78645
71.8517,4.43077
75.374,0.750913
43.8642,5.93734
59.6078,-3.98511
48.2302,2.72433
67.7503,2.96895
63.1083,-11.6503
66.9023,-2.17419
45.2833,4.24829
60.1411,-5.93233
58.2695,7.6389
126.806,-5.39096
57.1643,-3.49432
62.8185,2.02564
54.604,2.42209
53.8573,-1.36467
42.1222,-3.20149
54.5415,-5.45492
55.4055,5.1986
83.3481,-7.92785
39.6256,2.27401
63.5263,7.84226
30.9741,-1.55586
102.498,-1.34067
81.6438,2.82653
63.7395,-3.76376
45.5214,3.28176
63.008,15.0955
59.4435,6.13665
62.5846,-3.22436
70.2032,11.3661
56.5903,2.9144
51.7032,8.58472
66.1277,-4.96364
47.7833,-2.25826
88.0191,3.45353
42.0054,-0.419456
60.1894,-3.67062
45.6526,5.03714
75.3374,-9.70563
67.2173,-8.57419
57.4242,9.65582
71.9371,9.4866
88.954,8.38028
61.734,0.393345
53.1076,-6.11192
50.7573,2.09836
77.7358,19.0935
53.9784,-4.91449
44.5522,-10.318
30.4282,-20.8064
61.1818,2.60905
176.33,-9.59846
31.6776,8.95234
74.5956,-2.39805
50.8464,-2.0003
39.6151,1.72638
118.588,-10.0001
39.7364,8.16997
28.9142,9.36748
78.6553,6.65563
56.1168,8.15417
49.783,-6.37432
57.1233,-7.32618
99.9428,3.64075
72.3264,-1.76561
69.3654,-14.9571
81.0961,-0.447768
37.7894,-2.81345
52.6161,2.61626
52.7581,3.87769
77.5219,-1.93091
69.0141,8.21645
41.9357,-5.58314
41.6433,8.92187
51.9712,-0.22028
62.0865,-5.45518
50.6221,-11.9748
41.5043,-4.38882
67.3967,-1.47442
56.1329,5.3487
80.4059,-8.50876
66.9689,-13.6528
107.57,6.1921
64.8496,-10.3647
99.9052,4.5422
69.2811,10.8047
53.7842,3.89353
57.8224,-1.77131
59.5484,-12.1029
52.5505,1.03067
32.4949,2.13828
53.1272,-4.57155
48.9248,2.55126
104.591,-0.903348
75.5991,0.0187739
46.1276,6.49326
89.7023,10.217
55.4967,3.14249
58.5734,15.6968
42.2076,5.16494
55.4942,6.50479
78.3372,13.7947
96.9323,6.90633
90.976,1.56376
33.2921,0.529769
56.2524,2.93723
40.6253,11.8447
54.7287,-5.22868
47.0293,1.87195
64.1089,0.257958
53.6591,5.01712
84.3788,0.207721
34.4513,7.3809
83.6763,-5.11582
48.5658,2.96079
80.3419,-2.63335
45.9823,-1.21642
38.9842,6.38045
45.8314,8.87224
157.72,10.2256
37.4845,-3.67916
53.8657,-0.86921
55.4049,-4.28032
63.8982,3.58633
74.483,-8.26811
48.6456,3.08781
57.6583,-6.49456
57.6423,0.714185
70.3558,-0.168577
65.5929,1.65495
108.05,-16.7232
66.9196,-2.76442
84.5613,-8.47445
78.9113,5.34115
39.7899,-7.7449
58.6735,5.34737
53.7834,3.2273
80.6302,0.706503
81.3304,-1.42682
92.5116,1.40653
37.928,-3.98119
49.8419,5.95512
72.7613,6.12439
74.0855,-4.49727
52.0127,-2.21079
48.998,0.889106
84.1473,-3.51624
55.878,-4.33707
55.3305,-1.11133
57.7512,-8.42857
88.2242,3.05984
122.558,-3.13351
63.5293,1.36113
40.1399,-7.29174
57.3511,-9.43641
49.7611,-3.43239
54.5518,1.16402
53.465,-0.153773
53.0625,-4.5293
68.1998,-9.11518
116.371,-1.01988
62.5679,-7.86816
36.4977,-6.45796
83.7756,-11.8494
46.5968,2.96308
51.4496,3.36972
47.1802,3.34538
62.8259,3.81904
94.7221,3.73751
74.9814,-4.80638
73.8214,7.84265
73.1485,8.49741
57.8222,0.683413
79.9475,5.2957
66.0001,1.64438
59.4091,5.19087
66.9757,-2.23552
47.8881,-9.13443
52.6286,-2.91625
62.475,-0.645692
42.9469,2.80957
51.8671,-5.36411
63.0466,10.195
68.5635,-8.11321
64.776,9.40266
91.847,-1.42682
63.3017,9.84175
63.4567,6.64427
48.7646,-7.49311
49.8831,3.9868
51.9671,1.26299
66.9765,8.34333
47.2506,-9.85427
37.7858,11.4599
177.891,-8.40104
119.769,5.77843
67.8758,1.82085
47.4245,-5.49082
24.8076,10.1598
46.9439,-6.4785
80.93,15.189
61.1995,4.99325
66.1147,5.91533
33.5731,-5.28776
75.9128,-4.83469
37.0786,-3.19894
63.9303,-14.3364
68.2419,8.28615
49.1562,-11.0603
151.311,-15.1807
52.1408,1.34637
50.1064,-6.18619
42.5859,-1.12583
38.3284,9.67641
60.1688,-1.73782
62.2375,-8.69637
50.2187,-6.86084
35.5524,10.2583
47.5332,-1.19562
97.2672,-2.01981
48.8788,2.41074
41.6332,-2.28908
76.9023,-4.57285
72.7241,9.47326
50.685,6.47151
58.6459,-0.787683
60.4397,-8.62481
41.7818,9.39411
68.3689,5.29847
73.9146,12.858
66.1981,-10.7567
75.1533,-0.0595586
44.5362,-5.77679
125.238,23.7249
68.5375,-5.72582
41.5243,2.93986
71.1929,-11.5654
35.0148,3.80842
25.4005,25.6759
61.9855,11.5552
42.1463,15.5543
74.2437,-1.93224
38.8879,-13.521
47.225,2.04148
50.8499,2.94293
47.2714,2.34842
37.0019,28.0516
65.7734,7.49877
106.49,6.79602
51.2863,-1.63635
64.1829,2.83054
58.2658,-1.07887
122.344,3.91908
55.3157,-2.53154
37.8287,3.86876
67.7787,-1.02195
47.1124,-12.8995
71.701,-0.156018
48.295,2.35714
44.7492,-8.44907
55.3424,-3.67588
50.637,-0.000863167
48.478,-5.9291
117.488,2.93058
30.0179,-13.0334
58.908,-16.4253
72.445,-2.16737
76.4095,12.7558
45.1838,8.59111
77.6993,2.32844
102.744,1.32216
54.5039,18.3254
64.2695,-6.57781
60.4837,3.80165
66.9371,1.98317
37.4025,-5.18703
51.9587,-8.74302
78.6361,12.6618
69.6269,6.43729
84.6347,-7.76726
58.5401,-1.00973
71.1724,-3.73855
69.6198,-6.93145
85.6458,0.566065
60.2306,-11.0535
62.8608,-1.48927
69.818,-5.03745
63.1566,-4.99157
86.939,-10.6717
81.0705,2.25002
54.4905,4.52175
77.6972,-3.45263
54.4195,3.46057
91.2403,0.957253
33.4217,-4.27453
62.46,5.19687
55.3081,-2.06478
59.9128,2.0489
44.1984,-1.01513
70.2585,7.66208
143.217,-11.0807
56.7963,-21.2862
45.9886,2.76347
57.8528,7.08004
34.3663,9.71603
45.306,-0.101595
56.0913,1.10779
50.8666,1.57688
58.8585,-3.24249
41.4888,-1.23239
49.2319,-4.29827
93.6151,4.42684
66.6172,1.20144
36.4392,-3.91852
55.0503,10.862
83.4567,-2.27764
81.1519,-1.32531
86.3967,18.8643
61.8215,-6.19206
84.2663,7.18608
50.1964,-5.94783
45.3868,-9.71758
50.6364,-6.02046
73.3669,1.95076
67.3263,-5.31241
49.7444,11.8133
99.7882,13.8271
81.4116,3.07042
36.0378,-10.2909
72.0798,6.81497
61.9888,10.0695
70.831,6.04243
36.6827,7.16563
62.1853,-2.39654
64.6814,-14.2389
62.0057,5.33308
44.4168,-4.26219
61.3853,-5.15786
71.8831,1.09998
47.5937,35.1179
54.8712,-1.17499
64.9518,6.84108
53.0854,-1.37084
62.9729,-5.27365
54.2422,-3.90756
90.1161,-13.6235
74.9769,5.00382
45.0883,9.26718
41.9183,-2.54496
50.5097,4.11908
85.4174,0.721522
74.8479,0.470254
62.9849,-8.8539
52.1835,0.498652
58.4187,9.41949
86.7022,-16.5283
54.5723,-0.349669
74.6372,0.102415
48.9973,2.00579
85.9743,0.104184
74.8458,-7.3096
45.9918,2.35161
69.0959,-0.781123
67.8127,-5.92185
41.9564,6.97651
41.6961,0.226452
97.9855,0.22861
43.5995,-10.4958
74.1834,1.89444
35.2694,-3.76315
48.8996,-5.97864
49.3468,-1.98278
63.8518,4.12676
39.1579,2.61328
58.4629,-2.81
43.0777,0.685484
76.2207,-4.1139
43.4811,-11.4437
28.5665,10.6316
38.0888,8.1959
37.4514,16.083
49.9861,-0.279796
35.0023,2.35576
34.6903,-4.91185
54.2604,4.01934
93.1266,-9.86527
35.0544,-4.58135
56.9571,5.28487
106.228,0.230682
77.9105,13.128
96.7534,-6.13954
126.02,2.20971
63.3169,0.777023
62.3979,-11.7571
29.2842,-0.374528
69.2348,8.88044
54.7709,-0.496753
48.7147,-9.51681
118.88,4.88967
102.365,7.33796
66.1303,10.1747
42.6688,1.19695
71.4355,1.88412
56.5745,4.98794
41.5111,1.8398
67.8765,-0.570554
43.5598,-13.2478
36.7817,9.99367
80.5489,2.44928
56.4371,3.14202
50.7957,-1.35789
72.7,10.0637
131.318,-8.4845
88.2363,0.529942
38.6035,-22.1552
56.3157,2.1369
48.9065,-10.7403
44.029,3.11414
37.4051,-0.907189
61.5145,12.3348
59.0991,-2.69092
40.2422,5.33144
36.4765,0.845214
86.063,-6.78333
45.7665,0.592651
147.021,-1.2932
133.637,-10.1371
76.6541,7.82448
22.049,10.0164
56.3715,0.0939558
53.9288,-5.20965
29.9514,-2.34216
71.3893,1.66958
65.7348,-0.0820872
32.412,-4.0751
110.162,-0.688333
83.5591,-9.081
64.3901,-0.562267
93.539,1.61438
42.454,7.19834
88.1474,1.59151
58.1178,0.765241
62.5757,-3.09428
76.4343,0.838438
93.2474,-1.27982
70.9402,-7.73605
51.9416,-2.80909
64.4398,1.80838
44.769,16.9669
63.8041,-0.627264
44.8385,-1.85685
42.1935,0.192098
55.8104,-2.25675
116.564,-2.23405
56.3141,-2.64393
70.2521,1.42794
45.9709,1.8193
56.3821,-4.17523
48.7719,-4.22413
126.806,-0.747978
46.3722,-0.389332
45.7142,2.73559
28.6004,-4.72252
83.5629,0.634212
58.8865,-7.55129
48.9039,3.42501
75.7672,-10.5212
94.9361,1.37809
48.7345,-3.29134
48.6275,-2.34138
42.2907,11.9353
47.057,-11.0422
76.6482,1.7297
55.7674,-0.805422
37.7158,2.54436
91.0612,1.43545
65.3456,29.327
93.931,7.64374
44.493,-2.2492
67.7686,13.9692
39.574,8.59093
74.8181,-0.698864
50.1952,3.65961
90.8005,-0.356704
75.9857,0.105911
62.3041,12.5434
39.8489,-2.40681
47.886,10.0806
54.3206,-12.1899
68.4236,-1.07706
51.816,6.09539
50.7775,4.41933
60.6827,4.81406
46.4216,7.61271
44.6015,6.11727
84.279,-20.9464
121.206,21.2712
55.2073,-0.0123001
114.246,-0.00612849
84.1252,3.16498
76.0546,6.12771
58.6496,1.18276
122.483,9.90381
98.5029,-12.0455
49.0654,0.995405
28.1735,-5.89073
65.4606,7.84585
49.2808,-1.03183
39.6917,0.78518
66.851,2.39054
23.4114,11.3305
62.2262,-1.37377
99.3817,-2.23629
51.8906,-4.39059
75.8602,-4.52507
52.2842,-1.58689
54.9577,-6.69477
66.6967,8.12595
59.5784,5.07927
72.2778,-1.45616
52.0766,0.453336
37.6662,-16.1414
65.0428,4.45891
67.6,10.3213
58.9454,8.49883
58.8199,1.10175
63.024,-11.179
51.053,-6.28429
61.4661,-2.69036
61.982,-0.761227
43.4413,6.76559
66.6376,-12.2495
54.3632,-3.37382
55.6931,-5.315
55.0665,-15.965
82.6302,-6.96067
99.3366,2.73965
61.1349,3.44853
47.2529,7.509
67.0969,-3.6581
46.0633,8.57971
74.1536,0.0526532
108.671,-1.60044
70.0801,-10.4937
61.057,-6.07208
100.669,8.6246
61.4614,15.2195
70.7144,-4.11122
58.1749,-19.3057
34.5742,-6.50095
52.962,4.83892
71.0723,2.90745
57.0967,-0.761486
98.5959,-3.71844
102.793,23.8003
55.7289,-0.156061
83.4162,-9.77028
87.1255,-2.16621
61.9386,-1.54434
36.8434,-1.88572
66.2339,8.98782
62.8312,-1.45055
58.0957,-4.10061
67.8464,-5.74252
63.7829,6.04558
58.5178,-8.21066
51.2842,-4.97491
45.8857,-12.6807
79.4068,-0.461234
62.7354,4.69982
65.5977,-6.89597
47.3865,-16.4064
36.8879,1.89362
93.2075,-1.17136
73.7222,2.13802
52.2526,-0.722773
120.955,-16.0485
88.9188,-3.97592
75.5271,7.19411
58.8384,2.55964
67.904,-5.74645
60.0043,4.41653
27.9844,-2.58255
39.7816,5.61473
83.64,-1.55034
59.521,8.81083
50.3634,11.5065
122.531,-96.0823
55.9195,-7.21595
51.6791,11.2738
49.563,13.2523
81.471,6.3486
61.1966,-4.28532
60.397,-8.27242
42.2803,-3.39488
43.93,-9.40542
48.8766,-2.54263
50.2065,-3.4973
106.476,-2.08218
86.8964,2.71164
139.58,2.59986
60.0631,3.64067
97.665,-0.551952
52.6669,-5.82608
50.8414,3.02635
54.0342,1.68956
42.7966,2.15775
36.6246,-6.9611
48.404,-10.9826
48.1002,-5.89988
69.127,-3.17615
52.9282,-0.0847199
68.1236,9.97502
43.8392,17.7049
66.8157,2.90093
55.1059,5.56829
55.3885,14.0176
111.793,1.86461
45.6667,-1.78054
44.8571,-7.95318
49.3094,5.92966
56.3369,6.35973
47.5771,3.9937
67.641,-7.47814
55.7097,-3.37175
39.1322,-5.90428
93.7809,2.79589
62.046,-9.21133
54.1936,13.6551
65.4409,3.7439
48.4242,-4.40595
45.0944,0.699684
45.4823,15.2965
67.6664,3.69915
51.4046,-2.16659
64.4882,-1.5007
68.9726,9.09817
50.5424,-3.98434
47.2891,-8.66223
49.3204,1.40286
57.581,-13.6495
30.0388,-23.8047
61.7141,2.54293
79.837,-6.84522
49.7791,2.16379
65.1589,12.9515
64.2028,7.40369
63.32,8.72602
51.9237,3.15294
35.0218,-3.95154
47.7414,-7.82634
62.2847,-2.66218
64.2435,8.5473
55.6376,7.96199
93.2192,-1.80691
74.4285,3.8562
63.4226,8.37553
42.5688,-16.7514
61.7953,-5.28884
45.6357,-1.24503
49.9139,12.9748
54.4055,-1.54416
31.9606,2.19844
72.2084,-2.23862
56.2029,-11.4737
31.8755,1.4613
53.2356,11.5455
71.6494,11.6173
50.7112,7.87541
113.143,1.09886
63.7811,8.0761
97.3515,-12.0723
66.7725,-5.31172
83.856,1.58232
88.725,-0.446819
68.1185,8.75183
82.5577,5.02752
71.8034,25.3497
63.8246,4.53737
77.2188,9.88547
64.8428,-9.49242
101.277,1.46678
52.9968,-3.76432
20.9687,2.25572
35.8236,-3.68296
99.9471,11.5251
43.6659,-14.3597
46.495,2.4129
100.353,7.73143
34.8585,-11.7796
53.7177,1.53242
54.572,-3.85987
71.0914,10.6349
83.2373,-4.28688
38.0281,-1.35707
55.0066,11.8486
49.2611,-4.98518
49.0615,23.3687
69.223,-6.91613
87.3829,-13.3545
50.2693,5.23101
51.9268,6.11489
80.9252,9.16831
102.237,0.770809
46.6324,-15.8159
45.0798,6.09297
73.8218,-5.18319
38.0711,18.0424
41.2088,-11.8525
87.1084,2.46395
84.6772,-5.4383
80.1832,1.63423
144.208,4.76171
61.4742,12.8994
79.1059,11.0706
34.8349,11.8752
58.7744,5.51788
63.5464,-7.16386
65.0821,9.38336
47.4564,-37.2015
105.637,1.33515
108.985,-11.1081
48.1237,-5.38547
68.2269,1.35772
52.4338,0.895752
57.0566,-3.55383
45.7675,1.89008
46.9067,-1.71451
101.55,-0.685528
53.267,1.6641
52.016,1.79142
58.8654,7.05786
59.7007,4.11623
71.7352,-2.59779
99.4255,-4.93227
50.2001,3.31456
43.7699,-23.1227
73.0227,4.06819
111.315,5.05363
108.781,0.364818
32.8897,1.26204
96.8809,-0.605857
79.2063,0.0197234
57.9072,-4.81263
50.39,1.84114
69.2304,-1.16277
71.9832,6.07251
36.892,-2.71755
37.5408,-1.46574
97.7847,-4.22486
65.6633,4.26383
92.1529,5.29152
55.5828,-23.3277
69.1185,-5.4137
76.1334,-6.85377
129.793,-20.2797
123.913,-14.8441
28.4846,4.61402
58.7242,-7.01388
125.515,8.63042
67.2479,0.752639
130.525,-28.885
86.4305,2.8598
58.673,5.87429
70.75,15.8077
55.028,-4.59395
78.9717,-3.91278
68.3201,3.56687
53.933,3.06416
77.2561,3.23468
62.1378,-3.71628
90.0996,-24.6633
104.268,7.92612
43.0438,1.91524
68.2884,-5.49678
58.2951,14.7198
77.4398,10.1949
63.1089,4.08157
51.8456,-6.29275
57.1355,5.86009
81.1684,6.99748
49.7248,-2.05896
55.921,-7.70847
50.3019,-0.231199
79.5729,10.1043
57.734,-6.17648
88.9929,-8.88186
63.9245,-3.3806
57.299,-2.86995
78.7268,5.52768
36.6679,-2.84776
39.9176,-5.98835
80.124,-5.87075
74.5213,13.8263
70.3472,7.04043
60.2778,-3.61965
61.1868,2.69761
77.9926,5.73851
91.3362,-5.93488
83.076,-8.57613
111.594,5.36472
70.0928,-1.08746
99.5627,3.50066
68.9862,2.93326
82.5424,4.05542
51.1085,0.580351
23.8689,12.1208
93.9689,-1.64559
83.3404,-5.70549
61.2042,4.80556
81.0698,2.43664
62.9542,2.1536
42.0895,5.41655
62.5212,2.66909
54.8913,3.27982
47.9339,2.79757
48.1127,-1.48491
59.7631,-4.07933
70.2131,-1.426
20.8436,-2.23288
50.4378,-3.8152
66.6968,-1.2008
83.3606,12.3988
59.3147,-11.0002
120.531,3.71624
61.7428,4.84789
65.3659,-4.64544
30.0863,-0.148033
152.592,47.1869
55.2785,-1.10602
80.6951,1.49142
50.4832,0.228394
57.4568,-10.9937
69.7679,1.21599
56.9586,3.95706
78.5397,-15.3081
33.9705,6.76015
102.009,-3.94459
37.6301,4.97992
69.7,-2.47254
49.4323,-14.9064
55.4917,7.0532
64.3564,13.6853
21.3878,10.2637
128.479,-6.41925
56.2116,-5.54805
82.9571,13.4105
74.477,-1.39712
44.9075,-3.45375
49.2116,-12.9035
66.9101,6.18611
68.531,-1.12475
43.0894,-1.91649
52.4591,-1.71965
57.8066,3.81183
62.1415,-3.64494
114.447,-2.61669
42.7212,2.78082
40.2995,-15.4077
65.9052,-0.723766
173.17,9.26481
62.0525,-1.15332
48.4296,0.421528
64.3255,10.5508
82.639,2.1246
47.8592,5.68197
36.2808,-1.18975
54.6682,0.965669
68.4112,-6.86615
35.1691,2.73158
53.434,13.2424
36.9234,5.06174
56.0308,1.20692
61.9896,1.01729
82.7147,-13.6015
35.6375,13.5656
42.773,-17.4971
62.0282,-4.58925
73.0299,6.96145
42.8197,-1.10114
81.5492,2.91587
49.5402,10.4718
60.2909,-4.82256
51.4485,-4.83745
43.4386,-0.754969
50.8184,-5.58664
53.0176,15.1232
84.2798,-6.48381
73.0663,5.6648
64.4385,5.25458
92.9025,4.26892
42.6023,-0.893033
57.2179,-4.93313
70.1897,-10.805
54.4817,-4.92795
82.5344,9.68772
31.2272,-0.863167
85.0817,-0.167368
62.113,-2.19214
66.0066,-8.27182
54.5613,1.28962
29.0157,2.38148
53.8062,-1.99396
47.143,1.36855
52.0897,3.56208
72.2361,-16.9845
102.283,-14.2175
89.5766,-6.3533
56.6635,-12.7172
65.3942,-11.3527
75.5326,12.9635
64.7808,9.59234
57.3931,-0.352992
59.7335,6.31308
54.221,3.45008
79.3425,4.95415
58.866,2.92929
62.2814,-0.968517
71.38,7.8351
39.3956,-10.4896
92.4142,2.62446
58.9372,2.40694
89.2385,1.7332
65.7825,0.526273
63.5405,3.55219
80.1153,11.1024
69.7475,0.723507
40.716,3.0144
49.5259,3.20024
61.0524,1.59759
77.0139,7.31073
89.1311,3.13213
84.681,4.4457
63.8209,-7.39122
81.3139,-12.6659
71.9799,2.44471
30.4509,7.12135
127.802,-7.19709
57.329,-9.87891
103.534,-2.04963
67.0128,-1.89418
72.6853,4.55269
101.407,10.6369
51.5504,-9.33071
65.8108,-2.76339
41.3452,-1.21538
36.3317,6.45261
34.1073,4.44311
45.798,-13.5188
81.2713,-2.98975
92.5221,-10.435
49.1984,-7.74749
47.1266,-2.34639
71.9185,0.294901
78.8585,3.15535
80.1302,-8.21092
86.6968,-3.94209
57.0424,1.95697
69.3256,4.42792
54.452,6.21347
82.8041,-4.48049
75.7267,0.0751819
68.3999,-8.43392
50.5265,38.4257
50.0754,6.37721
26.8548,4.03781
62.2205,-4.47703
75.6488,2.91013
139.76,5.456
37.0553,11.4784
42.789,-1.42781
96.4318,-11.8921
67.7734,6.2978
56.3414,-6.57505
70.2766,8.68282
76.322,-7.21237
64.0035,-9.27202
61.7696,7.25065
30.0377,-9.74835
37.3786,6.96732
122.322,8.16392
96.557,25.3379
49.3127,-2.95
46.0833,0.426059
58.1178,-6.49754
45.2075,1.93591
92.8424,2.42951
63.3874,-0.328392
42.4988,-11.1614
111.544,-6.05887
48.6757,5.47343
40.6962,3.92245
80.9237,3.43295
92.7781,30.1589
65.2989,1.26169
49.277,10.899
54.0255,-0.203923
55.8015,4.45153
92.915,-2.31968
90.3714,-10.4551
71.3372,-6.64708
68.6699,7.90877
62.2663,16.2191
43.904,-2.06673
49.4964,5.50705
39.2782,-4.02202
47.2694,6.73996
42.0462,-1.44814
48.9141,5.67813
47.8689,1.09333
52.6362,7.89604
38.1038,8.54872
66.1763,1.60575
94.9486,1.18802
59.1293,-2.03811
81.2156,0.0454026
81.7089,-7.25194
62.1376,9.65945
55.1148,-4.17147
64.1428,-7.85448
42.1413,-12.3017
47.9937,0.578711
47.0184,-3.67075
62.7538,0.904427
51.8361,-4.07126
73.6288,-9.96682
66.7046,-1.27054
81.0695,-3.75154
56.0614,-4.75938
57.149,-5.71516
55.9098,-2.78156
50.3376,5.93462
78.2682,11.514
73.2705,3.60265
77.3614,-0.547378
41.8766,-2.14009
50.7371,-1.37067
134.201,-10.7104
74.0221,-2.34402
49.7886,-5.14085
62.8633,1.6108
60.001,-16.6217
54.7243,0.170864
58.9704,-6.57237
51.2805,2.68803
114.161,-3.84058
32.4659,3.31508
27.1796,-9.09062
115.773,-5.48884
35.6247,-15.0502
84.0078,5.43316
72.7662,-1.61335
44.2067,-12.732
70.1268,3.12993
60.1606,-4.06396
54.4469,2.86472
62.0502,-4.22395
39.112,2.13621
68.3293,-13.5102
59.571,15.6169
47.6121,-7.43317
54.6149,-8.512
74.1954,-7.88784
78.8491,-9.25354
63.6488,4.54363
67.7743,2.44712
70.384,1.49729
50.6415,1.31698
76.4808,2.64846
63.0903,-11.8391
64.46,-2.74194
98.3053,-10.7156
52.1673,-6.26819
53.5393,16.2461
45.3619,16.1974
53.6244,-3.16265
64.0832,-1.12997
80.7456,10.1399
40.6443,12.5143
36.5169,4.73409
46.6628,-2.97698
82.2364,8.08507
61.2072,-5.81119
63.4004,-10.3974
62.2952,-1.55586
67.1076,1.28564
111.175,12.4691
73.6472,-4.90094
72.4209,-0.501716
59.8996,-4.09633
44.0501,-10.3097
54.6396,7.95905
105.235,-8.49607
85.6807,-10.904
59.553,5.96181
57.6337,-4.09124
64.8579,5.61784
96.5286,1.75542
64.0631,1.40843
50.3492,1.82461
40.5148,-10.4121
67.7405,1.16014
75.1342,7.40585
79.4996,-4.21795
54.4021,-3.29734
44.2593,4.36733
68.1264,-7.9594
77.4009,-2.30518
78.8885,-10.8065
66.0333,-5.1156
51.9466,3.39648
244.715,0.876547
82.6349,-13.4755
56.3337,-2.51242
74.6195,-2.46141
66.7311,-7.62168
46.1255,-0.0382383
54.3578,-1.2077
83.319,-4.00695
49.7227,-6.35226
137.264,4.13764
54.154,7.1166
45.6972,6.98958
60.2945,-4.49658
67.0296,6.65593
93.7775,-14.2194
52.9393,-3.41271
61.7138,1.85464
60.7278,-12.3323
37.1602,7.93126
54.851,-0.947413
60.8452,7.9373
53.7897,14.5058
79.8992,5.1153
73.3859,13.8374
52.2007,-3.78469
75.6107,15.621
42.3338,3.03093
73.3084,-3.87277
48.114,-4.08606
49.8347,7.02381
55.1234,-2.48786
55.5103,-3.25172
38.4221,12.1828
58.9818,9.23693
37.8023,-8.66288
41.5045,-2.06936
45.3313,0.8904
71.698,-4.32106
52.4689,1.61464
71.2799,-7.64671
64.4327,14.3978
41.4657,-0.785137
91.9937,-1.69107
58.8983,-2.28731
63.3085,-3.90186
71.1624,11.851
114.489,-0.173583
46.4813,2.41687
64.8624,-3.09916
56.3012,10.6719
51.0416,1.43713
55.5788,-0.185149
104.36,-3.36338
45.1545,-7.88352
47.8629,-1.10088
43.7539,-1.09769
82.6372,-1.12466
77.5188,-2.31864
65.1598,-13.2646
59.3818,1.91468
61.3815,-11.5598
53.4972,-0.253642
69.2706,0.139531
77.9394,-1.00956
84.5081,2.67025
139.357,-1.21098
41.0374,1.92335
54.4667,-9.42743
86.488,5.69384
51.4136,5.44538
52.7395,7.913
47.8001,5.35427
127.126,-0.706762
59.602,-10.1342
44.049,-12.1089
67.0162,2.16646
49.28,20.408
61.8712,12.1931
104.808,1.7783
44.4589,-2.92752
93.856,2.70957
51.8197,1.33385
50.3302,-1.01271
34.3119,9.30883
67.8648,2.16547
51.48,-9.53006
124.248,-5.40451
171.179,-0.864807
76.5252,0.892127
59.7704,2.58337
49.2072,-2.56141
67.621,-9.61901
83.8907,3.89871
91.7947,-5.54926
47.4013,0.866145
36.8986,0.35433
66.7215,-10.7193
35.7517,5.33191
70.7948,-5.07111
82.8241,-0.680262
44.6374,-19.7707
32.2712,-3.52863
59.8545,-2.8901
92.9428,-5.4112
60.7251,-12.5597
110.754,7.81598
82.1944,6.48424
57.294,8.33677
45.8239,-9.26869
41.1628,-5.3538
53.1879,-10.3782
74.671,12.002
75.3242,-8.84363
60.5474,-6.1912
64.7133,-4.09763
64.3576,4.13755
102.419,-5.58828
61.1992,-4.02883
116.043,15.7269
61.5097,-0.604692
52.4631,16.3238
64.6297,1.87165
65.6403,-6.98946
61.5169,23.1133
43.5211,-5.19666
61.421,0.336549
57.597,-7.32851
44.2458,0.108025
96.0104,-12.3378
65.9426,1.21163
51.5983,12.1476
132.286,-4.05792
49.8094,2.03228
65.7994,-9.24884
50.7735,-8.27229
40.637,-2.60366
62.8729,3.52112
37.3359,2.0259
86.395,11.7037
36.3752,-3.61231
44.0674,-21.4268
33.3498,1.90807
217.786,-1.59479
59.4203,-1.4045
76.4297,-18.5202
41.498,7.58327
52.9037,1.65771
66.89,-9.61737
39.1294,-0.159427
57.4459,-0.196241
87.8388,5.30162
50.8007,-16.8421
37.6684,-4.58458
53.2994,1.05596
51.5473,-0.0755272
89.2006,-1.82711
37.3011,1.59526
105.29,1.39074
58.5918,12.7065
43.7964,-0.657345
78.0612,4.2514
93.4532,2.64561
78.0527,-9.88236
78.6241,-11.1314
92.5065,-18.8942
45.1906,4.2899
62.8408,11.2157
59.8002,2.47198
71.7963,-7.58534
53.1326,6.26625
39.7129,15.7815
79.6197,4.0918
87.3041,-0.470513
74.2114,9.04483
37.5497,-5.47537
46.6053,5.6752
63.9625,2.04558
51.6935,3.12946
158.677,-5.06684
56.4365,8.03026
54.6112,17.4895
51.7904,-3.1585
72.774,27.6
92.3046,-7.49445
65.809,1.3774
49.2265,-11.4928
38.1937,4.36327
54.822,2.83663
63.9853,-1.97808
60.3662,-4.24868
51.1078,8.11054
73.7491,-8.28084
57.7458,5.82854
49.8402,-19.2206
58.3613,0.323213
58.6747,-12.0912
103.055,8.71083
36.796,8.50898
41.2793,1.73954
51.7082,-13.3827
62.8924,-9.03672
78.6761,-0.0628818
78.8678,1.42375
42.1915,1.83462
3651.73,4.85398
61.4255,-10.1028
52.4788,-0.704345
44.3621,-2.2965
52.9887,11.1161
42.1259,-0.363825
51.1242,-1.58814
34.3458,10.618
72.3611,-0.147213
50.6104,2.71345
50.8182,-9.00564
94.2642,2.10039
197.643,2.99692
68.8062,-11.7998
70.5329,6.55692
48.0008,8.62921
85.9839,-0.740727
96.8616,3.36644
26.7188,9.09416
70.4156,3.72759
62.8719,12.5487
58.6672,9.01203
61.4915,4.54324
69.2838,4.36668
48.971,-8.54756
106.816,10.1365
49.2487,-5.95611
53.3236,-8.72283
40.1347,-12.0408
109.735,8.19711
45.8158,2.05658
48.6078,4.90724
60.5905,12.777
61.6462,9.99336
42.7575,1.9335
85.5183,-4.65666
46.019,0.84448
97.7213,-0.109406
55.0141,0.977494
55.8844,-3.43174
63.0791,1.55353
77.5126,-1.99573
100.852,-3.22626
48.6186,-4.71609
77.5953,15.3811
42.7387,-3.77096
107.817,1.98153
33.0804,-7.9518
110.335,-16.4354
80.1554,6.70388
62.6487,-0.600635
64.9263,3.30511
94.6803,-4.62174
73.0946,-9.96056
79.1572,0.721133
73.3343,3.69095
78.0551,11.7395
51.0766,1.08254
97.8777,-2.35343
70.8177,0.156838
57.7708,-2.36931
48.9779,-7.37905
96.4052,-10.4914
59.6062,2.89644
45.5364,9.32091
53.8916,-4.69537
59.5854,-11.643
68.1058,9.03594
53.8022,-7.884
71.3792,8.17441
69.9249,-1.23718
66.7612,-1.39151
54.3543,-0.987075
68.8222,0.853457
40.4037,-19.0872
59.3979,8.60518
75.2925,-2.55765
59.9698,-4.42969
60.344,1.7849
66.1477,-5.50994
65.7566,-17.7911
56.5478,-23.8481
50.1712,-4.38502
94.9669,5.94632
46.5007,19.2334
62.0588,17.0022
70.8626,6.81492
69.2344,-3.57023
68.8461,7.54344
41.2554,-9.02804
59.916,-6.49965
72.6088,6.77548
53.238,4.7119
69.9083,1.63095
61.1693,1.05734
56.1909,-11.1139
41.617,3.06852
72.9828,1.02
50.3341,19.2766
37.8039,7.35673
90.049,0.396323
49.0846,1.55819
57.333,8.49521
67.0418,2.20125
59.6813,-11.1523
79.9597,5.14875
79.3442,-11.0528
47.331,-11.7483
67.6038,-14.7106
79.2369,-1.76427
107.069,12.9421
60.8512,0.539134
46.5147,3.18517
58.7144,1.64731
42.8975,-5.50282
68.0484,0.173022
106.124,8.15745
75.2602,13.3834
75.3911,-4.85346
69.2506,3.64179
85.6651,11.8259
97.4275,-7.32885
86.1768,3.49924
50.7972,4.53677
45.6261,-0.60521
118.303,5.20822
119.862,8.83866
89.1878,4.98328
76.6123,-23.0729
85.4716,-0.176906
44.2752,-0.683413
42.61,-8.57816
67.7034,-8.72062
84.2089,7.74844
53.8407,-3.21703
50.8364,-3.6477
93.6789,-18.1076
70.5046,-0.238191
49.5673,2.13759
85.7458,-4.13039
59.6935,-17.4396
87.7501,8.01222
34.4131,-2.34501
117.912,-3.6493
67.2002,2.46158
60.6485,3.66691
60.9178,4.39516
56.1364,3.18565
71.1042,2.29253
40.3473,4.19413
106.106,-5.03792
61.2457,7.14534
54.5665,23.0517
46.6134,-9.19282
77.9013,-1.81002
65.7977,-2.76356
41.2454,-11.0575
62.6608,2.70478
78.9448,1.56147
32.429,3.74045
58.2475,-2.30643
157.32,3.31638
59.5189,-0.424376
79.879,-8.96041
105.859,-7.28626
74.436,-7.80899
45.6447,14.1399
55.6369,-3.45642
82.649,16.3711
89.9681,-1.94549
91.1878,3.39501
62.3611,-20.6839
52.1926,4.79912
75.9229,1.89677
103.107,6.42533
107.581,5.60593
67.4867,-3.54697
48.7126,7.0494
73.3742,1.79267
84.3324,3.8373
65.5482,-3.69846
58.8605,3.08237
49.259,7.66864
69.8841,-17.8125
59.0034,-7.93851
35.8627,-2.91315
41.507,10.4444
68.3647,-1.72776
69.8869,-12.1734
59.7686,-10.7381
59.8907,-0.608749
52.6892,-8.82904
62.4651,-4.27911
34.5143,-12.3494
65.0068,-9.74952
46.499,3.57515
65.6637,-8.30829
97.797,-22.3019
47.8483,-11.9769
93.1232,-2.19046
158.499,1.96004
34.9147,12.6885
47.2615,-11.0624
47.3274,-1.06916
62.0403,2.334
55.3828,0.614791
39.7789,-1.50813
51.2359,-13.0454
61.7847,-3.87985
25.6567,6.64777
47.1239,-7.55569
88.9632,-2.89968
31.5837,-0.236378
54.0268,-7.39221
100.239,6.36111
34.8423,3.11862
76.6922,18.5831
45.5734,-7.6941
48.8578,5.4216
54.4083,-5.33023
95.7164,2.90283
54.7175,-0.263568
90.6821,-6.82347
78.1289,4.84712
48.5954,5.9565
61.1513,2.05995
58.0485,-6.79088
69.7645,7.87459
63.3363,-0.0364257
49.5283,14.6805
56.631,-5.92357
95.4848,5.70705
79.4442,-2.52364
51.122,-1.78961
63.6367,0.0329298
69.4877,2.02158
57.2959,3.00482
35.8095,-11.6625
78.9394,-2.06664
45.2891,-7.06844
64.4957,9.83005
56.037,-21.0916
84.1663,-6.52503
94.1696,4.26327
58.6619,5.84252
63.103,1.77454
108.874,1.82564
54.7771,-0.13638
76.3355,6.47993
28.8078,4.76762
71.6305,-8.55818
55.1359,7.58754
63.8952,4.38506
50.1632,1.6931
53.8088,-3.44961
57.048,9.32553
64.5651,3.29484
54.1513,-2.50073
83.0947,-0.368659
44.0103,-0.912282
93.7375,3.96444
66.2726,-10.0583
34.4941,3.25039
67.4372,8.31373
86.9744,-10.2155
51.6286,10.9794
50.3284,7.3084
71.4337,-10.2488
65.5273,-3.94334
116.707,-2.22227
94.4204,12.9608
51.9432,-10.388
50.5081,-8.60285
149.162,-7.18164
39.1761,-0.776117
57.981,5.63739
41.1565,-21.1534
79.7335,-8.72533
44.8126,1.11422
57.5547,-0.352129
64.6974,1.63165
49.6835,-1.89116
56.8181,-9.31051
51.1743,0.868044
53.7876,-3.53773
68.4408,-5.31974
47.4958,6.34212
107.506,8.97742
99.8411,2.76567
56.767,5.83411
39.8431,-8.96102
54.26,-2.97879
80.1852,-9.74218
40.4518,6.3104
46.681,2.57336
62.3256,-3.02661
69.0781,6.09275
54.5223,-10.8846
38.2632,-7.96807
106.678,-7.4273
80.6697,-2.55385
66.3266,-5.61836
68.734,-5.67735
69.2601,2.58294
104.696,7.20175
36.5599,-6.52334
47.9795,5.33925
76.2929,4.43685
79.7633,-14.5158
42.2689,2.40625
55.1118,11.5942
49.8749,-13.6008
82.6371,5.01552
57.103,-14.4682
64.1674,-2.42869
52.7856,12.4429
43.5749,-1.99314
48.7419,25.3799
52.6983,6.17985
64.2881,4.56844
51.3819,-4.18982
63.0403,6.41269
80.7133,-12.2663
51.1058,3.16442
61.2512,-2.50124
32.1152,-10.6876
60.2783,1.36678
60.2511,5.08397
61.5072,-7.4847
52.9168,10.1322
63.1723,13.3811
98.0692,4.58825
87.556,-11.6995
52.2671,8.49879
98.9227,2.69623
69.3808,-1.64498
73.6165,-5.02445
66.9827,3.29903
54.1531,5.25811
51.9759,-1.70501
53.309,-5.58383
81.1237,-0.348892
78.1192,-0.103235
44.4515,3.12484
67.5303,-0.481734
49.5233,5.19122
88.8768,-2.75506
61.6397,-3.80829
39.7944,-4.98518
32.6604,-7.02476
62.0929,-2.72183
56.3963,7.83743
48.174,14.4535
54.6953,-6.80638
70.943,15.6568
53.9607,17.4879
39.249,4.42831
65.809,-12.3559
21.5242,0.181265
77.8227,-4.89304
55.2909,15.1716
44.4992,-1.76069
68.3409,26.246
61.8907,-10.1888
51.0366,-6.55658
130.524,-5.44546
54.2357,6.62192
56.2875,-4.8529
117.706,8.54575
46.1352,4.91695
45.7268,14.0569
33.3056,10.4463
65.8189,-0.197924
47.3466,-11.1404
47.4466,9.03555
47.091,-7.7263
74.8511,2.53616
41.9449,3.93453
53.1688,-8.2429
43.9625,-1.12117
63.9357,-2.58342
51.1245,-17.8661
103.045,7.91339
91.7397,12.5501
60.61,-12.1864
51.1218,3.67817
53.8571,6.13863
73.0235,0.967913
95.1974,17.4881
73.4252,0.726226
77.9295,-2.64099
33.0188,-3.26049
102.164,0.207635
61.9225,-8.25084
103,4.69861
101.04,-16.1416
82.0801,-8.5763
92.981,2.32896
61.5512,17.0034
63.8949,-0.511556
84.9302,-5.94502
117.062,3.37749
41.5627,1.44745
42.3733,2.89817
47.8265,-8.57043
54.4815,-2.10177
50.7374,37.3049
51.6582,2.79209
97.3843,3.33934
74.8558,7.7389
70.2461,-6.31964
55.4947,5.84856
90.1524,-3.53433
60.3696,-0.331888
34.1802,0.513153
67.0926,26.4432
43.1726,-3.90549
70.8968,-2.55679
62.795,-0.357653
84.4995,3.81559
45.7757,1.66716
71.9974,9.62531
44.019,-0.932652
70.7765,-6.76766
56.9324,-4.27022
50.8616,-8.69952
72.5545,-3.14409
57.4506,3.24365
85.0666,-0.372802
56.5596,-9.44124
69.4845,-5.34404
78.3824,11.5193
77.8242,0.155629
71.6322,-3.42889
58.1296,0.637708
78.9661,-4.71324
40.6221,-0.326191
44.0262,3.51193
56.3611,-6.67759
44.8577,-7.10197
67.4109,-4.96986
83.1195,4.84509
68.1131,-0.753761
87.9098,16.4447
58.037,-5.49959
72.2537,-0.854838
58.2724,8.71385
55.9879,-20.9693
79.4594,-3.77705
49.3519,-7.29623
52.5122,-10.6312
58.3271,2.88337
64.6317,4.78553
64.0742,-2.02266
97.7543,-13.8736
42.3904,9.49199
131.995,-4.86762
69.185,4.44169
53.6671,-4.52891
62.1968,-10.2966
49.6797,-1.67334
88.8326,-7.15052
106.347,-6.18015
63.1657,-2.11951
79.2337,-11.3504
55.7146,3.13386
56.3526,-3.41939
44.177,7.50541
59.5918,6.80137
66.9125,-6.07588
77.0633,2.25654
43.7815,15.9893
39.6568,8.89054
55.0264,-4.56896
51.7819,10.8475
90.5592,-7.39243
36.165,-8.73163
52.2203,3.9032
93.3839,-7.29174
55.1646,0.736109
98.2931,-6.84384
45.1279,5.37563
36.7812,-4.6094
93.7651,3.79064
65.4569,-0.444359
55.2087,3.23614
61.2615,4.91466
83.5361,5.51788
43.1822,16.4343
62.9682,0.390842
71.6956,-3.20667
51.6177,-0.353899
50.473,8.2417
46.3315,5.1491
48.205,-4.69442
81.3013,-0.320796
60.8036,2.76572
78.2238,3.2153
65.0761,15.5128
53.5119,5.79742
61.2861,-5.6815
43.5574,-11.3191
48.611,0.586738
49.4834,-11.291
44.4407,16.8175
64.3206,-3.16049
74.4004,8.33669
28.7568,-3.50964
37.3565,-4.97659
69.5375,-6.14075
62.0222,-4.35317
77.2162,2.77323
53.1052,2.17074
38.2829,1.08699
76.9641,-2.86209
73.4798,-9.08069
78.0884,2.85851
33.3107,6.7047
71.2606,-1.11517
45.6155,-4.92812
56.4198,-1.65771
94.485,-1.27369
67.412,-0.534301
32.3986,-4.71786
59.5662,-1.6089
49.0626,-10.1901
37.8154,7.42302
38.882,8.26867
46.9941,5.6594
82.9957,-8.6911
56.6163,-6.48446
53.3507,-7.92345
45.6102,10.3739
54.9719,-0.951987
59.0557,-2.99705
108.438,-7.47481
98.6725,7.17245
60.3082,3.28021
67.5354,3.54386
68.018,0.296973
56.9106,0.367364
117.708,14.267
70.4106,7.90907
47.9535,11.7456
47.4209,-5.54598
54.3639,14.5814
59.7376,-13.0919
49.1629,-0.982889
51.9706,4.58558
67.3412,2.36089
67.3693,-1.58309
62.6135,-5.65077
43.7253,1.97834
63.5896,5.2882
53.3734,9.50555
56.8756,2.21139
80.3761,0.2968
85.1852,-25.0364
58.8818,-7.2431
55.5884,-4.18321
68.9374,-15.4158
64.5342,-9.88094
71.5843,10.7421
35.1572,3.61331
84.856,4.83607
90.4785,-2.3725
77.8655,-4.81975
91.7377,-2.01066
30.0429,6.54013
60.3092,0.73585
54.1934,5.70662
51.0495,-8.15206
44.6637,13.0911
60.8131,2.63918
70.3006,0.532402
71.4407,-1.32345
47.0738,1.01332
99.5751,8.80836
48.738,-2.43051
170.494,-5.81896
75.0065,-7.98887
68.5423,-10.2278
50.3495,2.97965
53.0294,9.46269
48.066,4.93046
49.1296,-8.13527
51.8751,-4.86641
44.112,8.19077
65.9902,8.09263
89.258,-0.977623
101.464,-0.640945
68.7082,-3.37412
43.5336,7.38064
53.3011,-3.83505
62.0818,4.60306
70.2918,-2.6463
146.443,-1.88624
83.3809,-14.3572
54.0203,6.6435
47.6323,-2.40901
75.2035,3.00516
65.3587,-20.6387
149.746,7.16515
46.4244,-0.273754
48.8847,2.11472
50.688,11.7276
53.6451,-2.45821
89.7184,1.19169
124.691,8.75178
64.5346,7.96704
59.6539,-0.984615
52.5375,-6.08852
97.6375,6.54773
62.0853,-0.225977
32.3879,-13.281
72.4972,-1.42509
56.694,-4.82403
66.0016,-11.2317
41.8623,-6.75575
51.8334,-8.69184
59.9276,-11.5033
137.503,12.0559
104.342,-7.29169
67.5257,-7.49117
63.518,-2.89921
57.161,5.73264
75.285,-4.76658
80.7208,3.78723
47.3939,10.1673
50.299,-8.69378
53.2603,-10.6344
59.6366,-3.81555
52.9058,-1.37036
54.9024,12.9769
68.8675,-8.21835
42.5501,11.3543
60.126,-8.49107
41.9409,-0.238321
80.2617,-4.8841
51.4333,-2.44112
43.3189,-3.82737
44.9685,24.5579
60.0883,-6.11692
43.4357,7.16386
82.0681,-7.38725
67.9702,10.8888
69.5599,4.40366
34.577,3.53269
81.2941,-8.7558
62.7676,-1.50109
70.8687,-9.26697
57.3618,7.6329
44.4289,2.74673
49.7084,4.07035
57.0162,-7.36575
93.195,2.01321
48.3824,-9.60153
65.7239,5.15324
55.6396,-9.32536
61.6755,-6.57518
50.3651,10.4279
73.4372,13.0204
51.0136,-3.92448
53.6102,-6.09241
56.5364,12.2678
64.3151,15.2694
62.4912,-0.0899852
57.0076,-4.87897
83.4565,-12.6234
46.3714,-4.33992
44.054,20.7111
47.1082,-6.69516
65.9532,0.613151
67.4616,1.59984
80.4343,8.64397
56.325,-3.58797
62.743,4.29404
64.8297,1.17792
20.4329,-3.98732
67.8848,-5.55729
57.1807,5.61396
84.4276,14.2763
59.6314,-3.6234
44.3764,3.73894
96.7203,2.08269
44.4706,-5.83018
70.3861,-0.183812
27.8492,-3.25846
132.107,-2.32067
58.9928,0.00837272
47.2858,8.34627
374.843,-3.74304
68.7977,-0.0292614
69.8106,11.9576
62.1511,-2.58627
59.7946,6.42158
66.16,12.1251
58.3218,2.87348
47.9662,-0.627954
38.8026,10.8365
36.2173,-4.77565
100.069,-7.34508
100.013,-0.709092
57.8087,2.27147
77.1179,0.68173
50.1052,1.25457
116.091,5.08665
42.0539,-5.57598
75.3433,-6.16621
31.1128,-5.68206
67.381,7.47684
34.2519,5.11043
63.1605,4.53871
25.6759,-1.74209
62.7331,-1.20326
50.9578,7.4033
44.9482,-1.43622
78.1949,-34.5649
37.9641,-3.06744
49.8046,5.0557
42.7982,-4.99563
58.6228,2.82709
90.2685,1.42556
57.9443,0.835287
67.406,-1.17184
52.2338,2.34984
58.3295,-5.3894
44.3402,0.44725
42.5289,10.4076
52.0718,2.62878
49.3002,-0.0899852
45.1786,4.88246
40.4715,13.4351
35.8254,6.50837
66.019,-2.43456
87.6326,8.17398
50.2712,-8.78338
56.6417,1.42108
76.7229,-17.1851
92.7982,-9.64534
119.736,-11.2402
51.6667,1.66833
45.7952,-14.1614
34.13,12.2878
72.9549,6.09737
101.905,7.103
75.3975,-8.20048
104.933,-3.83104
45.2745,3.91528
44.6925,-7.18164
46.1794,2.24467
44.1306,2.1082
37.5239,8.64346
46.6168,-4.16107
96.5023,1.59582
39.2783,-0.150321
76.0449,-4.95622
55.7876,0.988111
38.7776,-7.00301
21.8889,13.111
72.0921,-17.0183
46.1243,8.28658
54.5462,3.11854
51.3968,3.91654
68.1786,16.7921
96.4999,-1.48348
43.6296,11.4665
41.1375,4.13673
60.7186,-3.39579
57.1366,4.617
65.5711,-6.51467
47.0611,1.46816
75.6116,20.9889
83.5066,3.52582
42.4896,12.5267
52.5074,-4.08995
81.1401,-9.01531
88.3606,3.32229
68.3726,11.6638
75.3643,-0.766493
39.1148,-3.72716
65.0583,-10.9903
54.6129,5.21465
50.0988,12.2245
100.174,2.13375
31.2417,21.2832
61.5926,3.95719
83.6547,3.26545
34.6455,3.14391
51.4613,2.81488
56.5529,-4.54104
44.2371,-0.850263
44.9392,1.6565
102.746,-1.82059
99.29,0.956303
122.118,0.55657
86.7876,-3.03179
38.4246,-0.731232
60.8501,19.2686
77.4705,-6.76408
59.561,0.238321
42.7309,-5.34905
66.6864,0.249499
86.5349,-13.3415
86.7954,3.67407
79.3038,19.2349
60.4757,-2.85277
51.9951,-3.59889
40.1013,17.2976
42.2242,2.29352
54.0391,14.9023
42.3174,3.33291
71.3265,-8.32529
78.1834,5.41569
84.2097,16.173
102.812,1.85624
85.7287,9.62902
83.5176,-2.2785
53.9582,-2.59114
48.0195,1.52707
84.9962,-23.1833
66.7169,-9.24875
59.2224,34.2333
47.5027,8.83396
73.0623,0.423513
53.0197,-7.28863
108.003,5.05803
61.9979,-2.00229
85.7681,11.821
73.4917,0.669818
42.433,-4.05529
19.8094,0.0105306
53.1654,-5.21962
62.1613,-1.25535
52.8561,5.64749
59.4119,0.606893
63.8753,-14.8916
101.593,2.84832
66.8344,-5.11802
45.6378,6.61937
52.9274,-6.12348
79.156,-13.5939
75.9904,1.61878
91.0614,-0.991693
62.4984,7.05186
69.3032,10.4975
88.4451,-5.21724
49.3335,1.37688
58.7941,-33.0567
75.7475,-5.08535
56.4462,-9.3437
90.4116,-1.58836
60.7003,1.49272
44.3853,10.8516
78.3467,-6.30703
46.2266,-6.74293
67.9202,1.46838
38.3399,15.3521
44.5622,0.762134
80.3746,2.93598
127.27,-4.33629
52.018,8.40224
84.1133,1.35116
76.9369,0.691872
74.9117,5.87364
41.8203,-1.69328
31.9624,1.77295
66.9985,1.4919
56.8607,16.7748
69.6938,-0.116182
88.6278,4.22628
43.6546,9.71301
56.5115,0.50478
33.3899,-7.68012
30.2298,-5.12044
86.1279,23.7857
57.4575,8.94682
57.9589,11.0603
34.2701,7.23792
50.9882,-5.2459
55.2505,6.27376
55.5191,0.415874
75.8154,-2.11459
59.4092,-1.5285
66.265,0.0419499
37.8843,6.14411
84.3894,-2.49861
48.6828,3.95391
54.4015,6.85282
60.4686,18.4372
106.042,3.68698
64.5048,-6.53547
103.187,2.85752
95.1283,-5.74356
44.0054,12.4158
44.1701,4.1177
37.0769,6.62144
55.835,1.98136
62.6187,11.6965
47.3111,-2.97197
107.594,0.557995
86.171,-6.36163
53.8152,-16.9712
35.8647,-4.80802
50.7406,14.601
56.8175,17.2329
50.5886,-9.37495
66.9248,-3.3626
73.2259,0.111564
82.9793,9.215
54.2372,14.4165
68.3587,9.90554
96.204,-2.42377
54.2197,-3.57766
36.9885,4.48946
45.5807,-1.5887
108.814,19.8297
50.4693,-5.0311
71.7617,2.81168
45.995,1.76181
52.4636,9.1229
94.9849,-4.38601
73.448,5.09636
53.8347,-5.64814
64.6505,-8.43164
53.6741,-2.03462
70.837,-2.11036
91.6599,7.46247
47.0786,-6.92942
70.9874,-2.13716
68.1212,2.3233
60.4074,-13.2793
47.6191,-19.6915
59.6434,-1.96841
52.4631,-1.27378
83.6292,10.7309
50.4983,3.95495
39.9748,5.5146
85.7137,18.6906
58.7227,9.00124
51.4126,-5.60532
74.6808,-1.16942
45.6473,6.84237
93.027,4.26776
85.0738,-14.3662
44.3952,-14.5624
61.7988,-2.97603
75.2757,19.8172
52.0868,4.56685
73.2176,-5.02799
64.7931,-5.83851
60.444,6.49395
80.6178,4.34091
57.7873,-14.0408
54.2468,-17.8444
58.116,-14.2788
116.324,-0.828641
67.6984,11.8709
76.7047,8.12383
37.5993,5.79949
53.3362,-3.35897
41.4859,0.032153
37.3731,0.280443
49.2418,0.157528
49.5553,-2.11934
79.9747,-0.241514
62.6906,6.12253
65.3266,0
66.6299,0.853673
82.2086,-5.00723
45.9284,-11.4963
84.3531,-0.149457
57.0327,4.28878
51.5963,18.2999
93.9607,5.41323
45.0389,-10.5344
27.6549,-3.62979
43.6259,0.872749
90.1482,-3.95365
41.9859,11.1393
71.3359,5.12471
58.1776,8.08576
51.8112,0.963942
55.6266,5.63161
65.566,-2.86433
65.6451,5.82362
38.3964,-8.09047
90.5803,6.28278
65.122,2.07126
32.6424,-5.34452
98.4546,-13.7828
51.5327,-22.4276
36.7653,-2.33789
72.6479,-0.477893
59.6267,-1.46682
112.083,-6.97677
49.569,13.2664
79.9439,10.4775
92.2139,-1.82776
46.439,-3.17883
49.0589,7.7345
85.2857,-3.09424
51.9662,-2.82929
80.5377,2.91543
44.6974,2.05322
62.2698,-11.1554
113.658,4.94914
64.8868,-4.97292
70.6916,-6.14886
40.5915,10.723
29.9004,-0.794287
56.0486,-2.25839
55.523,3.39915
44.7208,3.32941
78.6362,4.67233
55.5861,-0.536718
122.73,22.9603
57.4144,-2.86364
69.7456,-1.81822
40.0343,-12.4953
81.393,2.66999
58.549,0.481216
82.4137,-7.94826
44.9955,1.65612
55.141,1.85309
60.9432,3.30015
57.9892,-3.83609
85.3981,2.19175
62.7808,3.91753
76.2676,-20.4136
37.0676,1.62759
48.9493,-5.30412
112.694,-12.922
57.8062,-6.53957
66.3736,-26.4106
78.7038,18.4609
44.5097,-1.28841
58.2087,-1.73203
58.0292,0.796617
60.8262,6.74375
42.3267,4.81673
44.2009,25.3259
76.3826,24.4374
57.954,2.53456
60.3558,-7.71659
48.003,-2.47552
56.7047,3.28021
39.276,-2.98302
65.6984,8.4451
35.4996,-1.07287
42.3192,7.18552
74.4779,-3.53234
60.6062,7.70718
100.714,-1.54024
80.0293,-7.34288
56.1689,10.7313
67.4138,1.24866
65.3587,-1.51382
47.2967,-1.32289
53.6483,-22.178
46.9555,2.61376
47.8003,1.49492
99.421,3.83169
78.2603,-0.162232
71.7811,9.0072
86.4495,8.60669
97.5592,0.268057
49.0163,-3.64507
56.7921,-2.56896
53.6873,-5.61685
68.559,-0.255282
57.5871,6.46845
53.8966,-9.44676
60.7951,2.47297
31.4347,-6.04256
44.321,-5.16342
96.5974,12.1864
30.9813,16.4423
65.1242,11.3929
58.0046,1.84118
133.747,4.00121
37.0589,4.10087
58.9305,-30.6996
49.193,-6.93421
68.9417,1.77838
63.9938,3.58344
131.08,-13.1319
73.2032,0.315229
106.778,16.2496
62.797,10.5931
37.7544,21.6561
124.965,-0.371507
62.2495,-0.613022
70.3898,2.0035
77.9071,4.59723
74.6863,-2.29723
43.4381,7.34478
56.7489,-3.29221
52.6131,-9.74214
73.1427,12.881
42.285,-9.20577
49.1911,11.6208
52.5156,4.42291
23.8113,9.41992
46.0236,-10.372
49.109,-9.43524
49.3727,-4.02711
63.835,-12.9061
48.4516,1.13584
58.4192,-5.43722
71.1409,2.38415
44.1924,-1.45828
99.7491,-7.3298
57.6359,10.4348
57.6379,-2.90624
33.2292,3.06252
106.752,-1.77687
55.3607,-3.79975
43.087,7.73113
62.512,4.16124
96.5644,-22.3747
91.2405,-2.82838
57.3812,-4.21864
48.6627,2.18282
63.243,-12.8136
62.4752,0.842236
83.1005,4.9573
58.7638,7.90774
70.1441,4.96157
89.814,-14.1821
58.9719,-5.139
66.3358,6.43535
35.6162,-7.01216
45.7128,-4.745
141.347,0
54.1069,1.56941
37.4206,-5.67394
59.2904,1.0374
55.5178,18.9998
52.8432,0.962518
72.6337,-0.315445
61.2987,-2.29417
55.7024,18.6949
56.8879,-3.17438
47.2406,-6.27756
37.4932,-1.04245
49.8295,-2.31821
70.7671,-14.3669
40.2479,-1.2039
56.9142,3.58448
59.4075,-3.50813
80.5345,6.53953
35.0385,-13.1114
143.893,-17.1279
64.2074,9.87925
52.0885,-7.67606
50.741,3.63691
58.4324,18.0434
36.0826,-4.96442
60.7239,-0.322781
74.4658,-5.42376
75.0435,-2.94228
30.6454,1.93893
48.6149,7.56368
43.8243,-9.92668
59.5895,-2.6018
66.4215,5.03365
100.15,-5.40308
34.418,3.92435
50.958,0.539695
59.0493,-4.48843
45.306,-1.99754
72.9555,-3.94058
56.0446,-11.4032
59.7403,-5.74183
53.5335,3.34236
59.7108,4.51717
94.8398,9.94995
53.5102,-1.93859
59.7235,-2.41605
74.6161,6.23492
47.6303,-11.841
40.8066,13.3598
95.7688,12.9989
79.2446,-5.45889
58.4696,-1.02471
94.3143,4.50353
149.493,0.462054
48.9705,7.69691
53.8235,3.59237
69.3557,5.05372
94.4694,16.8598
63.1026,2.68618
42.4236,-1.57675
56.8743,6.41135
54.6532,6.74634
42.0785,6.56573
49.2519,-4.98004
69.0294,4.36189
94.0968,-10.3584
62.3173,9.2232
73.0917,-4.8526
68.477,12.4001
71.6581,-7.39773
72.1142,4.66633
69.0187,16.3845
59.6691,-18.6224
48.691,-7.20857
65.8925,-2.19637
36.6839,0.711077
93.5951,4.28899
87.9103,0.245528
59.7359,-0.799207
59.8109,-2.08213
50.3785,-10.5274
63.42,-6.86214
49.1399,5.43575
66.9798,-6.00169
53.9461,-5.48146
51.7672,-2.8415
67.7993,-2.20591
64.2669,-0.505385
46.3771,8.25477
64.2226,1.60368
57.3828,1.18431
47.0442,0.271941
65.143,-4.65113
47.2068,1.98222
59.3865,-0.735419
50.4339,-9.2273
47.8303,-3.07896
32.5004,6.28705
116.175,4.29301
49.9635,4.97784
71.2002,-12.8071
75.8747,9.4115
46.595,-3.00028
46.5408,14.8434
59.7951,-10.5284
29.635,0.969423
46.408,-3.25276
43.7346,16.2004
55.7571,-4.57699
56.7357,-1.82966
49.4915,5.58379
70.707,8.43958
50.9004,-9.77874
68.2415,-0.527697
50.5779,-7.22208
44.4827,5.53485
86.4209,-7.89315
27.074,8.77764
95.1177,-0.304353
66.8325,7.5635
65.2882,-3.48059
57.4236,-1.92685
82.977,-4.38364
44.7173,-8.05486
78.209,-17.5513
42.8679,1.72517
88.1995,-5.51637
48.3908,-0.237846
52.1589,-8.55999
37.8226,0.914828
56.7996,-11.845
45.7191,5.20076
42.4516,14.062
71.1563,-2.94616
51.8445,-9.62086
69.6159,3.61339
98.7479,7.49191
48.244,20.0154
67.6721,-2.08213
57.4292,-1.16674
91.2095,3.20252
37.9693,4.52986
78.6006,9.1299
29.0047,65.9271
63.7145,-4.36763
121.83,6.25011
59.5112,13.7164
57.6799,-3.56415
93.1083,4.89498
58.3924,18.8274
57.2244,1.98947
68.4903,4.88302
48.577,6.65752
56.5629,8.13255
36.6736,-1.83734
70.1993,14.5594
49.5879,3.75068
64.9316,2.6778
47.9122,4.9803
49.1239,5.08518
39.1711,-7.29312
70.6361,1.9909
30.9672,-2.14657
49.3409,-2.34419
91.9534,-2.80624
155.814,10.2367
68.6126,-6.11407
40.8069,-10.649
63.4271,5.37628
73.9247,-9.42898
53.1248,10.1202
69.5866,9.70386
56.4884,8.69784
48.0792,-4.36771
97.9985,-1.72163
82.2059,4.43811
96.8986,-15.9162
42.865,-1.74537
56.0582,0.245399
64.4257,4.3394
43.3166,-11.3318
59.2621,2.7535
64.9836,-1.07348
50.6264,-13.2349
67.22,1.0809
56.8422,3.81326
64.4703,3.60187
48.43,12.1316
52.4461,-14.171
89.5361,-0.21877
109.264,11.1233
62.8917,-0.983536
60.9996,1.51684
62.9294,-2.88263
93.7599,-2.81962
51.2644,9.00858
55.2397,10.3562
51.0672,-5.08056
53.3816,-6.54704
62.6675,8.10721
48.5935,1.17283
67.0891,0.502363
109.836,-0.871972
55.1441,-4.69464
46.1655,6.17847
52.9016,-0.60918
29.2399,-0.108759
104.618,21.4408
64.5564,-8.37821
44.0377,6.45481
69.0038,-7.84654
62.2633,1.58266
71.9052,7.21699
37.5517,0.898989
138.605,15.6478
40.9593,2.44423
73.2544,-15.0858
95.253,9.25182
53.2475,1.5909
57.2213,12.5366
121.671,4.42486
63.5792,4.22732
70.123,0.656223
58.449,-3.75171
27.4942,8.8775
106.606,-4.00423
67.6746,1.20123
106.387,2.15326
41.8326,6.24709
51.1002,2.70486
60.8629,-6.08343
125.263,-16.1914
38.9783,-5.81909
54.5321,-2.42485
46.7713,5.04457
61.9544,-2.4495
75.5269,-5.44426
26.3045,11.2157
68.5325,2.3397
54.7615,0.678234
46.048,6.34998
48.0497,1.68559
67.687,4.21938
100.628,-10.1824
62.3054,-3.50377
72.957,4.323
71.7997,25.0078
78.2933,-0.705639
97.6186,-2.16582
53.5578,1.0743
46.6551,7.49579
33.8743,-6.12098
39.6444,4.81
72.4618,-7.24279
76.3495,-5.93134
52.7123,-9.04366
66.3582,2.41648
42.436,-9.937
66.3087,4.28839
61.8505,3.24646
51.6511,14.9044
32.4972,15.3731
129.111,-4.56706
37.0174,-1.08539
53.4453,-5.0538
60.4042,10.2199
87.5983,11.0155
41.2526,-0.183509
50.508,-5.48875
89.5018,-2.86438
64.9175,-5.63212
28.6297,-12.7458
103.519,-3.73497
31.6762,-1.5212
56.2908,14.37
46.6531,-2.60901
40.5559,-2.5438
88.4904,9.47339
162.423,-17.5993
49.9463,-1.98593
76.869,7.3393
79.3044,-2.6627
109.47,2.53892
52.569,-10.4748
63.8275,1.59151
48.0206,-5.12044
70.5565,-2.50068
43.0204,3.76928
55.0029,-7.01289
58.9851,-0.531366
46.3934,-3.64179
74.4832,-15.6995
83.5503,1.05872
49.895,1.19436
38.7243,-2.37112
79.6538,4.13392
56.1287,-0.00220108
61.5042,4.00475
59.6707,-3.08362
75.559,-3.75189
39.6717,-5.30123
40.4217,47.6537
56.4794,2.70474
81.544,-3.19389
53.7507,-20.3172
64.2323,2.92726
60.8515,-2.29249
71.9889,6.37682
58.0037,-10.9457
44.558,-3.4556
81.1666,1.98779
124.525,1.25759
37.1728,9.17163
21.5273,6.54971
66.0003,-1.14646
57.3037,-7.5787
34.6374,-4.93257
36.1114,-0.672364
81.0012,-1.12971
65.4362,-12.0916
68.5825,8.66158
48.0169,-2.75704
36.3606,-0.269308
54.7704,-6.47203
60.8768,-4.93343
50.84,2.26016
56.7222,6.34722
66.1297,-2.45765
117.439,-3.43925
79.2828,3.39182
56.5123,-2.57237
46.9624,-13.1512
66.8567,-9.00875
51.1459,3.6537
66.7779,-9.37939
60.8871,15.061
67.1249,-2.72079
57.7859,3.01988
95.9148,0.286615
53.9366,-2.23616
57.0582,-0.105867
77.8597,4.83667
27.9722,10.3248
110.972,17.1528
92.1208,-6.32754
73.9261,-7.68318
56.0889,-1.88438
77.9604,-1.5903
89.7164,1.17714
65.3052,-6.19836
33.3542,3.13036
47.4728,2.56611
82.897,3.75158
50.5265,1.03856
50.0863,-4.24618
55.2664,-9.54801
52.35,7.9868
67.6789,0.96623
45.6982,-1.11737
74.7274,-5.66259
58.8949,0.875511
63.3365,-3.74943
76.3228,1.30399
72.2481,-13.0229
46.5227,-0.0208455
30.8939,8.6101
61.2675,3.64166
72.8015,8.13207
59.5047,-3.29212
110.41,-7.03352
63.2316,7.39372
37.5052,10.4789
68.123,0.744784
73.7486,2.07704
43.6419,-6.63301
42.3363,15.2439
53.0079,-2.05386
109.736,2.56585
58.1602,1.0721
85.1404,-0.642024
51.6564,1.49967
81.3651,-2.43586
72.6654,8.59943
88.5357,-4.92968
89.6651,6.94949
37.7156,-8.54648
105.791,12.2004
85.8459,-0.983622
85.11,2.06927
41.2479,-11.3343
59.2241,1.10516
30.0269,-2.09383
58.5064,-0.448631
62.8422,-14.3228
75.2028,-6.69822
71.0605,-1.39527
57.337,-2.78488
54.8959,-0.723982
55.2432,4.58679
40.3414,-1.6761
35.7301,2.60409
45.1465,-3.67269
28.9933,-7.32039
63.3363,4.08201
53.7554,3.41883
115.776,-14.0711
72.9708,-27.6943
63.7722,1.1115
45.1763,13.3819
92.459,1.56626
48.0728,-3.1216
45.0683,0.446085
48.662,-5.41146
52.9508,-0.109277
68.1232,-4.09033
86.9928,-7.77472
60.2336,4.21515
62.6964,13.3044
75.3883,-1.26903
81.6906,0.609353
74.8432,-4.20755
46.6801,4.65782
123.246,-5.26454
73.1983,-1.23321
70.9001,3.97558
102.064,2.61389
68.5302,1.7212
37.0833,-8.28343
71.4945,-12.8221
87.2875,-15.1744
58.7049,5.80519
47.9032,-9.33999
68.8386,1.13273
55.5707,-2.00212
70.3169,11.672
79.9862,-12.647
68.3548,2.58463
63.7271,10.2114
74.4424,-14.3611
61.371,-3.34318
60.837,10.7871
112.659,-8.71027
57.7546,7.84762
79.2393,-37.7311
57.7187,-0.708488
68.4494,7.23352
93.9342,2.99834
141.719,-14.9991
53.4667,3.33554
51.2852,-4.68782
76.162,-0.0940421
63.5396,7.75133
48.2903,-2.13543
79.783,3.91779
53.0352,3.80657
91.7533,8.28373
38.5418,-15.3142
68.573,7.52734
30.3936,-8.95303
88.1055,6.07773
63.8023,7.30827
81.678,14.7039
62.4513,-11.4803
46.8881,5.88521
68.0751,-1.12384
81.2269,1.26851
69.7732,13.9355
67.217,3.09126
84.2099,-1.64222
85.3473,-6.43375
35.2622,-8.09491
53.8684,-4.39952
54.4352,-4.35658
87.7137,6.1212
73.2595,-0.692303
64.957,-10.5336
26.883,11.7671
53.6939,4.38174
88.2158,-0.511988
51.9922,-13.6615
64.1468,8.73098
86.7474,16.2401
66.2771,29.934
97.5066,4.92528
50.6393,5.06602
41.4905,15.9009
52.0874,5.98296
61.3494,3.11496
40.8176,-1.60955
48.1366,5.23062
84.3588,7.56924
56.6677,-16.7541
89.5778,1.50109
78.4918,12.3483
85.4886,-12.6785
65.7522,-4.19823
75.4907,-6.71652
57.3849,-11.1689
128.171,4.72416
52.5247,-6.9646
56.6658,2.49076
36.2694,-0.406638
73.0625,8.3798
103.616,12.1634
53.9561,1.28539
66.5016,9.55267
39.6536,1.95715
76.2912,13.6546
76.8302,-0.179237
69.9583,-9.36299
44.6788,-3.48927
95.7512,-3.75577
78.7856,-1.71701
61.736,1.51102
45.8871,3.61007
46.7635,2.87871
44.113,8.35149
110.434,-6.50949
77.8311,0.19499
51.3936,0.940637
52.8066,0.0132928
74.6561,-2.08235
39.0608,6.20238
46.557,2.89981
64.3671,14.8725
94.296,-5.93497
59.6545,5.57874
119.649,7.33429
70.362,1.19635
27.4954,15.3112
53.4199,-22.8463
65.8444,3.52056
75.1045,1.58633
29.9322,2.07618
53.3509,-5.17055
59.9494,-0.170735
42.3187,6.46922
55.5673,-17.4196
62.8182,0.430807
77.9922,16.4953
96.895,2.85074
89.3938,-0.385275
93.0729,8.64708
95.7361,-1.48124
42.008,2.44091
102.672,-2.63378
57.7899,7.14685
45.5213,1.69824
70.1743,-1.16571
55.6798,0.24829
29.6006,-13.221
61.4116,-1.34576
59.931,2.56823
84.6629,-5.77256
59.0322,-0.902959
35.4344,14.1648
95.8153,3.71386
66.4317,-2.71065
69.3441,-2.0104
91.6338,-0.837186
48.6611,2.07549
46.9791,-0.703438
68.368,0.427225
65.6593,-3.42587
38.9102,-1.32047
53.4406,-3.56587
46.5839,-2.09832
103.849,-10.0796
41.4769,3.59565
58.8822,-1.47999
51.0142,-8.89641
47.8093,-5.614
71.685,-10.2883
63.4359,-3.58042
55.2271,-8.03346
90.6972,-2.28994
119.443,3.30455
54.8021,5.51611
28.1006,-4.84246
49.7511,4.16806
46.9039,-7.65038
77.7046,10.8585
47.809,2.55554
68.4567,-10.8549
40.9585,3.22963
80.3837,-6.14083
99.0965,3.32872
55.4859,1.89327
36.6524,3.32345
64.6879,2.48113
47.371,-0.317559
65.0673,-1.64304
58.6807,-18.7631
47.2604,5.63143
45.1433,-6.83611
45.9967,13.2621
59.5897,-0.445179
64.0509,-5.66915
54.8778,-20.8128
49.0318,-3.42021
77.3231,10.1779
65.3446,-10.526
60.2751,-4.42503
95.1064,0.158305
58.7266,2.99001
66.5545,-5.20775
56.1803,2.68644
38.6696,-0.258432
64.4603,15.9111
87.5699,-8.20997
69.0814,-5.41663
47.8045,-11.696
62.6521,-4.18351
49.4113,3.87122
53.6091,4.73128
87.53,-9.85219
30.0702,-2.39412
113.291,-60.8602
149.018,11.0638
61.5953,1.58965
43.4387,-7.88357
39.3621,0.608792
88.2696,-6.32905
69.7695,-5.6389
54.5381,5.81279
86.4118,-1.34848
89.4688,-2.70051
54.4493,1.28379
84.2097,13.5879
44.2778,2.69356
49.1804,-5.04634
61.2047,0.631968
52.8892,10.5338
31.9591,1.20904
58.8778,-6.68428
121.074,8.09806
42.9443,-5.71779
97.778,1.31279
93.8797,11.2799
47.2615,-2.99459
78.4651,-9.5339
61.4124,16.9999
82.6434,-4.16401
58.8151,13.7802
52.6112,-1.64736
39.5601,-1.09066
57.8883,8.73128
95.7418,-1.87329
74.8504,9.567
82.7791,6.67953
68.6586,-0.85432
64.5514,-15.2494
79.0695,-4.3366
48.6393,6.00747
80.7165,-5.20257
38.3291,0.139402
81.208,-0.833906
67.6478,-11.8972
35.5638,-5.50934
72.6331,8.80556
66.9608,10.2621
77.9659,4.20315
50.4496,2.10375
88.2742,1.60484
52.4783,1.69742
40.3731,-10.4507
89.0494,18.1879
59.5645,-12.6192
63.2775,-3.86043
75.221,9.16973
65.0158,0.649663
67.0592,2.09245
61.7249,16.0594
58.9666,9.32242
46.2109,-8.64881
63.2201,5.05139
54.6436,-4.39387
46.381,-5.70226
74.2861,0.824584
47.916,-0.0336635
76.1694,-3.13899
62.796,-11.1346
105.179,-6.98436
97.5416,7.22475
104.881,6.78165
33.7584,9.4847
31.2271,-8.47169
76.5485,-8.43854
65.2493,0.876633
42.2708,-10.3409
63.5475,-26.6969
39.1474,-21.5316
46.4185,-4.12538
53.0433,7.1415
80.8612,0.0639607
73.3728,-2.41691
51.2601,12.0626
33.7328,-6.22607
119.944,-0.0384541
53.9456,-2.2782
55.8632,8.06565
51.5065,4.06129
37.6354,5.86337
68.2308,0.517987
54.7864,1.78572
77.9924,3.59544
71.9011,-5.69885
50.0127,1.21344
84.3639,-6.32503
80.5756,3.38789
76.3547,4.42257
91.5956,11.1914
50.7614,2.26625
52.7296,16.0991
47.3313,1.75534
76.2433,20.4365
79.6201,-3.24516
47.7426,5.13136
35.7798,8.83409
62.3659,2.72446
54.1497,13.0996
129.684,11.6232
65.3407,2.7917
41.3147,-7.51802
53.9252,-4.75597
72.892,7.6935
31.6124,2.96416
60.3041,2.73758
43.7643,-3.01983
114.134,17.0228
54.5361,-2.0584
47.589,-9.64288
49.1744,-3.7092
68.2285,2.87922
39.9613,-1.79595
53.9148,6.12715
63.3857,13.5447
64.9478,-6.64156
47.2924,9.2762
65.869,3.71076
89.4071,0.598434
71.0073,-3.55008
49.5822,-11.0034
57.5971,6.15115
60.0435,-12.9883
52.7445,-0.411904
84.7943,-10.7447
58.9732,3.22807
53.2962,3.86181
68.4224,6.37238
33.4093,-3.61123
67.7269,-35.0514
70.57,-4.00751
113.597,7.09351
51.1195,6.68109
104.122,-6.70763
52.5733,12.6326
70.7091,-6.06802
42.5693,1.1632
133.961,7.901
84.0606,-2.76498
48.2153,2.47526
56.5737,-0.0799725
38.1587,3.14573
83.8487,-1.78046
76.7217,5.80105
62.3555,-3.81632
84.08,3.79448
106.573,-9.20374
61.5324,26.5243
41.1865,5.92172
53.9072,-5.17538
46.3489,-8.04589
88.0374,2.27609
68.5829,1.50605
41.771,-1.22177
51.1117,-26.6619
30.6525,1.06675
81.0377,15.2386
92.6941,2.5788
54.4281,-0.451998
65.7173,-9.07202
89.604,-3.72625
55.2081,6.83767
82.5116,1.86638
42.8284,8.69162
61.5419,4.66697
52.9309,7.15363
66.4791,4.68968
92.2818,8.94975
136.685,-10.6719
108.753,-6.67764
77.4698,-5.2074
73.7517,-13.2419
57.4335,-2.42179
47.6799,4.51368
47.8601,8.16651
38.4254,2.21247
88.2217,5.6238
62.3377,-0.0257224
47.0239,20.9798
65.7069,-0.616733
94.7113,-7.80631
80.5703,-5.63778
119.135,0.159729
53.0415,12.0615
53.7546,3.48897
58.5687,-3.64498
29.6692,8.70215
49.6595,14.0387
69.1941,5.33718
47.1222,-1.01396
54.4404,-2.58221
46.8463,4.31398
39.5099,-10.8519
75.1847,-3.9231
90.1702,4.96658
48.879,14.8744
52.6556,2.53253
47.92,5.96703
50.4102,-4.8428
45.0532,3.43925
82.5245,11.2422
51.6762,-6.50164
110.905,-5.13153
80.4753,10.8855
116.652,6.51027
150.845,3.19212
59.5359,-9.64646
78.3903,12.1837
46.0158,-5.65737
47.9439,-0.769125
25.9178,-5.01915
53.9365,0.175957
58.6101,1.23541
41.1227,-0.361322
52.3094,-1.21189
54.6387,2.03522
53.075,-5.2875
53.7517,-4.07907
63.7969,1.01405
59.9658,-13.4645
43.7476,-2.8428
51.3096,11.9918
68.1591,-11.2387
60.4745,8.3896
48.8169,-1.824
48.1338,1.86677
60.1846,-1.4906
78.9972,9.97291
80.822,-11.7193
70.1467,1.97109
86.1384,2.69183
47.0601,5.10283
55.4117,5.35116
34.2129,-3.89176
95.4177,-8.37402
52.9698,0.881208
73.8359,1.57537
50.5226,15.5377
57.2241,-0.367235
55.9579,-13.8719
75.6216,-0.274574
38.0037,-4.43664
63.9436,-5.40787
56.1434,1.01025
57.5251,-7.39691
53.852,7.18419
103.983,-11.4485
55.0738,16.7196
83.064,-0.371421
38.7079,-2.17781
38.7295,7.99509
62.2178,3.89569
49.5757,17.9334
74.2428,-4.17445
108.974,8.30859
76.6561,0.853845
35.0879,8.74143
45.6078,-10.5712
62.7957,5.84895
78.3326,-11.4867
135.741,11.1759
100.554,-3.40252
59.4604,-0.666667
58.1386,11.6514
97.0551,12.09
45.4296,-18.3554
54.729,6.28964
71.278,-3.55336
77.9735,-3.79716
108.278,-9.71573
71.3686,0.275566
70.7141,-13.7181
43.6289,3.96578
87.4693,-0.629594
61.7645,-10.1404
77.3104,2.21713
50.3134,7.80351
70.0096,-2.98026
59.9738,-11.8498
58.9325,59.8543
84.3515,-0.123649
55.3295,-1.97743
65.1021,-10.5029
53.9258,-9.09239
79.0157,6.58791
38.7105,1.0159
39.2083,2.13258
53.2087,-4.90529
56.2322,-2.60189
42.4726,-6.77077
54.639,2.58337
81.0981,6.72243
78.5455,2.82808
62.2881,-5.8111
67.0268,-7.90705
41.1322,3.87169
66.1279,-4.06759
36.6186,2.81483
46.9021,-9.6216
40.9155,-0.9415
47.2357,4.88428
49.9958,-0.543666
52.6062,-0.653331
74.8436,9.15182
31.7556,7.73614
59.2659,7.43153
89.0802,-3.59656
46.013,0.922769
29.4578,6.70042
53.7154,-2.31842
85.274,-3.92003
45.3473,9.44068
98.621,-15.9014
26.5318,0.960231
53.2413,-2.41596
74.1178,-9.45997
44.9844,-1.46691
60.1374,-2.7576
48.4389,-4.26495
57.7732,-2.66995
56.3114,3.88076
41.7314,-7.56717
79.7375,7.68767
51.4184,16.618
92.3347,-9.12139
64.8432,-4.44436
84.7592,9.76566
64.9233,6.93106
66.1986,4.15775
47.908,12.5161
90.0044,8.91967
90.0525,3.36027
46.9237,-5.73264
87.6097,-7.18216
88.6251,-7.39825
60.3086,-3.4137
60.8886,2.39374
68.3024,-2.46465
75.4419,-0.898946
98.6104,8.17618
35.8966,-6.19198
62.9464,-0.981119
44.5045,-2.0953
72.6147,-1.18517
39.8413,0.0702618
108.603,6.65071
77.6564,-12.179
60.5209,3.50407
61.7358,2.77422
88.1472,-13.918
99.0087,12.6396
52.318,-4.9696
74.5492,-3.71386
91.8126,-7.36424
70.7395,2.93429
54.9082,-3.1402
72.2912,-13.7369
40.3295,-17.0262
56.0149,-6.06755
110.722,-0.811377
71.2634,-2.87707
65.8582,-2.78367
68.8514,5.30326
39.7914,-2.60651
73.7774,-3.77757
71.8158,19.3577
67.9024,4.04869
76.2128,-7.59963
80.9278,0.234048
49.4064,-8.80189
60.359,7.66747
140.68,1.14542
68.7733,-4.34803
41.9034,-11.6803
52.5672,3.65362
61.4808,-3.69669
51.1499,-13.4174
65.7372,-10.3974
82.2519,-1.34585
54.7875,28.4527
75.2695,4.07501
46.4224,-0.205304
57.5967,9.57175
108.079,-8.37751
46.2186,7.5345
60.7622,3.33843
60.1427,5.30766
63.6447,2.71212
94.8657,-2.71691
38.2067,-15.4273
85.8588,-6.06919
82.9352,-2.09668
77.6254,-7.47857
51.9844,8.07847
69.1908,7.14198
46.9993,-6.42067
104.944,5.33727
60.4089,9.2475
61.9977,-10.509
57.6798,-3.02998
45.3996,-25.5219
40.3021,-10.6044
53.861,16.636
75.2154,6.48627
50.6332,-4.9491
72.785,5.56661
61.6887,-5.71197
46.3391,0.919403
43.1527,-7.21923
55.6505,-1.57157
60.5824,0.142984
64.1305,-1.73453
55.5554,-2.57703
53.1176,-0.0890789
74.6215,-2.6709
47.4233,1.37839
65.3203,14.5537
26.3067,1.82025
91.5208,3.84761
40.8259,5.23796
65.0041,-8.05042
62.4046,5.24038
36.3914,2.03496
55.0309,5.97644
50.7015,3.3364
76.6984,-3.6837
58.2547,-1.461
51.6548,0.460716
91.0579,-7.69799
87.1839,4.36784
61.4429,14.6243
77.8727,-1.65059
62.059,18.0772
52.3861,-4.03613
93.0716,-6.0338
94.7334,11.8872
71.1603,-9.82772
59.6628,12.3575
18.1619,10.7119
67.508,-16.2131
92.1144,-17.5717
53.7496,-3.98153
75.4987,1.92331
66.5854,-1.68175
69.7344,8.25905
61.3538,-0.131417
41.4357,-1.7269
58.3701,-4.24821
38.5373,4.80167
79.3978,-4.02033
26.8548,3.57843
72.4363,-2.3558
57.0379,-3.01621
93.2245,-6.98566
97.6879,-5.93449
70.0188,-3.7518
68.4043,10.7767
58.428,1.94994
63.2614,1.78598
41.3611,5.30192
51.7219,0.184632
93.3417,5.29523
56.096,-8.84475
66.3792,0.339397
37.2715,-5.05859
95.5403,-15.6169
131.704,1.20464
59.7703,-0.906498
46.5624,-1.88736
69.1253,-3.93963
68.3042,-3.96328
47.7825,4.38545
81.0663,-6.29504
54.4705,7.41305
56.0705,-4.77189
51.056,-0.907189
97.3954,4.22943
69.9958,-14.3737
61.1473,-16.7741
47.3408,-3.60493
81.1205,-7.57805
52.3697,10.8561
70.7677,-10.6072
76.9614,1.50774
56.9301,-1.64973
33.2837,-9.77744
100.916,-10.0461
56.53,-1.43553
62.0654,-3.46005
66.8063,-9.26688
70.8381,1.91679
70.2913,-1.07093
60.188,1.6534
37.4022,-8.64833
62.0865,-4.86865
41.1323,-5.80109
43.9641,-10.2702
54.2434,7.31513
67.5757,-5.46178
49.4851,4.96744
34.342,0.720443
53.3363,1.88568
57.957,-13.6101
116.774,-3.79781
58.3335,-5.59453
128.801,22.3112
46.3193,7.35958
133.897,-13.832
90.0237,-2.82182
69.7791,10.8937
51.6436,2.71069
55.5251,-4.43444
55.402,1.84433
94.6887,13.794
74.1247,3.87109
40.7425,-6.06798
54.2701,0.142682
41.58,-12.6747
76.1898,-7.23239
67.3625,5.82306
42.6746,-9.61797
51.5606,7.39031
48.008,7.58198
73.9143,2.71483
76.8891,-3.45379
62.7047,-0.176777
46.5876,-3.88667
71.7232,-2.08921
106.572,-3.62457
65.4533,-13.5999
45.5004,3.22704
76.3687,1.61982
54.8555,-3.16908
66.5265,1.85948
43.0358,-22.6091
37.1138,-3.56618
66.2646,-3.36769
39.1776,-3.98166
92.3243,-7.34279
83.3209,10.2911
51.148,-5.12372
121.411,12.8148
55.9851,5.24655
54.5558,-12.5757
112.91,-3.47826
55.1096,-6.95394
52.0555,-7.90165
54.4797,-4.37553
68.2873,-3.2077
56.1304,-6.59913
45.7475,6.10393
34.8169,-4.81324
23.8451,11.7122
68.8308,1.20313
59.6825,2.06159
36.439,20.9919
79.2475,1.06463
71.9259,5.00452
36.6485,7.34888
101.277,-16.0914
44.8119,7.47965
121.603,-5.53977
76.7162,3.85361
40.6498,-0.965971
36.7756,-7.05786
53.6108,7.76933
44.6688,-3.24102
74.0193,2.2867
67.4388,-6.83698
34.9802,-8.33004
81.5694,-5.09946
54.224,4.46145
50.4606,-7.69872
51.9209,-0.41596
53.6366,1.3304
47.562,8.21882
57.3891,1.85762
60.6165,2.1432
55.2141,-0.415917
54.3155,-6.31036
78.3616,-6.47557
47.0023,-25.4928
68.6558,5.46381
84.2518,7.39005
30.5816,0.951124
40.2173,-0.793251
50.3924,0.0658597
66.5109,0.775642
48.3923,10.0466
62.5622,9.8449
57.5182,-5.37935
39.9024,-1.95253
35.1675,-6.86046
63.2327,6.98225
59.0769,7.74322
67.1028,11.3917
96.5326,-2.12529
46.1677,4.7696
78.9997,-4.46629
133.443,-2.98613
56.0557,-2.00773
100.202,8.60949
53.679,6.11351
118.399,1.7174
60.5567,-10.6831
94.692,3.3695
47.1033,-4.14458
52.1103,-4.53534
55.1123,-3.48426
67.0874,-2.23858
117.17,-3.69967
73.7281,-13.9022
76.2426,-1.41301
103.956,-2.14009
47.722,-8.67237
66.949,15.0014
43.297,-2.43603
73.8515,-13.4705
48.418,1.27153
74.249,-3.57127
106.802,-3.49376
44.2107,-20.6403
57.3335,19.5764
66.4474,3.0945
55.3323,-6.06073
55.6725,-4.68122
31.8033,4.92364
67.4427,-4.56331
69.6536,-12.9103
63.3036,-1.26066
69.9077,15.0594
91.8931,-16.1812
42.1068,-1.22371
51.2071,32.1411
67.8185,5.84386
61.6653,2.95859
68.9893,2.75998
61.1655,2.39736
57.5428,12.7026
53.647,-6.31096
92.5618,-7.22389
67.5769,-6.24666
70.6282,-5.93846
58.1703,-9.77321
72.3165,12.4434
57.8553,5.13313
32.6779,-17.9655
67.6646,2.79485
69.1332,8.04235
84.6033,2.00803
79.4595,19.5927
109.209,4.18593
69.7,-1.12354
45.171,1.74472
46.7798,6.79296
73.0903,10.1531
56.405,5.64952
45.6191,9.53804
44.4602,-6.99994
60.2335,2.78626
46.1479,7.62872
50.8087,9.25225
84.6988,-4.66909
78.8448,0.656094
97.7405,-3.04806
32.0169,5.19402
105.954,14.3967
54.8924,7.19511
97.5971,3.05259
56.2866,2.93283
41.8915,-15.1979
70.7961,-0.883279
60.5038,-11.2349
80.0266,-5.56877
78.3775,-2.98626
80.8442,17.534
106.201,-0.148594
60.1912,5.49402
68.5903,6.33664
54.7617,-14.3373
79.1882,5.49997
51.9698,-5.7846
108.194,1.69293
51.8643,14.5196
36.655,-9.73269
38.6354,1.37373
45.2582,-3.5395
68.7635,-10.9017
67.291,0.136942
67.541,-8.78536
46.306,-4.01787
64.7768,5.15255
80.4133,7.42635
68.2802,0.443582
62.9594,5.48254
62.6767,-1.39238
65.0485,-3.50865
94.3915,5.35302
59.4974,5.65862
76.8643,-6.19318
40.8263,-6.22007
54.9506,-8.08697
52.8907,-2.76114
41.5536,-11.9974
73.0284,20.439
63.7978,-4.32576
46.8676,-3.51585
49.9104,1.87916
68.3905,-7.28712
60.3204,15.3637
60.3526,-5.7991
109.15,5.51961
41.4241,-7.7553
62.2432,15.0296
46.6845,-21.0811
52.9632,-9.10659
36.9916,-13.0744
159.117,1.56035
78.8478,7.80437
80.3095,4.7709
80.458,-7.24215
64.8782,-1.85288
58.6982,9.5639
35.689,-4.41678
48.3128,0.649318
93.1557,5.40533
62.7599,13.8333
61.0208,-4.37065
36.7309,7.57671
84.7987,1.81766
54.1789,-2.01153
77.5483,-1.91541
71.0469,-7.44914
48.1565,-4.38968
37.8486,11.9624
88.8973,-5.63135
116.181,17.8762
50.2083,-4.46646
27.2388,4.36793
35.1975,-3.65892
44.4832,4.09021
85.1734,-7.8187
64.6227,-12.1059
92.7575,7.9316
60.8099,5.72919
71.8578,-10.5311
73.0008,-0.346907
66.0028,9.07224
65.6547,9.00141
52.9105,-7.34789
55.9309,5.26312
58.5164,-0.567619
73.2119,4.46387
74.1506,3.82245
50.7389,-19.727
40.9928,-3.86535
54.7368,-7.30123
61.1928,2.23992
178.624,0.473965
49.3029,-6.73551
44.8317,-5.67886
86.0959,-2.20436
39.5778,1.07149
70.5724,-3.94623
43.1272,6.28576
52.6059,6.3341
41.9108,-5.00767
82.9524,2.40496
41.589,10.7304
98.7823,1.79314
38.3477,-1.39225
43.5453,-2.31985
82.7609,1.78663
51.7297,1.25013
60.8759,10.6087
97.5977,-4.67565
71.629,1.38897
59.9926,-3.98028
55.6491,4.56292
62.5255,-9.89216
54.6845,2.37138
70.2193,-3.97575
66.6519,6.31934
40.1515,3.41435
70.4172,1.28867
73.1591,12.5353
103.779,6.75075
58.6663,5.57209
56.1866,-5.73428
42.6921,-8.55075
88.8931,5.36968
33.5798,4.04718
63.2052,15.3605
70.2837,-0.670077
55.5999,6.16655
36.3609,8.61074
52.0424,-3.22471
83.8426,9.45712
30.8606,3.39583
50.8428,-0.46788
69.5743,-4.77742
55.4814,-2.83814
50.5436,3.69418
100.538,6.56486
96.3276,3.52846
39.7263,-3.17598
87.6331,-1.91459
51.337,19.895
80.6954,3.35548
36.4227,8.38347
40.6304,17.1598
52.372,1.06105
38.0818,27.7435
63.3362,-2.15533
55.0544,7.17081
70.5655,15.7359
118.487,-2.27669
73.2299,-13.3733
53.1995,-3.44564
39.6773,-1.17093
52.515,10.7183
43.1892,2.6337
82.7171,-16.9391
74.8901,8.87621
66.3891,-3.96682
53.1511,6.94
119.347,-0.676853
56.3762,-5.43221
46.4249,9.71029
44.5301,-22.5335
99.3279,18.2336
66.5593,-10.5933
86.9512,-7.79591
56.2278,-4.69226
42.7415,-1.32103
54.8652,6.869
71.3379,-3.47839
50.4274,2.43405
82.2756,-9.78146
101.865,-0.310179
39.9225,27.1596
90.5693,-2.66598
46.5872,-10.0577
60.8136,6.5274
55.0591,-1.85874
33.517,10.2642
89.3133,-7.64974
54.2498,5.99763
77.1914,-3.79138
57.8384,7.3661
122.54,-0.363609
61.0803,-8.70103
89.5881,-5.45423
47.1917,-1.80039
31.7321,-9.93277
49.1383,-4.46806
36.7793,-7.70338
47.1059,-1.3673
72.17,9.75504
70.4208,9.10832
72.1229,11.7754
48.3666,17.1323
83.8599,10.5903
51.1085,-15.5918
81.7637,11.4434
90.0794,-12.47
59.7448,-5.27741
59.9591,13.0094
46.9751,14.4407
120.978,-5.44132
52.2223,7.09748
56.9585,-11.5579
63.8382,-4.63521
114.352,-8.9602
70.7143,-7.25686
50.7041,-8.99498
68.0678,19.172
55.3936,-7.94675
76.0811,-3.68262
66.306,-4.76624
43.7639,2.81349
63.4574,4.99256
58.9089,1.68676
70.2323,-6.49534
47.8406,13.9105
47.0741,4.44976
43.2258,8.10484
58.729,-2.60301
70.2359,-11.7427
51.6068,1.50014
31.1278,1.84075
53.5323,17.2525
46.1737,7.33787
59.749,8.07195
86.6161,-5.00374
52.2751,-7.5547
64.404,2.64384
53.4481,8.30717
46.7887,5.7774
60.2526,-1.80665
77.9574,4.657
57.5569,15.85
54.2983,-5.14331
53.6775,12.8362
31.5253,-10.2116
67.6852,-7.77891
113.573,-9.67222
57.5071,1.42725
73.0231,-10.4047
77.8081,-9.09412
58.7763,-10.0138
53.3596,3.97092
72.6541,0.590924
61.1773,9.7389
45.6126,4.8677
110.081,11.1604
47.0597,-3.68624
71.4816,-2.58635
50.2664,5.81598
50.3584,17.1476
39.6558,14.8429
52.4366,1.47157
94.0953,5.94368
55.608,-5.60718
50.5498,-3.3799
58.4254,5.07396
62.4132,2.56305
48.5935,9.16792
49.9455,-6.67565
44.1054,-2.79589
52.8334,-1.58555
61.8988,-1.31793
75.7398,-0.0389289
30.8072,4.00255
45.088,32.2378
104.741,-5.5711
58.7899,1.14905
54.8653,15.3884
69.1992,-9.59009
151.07,1.02985
93.5776,-2.51553
60.633,-0.848623
62.8306,-2.8879
52.4991,-6.19525
97.4588,5.92012
45.0741,-3.34818
64.7578,12.3887
69.2935,0.469175
73.1832,11.8426
52.6974,8.68036
70.3744,-17.9622
155.744,5.64706
45.6339,-3.42699
62.3071,-6.55571
38.0296,-6.04502
129.997,-0.645045
36.9459,-6.24648
36.8169,3.41305
65.1702,-7.93134
104.222,4.55619
111.642,-8.43643
36.0176,10.9984
78.2628,-8.3574
52.1321,-1.48374
40.5269,18.6022
57.1801,-10.9466
56.6231,1.84632
67.4963,3.89211
54.9137,-5.98658
43.3411,6.10259
72.4971,3.98883
71.078,24.2434
50.5161,6.22814
69.289,-1.09411
36.3177,5.53424
54.0333,-4.47099
50.7587,-7.12251
73.1847,2.0836
80.028,-1.70635
57.3281,2.40711
58.9036,-0.253038
58.6848,-16.3008
63.5368,3.92418
71.695,-4.64509
97.9595,12.5754
46.3823,-7.56782
47.8557,2.18679
60.4761,0.401157
35.6495,2.6955
36.1678,5.06041
49.9984,16.5496
51.5189,-15.6839
44.1916,-23.1847
81.2277,18.3369
78.3956,17.4658
24.6031,5.8972
59.1201,6.04649
82.256,0.776635
45.208,-9.25397
67.9776,3.50247
42.347,-0.304396
72.5174,0.35692
53.5185,-4.96818
46.819,-14.0518
62.0783,-5.95426
102.94,5.46122
50.3017,-5.28384
53.114,9.17767
60.3658,-0.729765
63.9597,-10.5908
40.9007,7.15536
97.4981,7.79751
50.0289,-11.9955
49.6194,-1.96759
102.774,5.56109
67.8229,-3.25254
73.9992,-9.08074
48.506,-7.36019
51.5684,-5.00098
50.7932,-7.34029
53.1544,8.45412
53.147,-3.65711
45.8967,1.6143
60.3897,-1.54283
70.6315,1.26523
63.2316,4.87517
68.2207,3.72914
103.342,7.9168
39.143,5.70765
38.6922,-2.99977
45.9176,-4.05969
80.963,6.84992
67.9507,2.17212
53.9202,-1.7354
78.4427,9.43023
70.8887,8.55265
54.949,-2.44427
68.5733,11.9166
68.099,0.127101
66.1926,-2.09737
49.1011,2.52792
70.6521,-23.6406
67.593,4.34057
48.453,-2.35511
65.3846,9.63619
50.4731,8.20277
62.1053,9.69592
40.6717,-5.82875
213.446,-0.956864
66.6492,5.09506
36.4643,-2.83809
74.6817,-4.52036
62.0882,-9.73821
72.3412,-1.23213
92.8768,-3.39889
35.3747,2.75204
48.7069,-0.737231
50.7254,-2.54932
48.2578,8.00812
60.5707,0.571762
70.53,1.16882
56.2317,-5.42531
47.5331,0.250836
43.1959,0.760537
87.2581,3.14633
84.0303,0.562354
71.9415,1.05656
32.3449,-0.697223
60.2991,-4.40556
61.6529,-12.7867
64.1799,1.29035
54.5554,1.6553
79.449,-3.44054
44.5402,-2.44492
42.1917,4.40781
81.9345,-11.5567
72.5835,2.08067
54.1318,-3.00611
74.3338,-7.19735
71.141,-7.27922
74.3688,-4.97612
68.2132,6.81393
142.739,-2.95795
48.8192,3.82711
53.0573,1.69845
70.5328,17.1785
59.2637,-0.147515
54.9147,-2.05995
57.9224,1.79371
69.6667,-1.38443
64.9551,-4.75238
68.0687,-2.6447
84.8509,-4.98466
63.3658,-6.90668
81.0801,0.061328
54.8704,7.61478
157.81,-1.04051
43.9681,-0.726442
56.9417,1.36303
72.9876,-10.5876
41.9024,19.5686
57.8867,-8.33569
47.6468,-0.264475
68.2504,-7.86199
67.905,-2.10682
74.0977,2.99243
32.3632,-10.0591
62.6852,-10.8946
52.7113,-8.81907
79.6011,-4.37755
73.9175,0.112082
86.0959,-9.73044
67.172,-1.25673
61.4007,8.76374
72.6579,17.4938
36.2142,5.00361
47.0879,-1.68322
54.3137,-0.50327
93.5882,-30.7377
38.8481,3.67532
70.0239,7.14711
50.3205,-2.14609
46.9026,-3.07365
64.1752,1.99737
36.4709,4.07881
56.92,4.18632
105.169,-6.79481
63.9891,-7.29696
47.0414,-0.576941
68.8996,-10.5842
47.4178,-3.00844
71.7443,-5.11233
53.5455,0.334909
88.5908,-6.51372
40.3832,4.7857
57.7152,-1.32919
66.2547,-1.14801
66.0482,-1.65556
40.8315,-0.0292182
75.717,4.21351
61.2354,7.27326
60.4843,11.7222
195.78,-13.7619
46.7947,-0.480439
70.0611,2.39356
60.1693,1.74576
32.7571,-1.28098
59.587,5.93687
52.7307,-2.78514
67.3512,-0.894846
79.625,10.2229
47.7469,-2.15222
39.579,4.24342
79.6284,4.49451
59.8812,-0.541681
37.0775,-4.79934
90.8941,-0.336894
66.8115,8.59262
43.3663,-4.03682
67.0453,-1.26709
62.6152,-6.15956
70.9535,-10.5296
89.6299,-11.1727
118.898,8.03889
53.3819,-7.03991
56.4939,-5.35578
36.6804,7.19467
85.1379,16.5934
53.8512,-8.01978
53.6189,4.94699
56.9671,6.44726
91.7781,-6.53353
60.7395,7.84844
31.8829,19.0837
64.0525,3.30843
50.1665,-4.62058
32.9368,7.24711
46.1756,17.6923
118.082,0.988025
60.7126,-2.00544
75.4049,-8.93913
79.8501,-9.63321
62.4687,0.684233
51.6884,1.09247
55.3891,16.1857
53.0202,-2.05179
62.4517,0.470944
62.0155,-0.731793
86.9027,-6.68942
80.2839,-8.37018
68.0555,-1.78797
43.0116,1.41805
54.8963,12.1906
60.3733,-2.44557
64.0663,-9.59329
54.0352,2.41501
66.6374,-8.14709
72.1796,22.1605
54.0428,-0.962043
58.8417,0.578495
44.6831,1.87471
42.3333,5.83553
86.244,-0.166634
44.6651,1.60484
46.72,-3.30839
57.4431,4.73089
60.2069,-15.0201
131.96,4.89485
47.1729,5.03511
60.6445,0.713753
54.1891,10.7662
61.3222,-2.75018
55.0208,15.1787
129.08,2.95177
51.7018,-0.414493
74.3242,2.52822
82.4439,-1.37805
52.5685,-7.39575
58.8236,0.962518
71.9971,-3.19976
76.0711,9.66834
48.6128,12.4891
56.9749,4.89563
53.4296,5.03222
40.9143,-9.12968
56.8278,-1.33907
65.6946,7.00413
53.1941,28.0237
40.315,-3.84731
54.5899,16.4514
66.9462,-7.37154
66.9779,-4.86783
54.8953,0.759846
82.3771,-1.56018
97.6917,-0.412292
48.9516,5.12113
108.257,1.57084
65.2256,2.18524
42.4369,-5.89116
63.3873,-19.8662
92.2615,-6.452
51.2856,-8.85597
45.9283,-2.34415
75.6804,1.30779
47.0971,-6.33004
64.644,5.07758
89.7945,-1.9038
39.0322,0.338707
65.0962,3.72219
58.8269,-1.97022
55.3751,-5.61085
46.1806,5.3503
53.4283,-12.8599
34.4578,-0.586479
51.3882,-0.796358
61.7437,8.59473
72.5807,5.90445
44.5661,4.68191
83.492,-20.3583
59.1933,2.34255
45.7084,-0.821045
84.1369,2.26072
73.2395,10.6169
66.5895,15.7106
34.8255,-7.77688
56.9607,-19.4898
38.2706,-8.15374
79.2987,4.50832
49.012,-7.55798
63.1563,-3.89155
44.761,-8.43776
75.6579,-5.09657
66.2774,-2.61846
58.0709,6.00985
50.3993,-5.4957
48.4473,-0.445783
98.3327,-1.96194
89.7025,-7.31755
65.6577,-10.5503
44.1018,-0.216051
60.0879,12.294
26.0278,15.4994
99.7485,3.78283
73.522,8.36098
74.625,-1.49285
70.574,-5.28297
44.6333,-4.36914
62.7455,1.59794
66.2403,-2.85588
64.4702,5.05639
32.1758,-7.82258
53.3907,-20.0517
63.1557,3.23209
45.8406,4.29844
89.4924,3.72409
43.5101,-13.5387
44.0375,10.194
55.407,0.363652
55.9594,1.5553
139.982,8.38925
57.0538,6.45947
93.7859,-10.1051
57.3872,-3.30848
40.0437,51.0046
46.715,13.7493
92.7237,-11.9111
38.1299,-2.78389
66.4646,-2.36447
85.6214,0.160592
65.8644,-40.07
42.5493,-10.0452
37.9922,-10.3403
91.9264,11.0843
72.3091,0.110011
48.6236,17.6548
49.3252,-3.81365
61.8797,6.57043
37.9471,-6.32866
41.3631,-5.57308
45.5122,5.58292
85.2322,1.07188
44.2906,-5.63031
70.3717,-3.59043
67.9455,-28.6275
65.1226,15.1789
61.7689,-0.498177
85.3519,-2.45006
55.7309,14.3275
120.408,-3.49773
64.8105,3.46273
98.1077,8.63634
55.9236,-1.46121
44.4162,-13.303
46.3074,18.3892
34.7665,5.15557
113.892,-2.96662
46.1015,3.04228
49.1263,-0.853543
46.2833,-1.49721
40.5511,6.41441
58.4897,2.66119
47.6998,-20.9935
28.1943,-2.32451
52.0308,-6.62028
52.9509,24.9262
63.1816,-0.890444
34.8166,-3.33649
60.081,14.8296
61.7903,-0.0706503
50.8943,-6.41053
82.4459,0.515009
46.1465,-2.81828
49.3775,3.5966
61.1188,-18.628
83.2578,-6.98881
34.0781,-3.47472
75.7851,3.90544
71.536,9.09463
37.8732,0.0808356
53.5126,-4.03954
44.8114,-1.1134
103.135,0.840466
101.19,22.1888
56.3212,-2.73089
42.64,-5.1421
77.5798,15.5598
51.2843,-5.35034
70.1065,2.54712
77.1814,12.2854
40.4296,9.99828
50.4013,-0.265856
65.1234,-11.277
50.7511,-3.62725
72.4479,-7.89936
70.4725,-1.75404
79.1912,-0.000431584
75.985,12.3972
63.1371,-4.34544
69.4732,-0.260763
32.6893,13.0802
56.7797,0.992513
83.4898,13.8687
90.4304,9.3929
53.5926,-5.37235
62.0197,-11.2348
42.3733,-1.45163
49.3503,7.4866
62.478,-2.40867
42.5824,-5.10581
54.3741,-0.36922
46.0161,0.486222
69.368,1.97005
49.222,1.05889
56.1771,7.15639
51.3481,-10.7164
53.4003,-12.975
49.4553,0.390281
59.4242,6.81725
46.2169,4.49516
96.1559,-11.4899
50.8337,-3.60416
113.432,1.87899
43.8276,-11.6567
42.3024,20.1483
129.218,-2.98621
73.6744,3.92215
74.4778,-1.27883
74.9876,-6.6539
54.5901,-5.92595
64.7007,0.017436
52.0271,-0.575387
38.327,7.01358
64.0897,-4.2549
91.1415,8.57082
97.0989,13.292
57.4706,6.62278
103.737,-2.43862
55.5587,-11.6412
66.3184,8.63905
46.3275,-15.4966
67.5544,-1.46065
57.0469,13.5999
46.5366,3.01543
60.1291,0.339268
84.3297,-5.15298
77.4538,1.65767
44.0842,2.44751
67.1235,-4.1155
74.3113,-13.0436
38.8943,-12.2036
57.5341,3.06096
57.4654,5.03408
46.904,-12.7168
44.4255,25.2042
59.271,11.1155
49.5443,7.87917
50.472,-0.662352
43.9357,-7.94049
48.7302,14.9691
79.5419,9.48578
52.6207,-4.82903
57.3437,-0.638917
57.3926,-5.17007
65.5253,-71.2121
66.4234,2.68527
68.6277,-6.64453
84.9171,2.54971
49.1348,16.8457
58.2433,16.2501
99.7,7.97325
77.2221,-1.63329
50.5885,-4.2309
86.9404,11.1416
54.5875,7.31293
38.203,0.617726
58.5127,5.06878
76.7173,8.78277
31.4736,-0.77875
49.7617,8.51338
29.049,-12.1259
85.1796,6.00419
63.684,0.424074
61.2821,6.32357
74.3235,7.9565
80.9324,17.9219
41.3457,4.6015
54.7326,3.13222
47.0127,-0.243543
66.2337,0.790748
81.5996,-1.96945
94.5148,6.98725
34.4768,8.12508
55.219,-10.0909
76.003,-9.98801
41.6849,-0.493516
75.2961,-10.1136
72.1583,-3.30515
56.0475,-2.6602
44.5962,-10.672
134.849,6.50254
51.78,-5.95849
91.0691,-9.04854
81.808,3.3377
59.4118,-4.41363
41.8255,12.4448
56.6183,-0.25826
95.4479,2.32006
47.4968,0.704517
89.2717,2.37121
58.0564,4.17734
41.7533,-10.9272
61.7283,2.83831
100.033,10.5293
44.2575,-3.89431
64.4715,-5.93143
46.2219,-2.34574
87.9797,-8.16897
67.4072,-16.3054
47.9374,-8.48804
87.0327,11.1561
73.234,-11.1781
77.648,-1.46121
46.6344,-5.77735
65.8282,18.3512
43.0468,4.4741
121.084,16.278
40.9993,2.8655
54.8072,-0.248937
47.1539,-0.650699
62.5812,1.20736
61.686,3.41512
51.0427,-11.2871
74.0398,4.26858
96.2833,-0.560368
52.8634,3.41435
87.2907,-8.01585
63.5058,-2.05102
50.1585,-2.59438
74.9231,-18.5023
69.4808,10.5956
76.8552,-8.54864
61.2862,5.59449
61.4408,-5.61098
32.9569,4.84073
79.7412,5.46087
106.715,-4.25926
37.238,7.91663
52.2691,10.4361
65.2162,12.3483
35.9023,-8.41019
52.2864,-6.21161
60.3326,7.33826
57.5906,2.07669
45.1258,3.56346
57.7195,10.1532
128.602,2.358
45.4202,6.66322
106.764,1.55042
58.8703,-9.13175
43.7196,9.75681
77.7254,-8.93987
77.0438,2.97616
86.8021,0.558297
55.5507,6.68929
101.388,-4.04899
74.5298,9.22868
114.304,-4.63279
58.5803,10.5557
84.5598,1.0998
54.8718,-3.70061
57.6584,-6.93874
59.1807,-20.461
45.8623,-12.2622
86.6617,-5.91753
35.7766,-2.11454
110.486,4.91522
68.7564,3.58348
76.9325,-1.63393
66.874,-29.6629
44.1576,-1.94472
77.1549,-6.11999
48.7189,-2.84159
66.2649,-13.4252
36.1003,-8.43038
103.882,0.16862
85.0657,0.505471
72.4624,4.88769
93.8112,-2.23267
67.9465,0.272372
89.703,-3.28444
32.5951,-11.1028
60.1184,-0.972574
63.3728,3.4058
56.4705,-3.89806
55.3475,0
44.8954,-8.00368
26.7729,12.1774
58.9571,13.11
52.4216,3.69647
67.0625,-4.08054
107.293,1.70778
115.852,-5.27067
52.7623,-11.0622
90.3763,-12.1595
37.0979,1.09575
54.0903,-29.7873
42.8547,-9.24228
49.6687,-0.690577
72.7383,-4.71018
78.8434,8.48606
85.5892,-12.5023
77.3372,-9.93242
77.479,-2.95367
52.6446,8.7738
64.9544,3.43049
31.8503,11.4614
66.718,2.63732
81.7407,0.519929
35.7011,6.34195
41.1594,18.2423
44.2065,9.37193
59.5826,-0.927776
68.5553,-3.66557
37.4894,12.3648
81.1813,7.10309
70.5767,1.14901
65.2036,5.97838
74.8241,-1.49811
49.4312,5.14193
68.7487,-5.79233
57.3834,0.263698
39.561,-1.20097
57.6063,-0.423858
53.8949,7.68974
65.4361,-0.443193
59.848,-0.133532
54.1176,-8.41696
69.1861,-1.18254
81.8203,2.10833
35.4333,-4.29827
54.8073,-2.67806
82.3516,-2.16841
80.3987,0.299864
38.3928,6.74177
58.4383,-11.6212
73.7345,15.9278
44.1735,5.3058
68.5265,17.0586
60.6925,-8.79844
97.5373,-8.69339
75.7092,-3.57278
92.7334,3.17063
47.2402,1.18185
83.2603,0.150493
53.779,-8.26388
97.3632,-1.49725
63.0338,8.76641
52.74,-2.37798
76.5013,3.32928
69.7661,-17.7994
39.6452,7.59894
50.6638,-5.38422
117.394,-4.74526
74.4336,-6.53383
58.9312,0.209275
56.666,10.8714
71.0192,3.94131
60.3822,-1.96897
47.2527,-10.4129
36.0744,-9.45893
77.9396,12.2834
60.73,-15.4879
63.5513,-8.17761
82.1783,-9.14349
40.556,-0.251786
75.3559,2.3577
46.545,-5.11958
56.4321,-1.87812
60.2174,-0.407113
50.5133,-2.4542
87.9493,-9.21427
70.2448,0.142552
32.7237,3.28202
74.1343,4.1038
76.6968,-1.58572
110.094,-0.122181
61.2599,1.27615
61.0413,-2.79528
30.847,-3.85551
81.5145,6.89602
70.5004,-15.5093
55.9121,-5.93518
45.0923,-3.50342
64.7372,-12.042
53.6541,-17.0297
106.647,-5.73635
86.263,6.95924
59.6059,-1.58124
70.1776,-8.52404
50.1016,-14.5469
57.4108,-8.17152
111.547,-1.46518
58.1025,-1.18452
60.6643,4.57073
50.1256,-8.09358
59.9064,-15.0684
68.4759,-19.3819
100.35,0.608274
67.6476,2.11545
112.429,-4.30475
69.9163,-11.85
65.0668,-3.29872
65.5581,7.47827
62.8413,8.20264
46.216,11.8771
71.6519,0.86265
54.8485,-0.767917
54.659,12.9007
44.9736,3.8092
98.5007,-2.15425
84.1547,1.24473
31.3688,-11.6386
24.4323,1.99245
48.5485,0.907146
65.5709,11.9761
42.8589,-10.4444
57.6724,-1.6149
134.892,26.3196
101.777,2.75868
158.105,-2.19245
48.9435,0.426059
52.1113,-8.04403
54.5135,21.7331
75.8196,6.53098
47.7808,-10.0627
51.915,1.56492
78.8108,-1.25599
78.1312,-1.97311
50.4299,-4.74103
62.6282,-7.21953
72.3816,2.35161
63.6694,-13.8874
45.8479,-18.408
54.1124,-1.86026
80.1976,4.95717
65.5783,6.63232
38.4197,-2.25455
80.65,-16.5214
49.8127,0.425455
52.3614,10.7198
114.411,-1.49065
76.1693,-0.664294
80.4901,10.3529
76.9545,1.26743
41.2998,-2.93352
93.3402,-3.06925
38.3529,0.513412
56.9451,6.23664
67.9409,1.81114
74.2015,-4.14558
94.7461,-12.5301
82.6831,-3.39695
67.1539,-8.2962
120.147,9.19584
57.4404,5.48405
60.7875,-7.85534
50.8692,3.3216
78.938,-7.28004
68.1081,-5.52716
54.3145,4.97599
118.267,-14.6141
60.7984,-6.97034
85.8705,6.7485
47.1951,-5.87627
40.0787,-17.2139
102.407,-3.1639
66.1552,-0.0306856
60.989,-1.90311
51.31,-3.44758
41.2396,7.08665
59.5999,-1.88792
43.4135,-5.30874
104.524,-6.44708
61.2626,12.074
41.3767,-8.74812
25.8405,-2.32904
108.218,1.02648
55.9045,-13.8999
67.4195,-3.15764
81.6146,21.3313
66.7053,0.808745
62.2942,-8.86162
42.9937,-9.35117
51.2199,6.95683
50.9357,-0.522821
45.6701,-2.06388
82.9253,4.48549
50.796,-18.9006
99.7972,-12.4627
38.5708,4.62809
50.4712,-4.1442
82.3409,-4.07355
169.413,14.2377
68.4093,-6.09271
49.3974,-3.80756
61.3974,2.8305
81.6717,-13.7668
131.316,1.18686
58.352,-16.1351
39.7257,4.45861
38.2299,-12.602
69.6383,-4.21381
53.818,-3.3818
48.0159,-5.97886
69.8384,7.16507
50.5269,2.27988
73.2424,-12.2895
43.6259,14.3982
43.633,3.0144
52.4175,-1.9038
50.9325,-27.4274
61.4649,1.39
66.0113,10.5867
45.0231,8.23406
56.4584,3.32898
140.199,-12.2789
87.8959,3.40015
43.9545,8.9671
72.1332,0.00604217
48.7547,1.98693
52.1089,2.63128
108.937,7.87761
51.1818,12.2401
86.2459,-5.29044
50.4032,-11.7016
80.9359,8.12266
101.63,-3.43739
61.736,4.14148
82.3964,4.20609
75.3104,2.5665
63.4728,1.12915
87.9247,-3.79591
88.111,2.37436
68.2669,1.02462
55.5572,0.259425
53.0425,9.25126
57.5837,3.41633
56.5659,0.220841
75.4889,0.123131
73.0651,0.715911
62.0449,-20.4538
45.8841,-1.33523
44.88,7.30736
39.474,-10.376
67.5341,-11.224
75.0517,-4.27708
48.286,9.37706
79.2055,-9.2056
87.7582,-3.63765
58.6692,4.34566
69.7974,5.21591
61.9235,-10.1145
68.3749,2.87845
96.2431,6.16025
71.1773,-1.90376
67.9727,-12.0207
43.0423,-8.21325
97.4533,5.28151
76.5142,-1.70014
59.4813,3.2055
50.0732,4.64898
69.4873,9.75897
58.8731,-3.57684
57.2752,-3.90864
58.5695,-6.00859
78.4296,-5.29415
137.93,0.671113
41.4157,7.58388
44.5253,2.516
43.1673,13.3646
107.157,-2.14588
54.7101,-2.53344
71.1348,-1.05958
81.2332,-1.02713
62.3766,8.05793
38.8043,-3.78663
55.1139,-11.0944
41.6791,-0.13556
93.1788,-2.27574
30.693,8.59408
45.9516,17.3021
110.836,2.28826
54.2429,10.685
37.9018,-10.7177
38.8372,-0.992082
94.6048,-2.42727
53.0914,5.19566
70.8584,-8.14567
42.4078,-3.4326
34.1447,7.56998
56.5676,-16.4097
60.514,0.954836
95.4693,-3.1853
52.1037,5.54503
45.5673,15.4777
87.7292,5.50446
44.3158,-4.65019
60.1268,-8.79615
63.3976,8.90124
62.0251,-2.01399
59.7548,0.492523
62.507,2.44626
52.3777,2.11394
66.1901,-10.0244
45.7309,9.7954
46.3179,-1.33951
58.9967,-6.65269
68.1736,17.3937
77.3001,-0.901578
77.5354,15.2762
54.687,-2.77034
48.4064,-11.2217
39.3533,3.63493
59.9956,-3.2809
140.914,6.27259
66.9197,7.00952
77.7082,10.945
58.3332,-5.91826
62.0418,11.0127
66.3507,0.094301
58.2759,5.73061
51.3704,-2.89972
68.1587,1.49246
63.3316,23.8538
66.5538,-5.58206
44.8837,-6.64527
33.8678,-0.483633
63.5944,-8.98471
94.7217,0.0482079
56.7632,0.866404
67.7461,4.62563
64.1219,-1.3033
56.5588,4.72929
61.5386,3.06502
97.3968,0.154723
78.3593,-7.16071
62.2388,19.4222
74.3393,-25.0054
44.3418,7.00586
31.0817,-1.44827
52.2005,-5.28858
39.3244,1.53752
42.0026,-0.459594
29.1367,0.0647376
61.5406,-7.11164
74.5586,-5.9575
27.2568,-1.75797
93.1819,-4.12016
34.461,0.808831
60.2883,-6.45209
55.0399,1.52323
45.6253,-7.07556
51.6134,-4.2139
106.132,3.50096
121.699,29.1082
56.2338,-6.74203
46.0849,-11.4076
61.4714,-3.26161
78.1468,-3.35651
82.5639,7.878
69.4968,-2.89588
56.4009,2.32019
38.3338,-8.72386
54.1346,3.0368
65.1984,14.579
74.387,-1.12743
60.1203,-0.7532
42.9986,-0.758595
42.1007,-0.544443
37.4225,-11.2837
186.845,18.3269
54.9262,-2.6119
108.164,8.48709
68.2125,-10.3408
52.302,-2.74781
61.9776,-1.34382
97.655,13.2858
91.0846,-1.03407
59.5832,-4.25887
62.7969,-0.898644
55.3814,8.17709
50.7823,2.77905
118.347,-2.87927
39.106,-5.11634
73.39,-0.477375
39.5431,18.1536
52.4358,-0.208282
40.971,-10.8443
55.7225,-7.86527
52.6888,-10.6907
46.2568,6.56961
35.9406,-12.0326
47.2094,19.7056
96.033,-5.04413
85.6295,15.6685
41.2433,-7.15777
69.0457,-4.01826
50.8013,2.39633
55.1387,4.07916
58.2327,7.5377
74.5263,11.955
53.0292,-6.83421
73.1211,-4.26668
90.1289,-0.178546
72.5459,9.67447
38.858,6.9138
78.3416,-15.2709
65.4801,-1.60886
57.8347,6.61212
65.5171,-10.6698
52.9111,3.21901
56.4422,-5.90894
44.8558,-6.13993
55.7697,-1.62849
46.114,0.770895
100.871,3.09113
77.6642,23.9328
73.715,1.38443
69.26,12.3414
66.6643,3.01686
60.0324,0.335341
55.1516,-5.07892
95.2617,7.46407
58.226,-0.0628386
88.3766,7.62414
64.6919,4.09038
55.1398,-2.3927
39.0661,-9.43326
54.5548,24.8898
77.9371,6.68148
52.9591,-4.85493
46.6036,3.00279
100.351,-5.65168
52.186,12.1439
27.4716,4.89252
54.1834,16.6388
96.5789,-0.206513
77.6645,-1.84834
66.4706,12.551
80.038,-4.28429
34.1531,-11.5771
54.7431,-23.0641
47.2472,-0.906326
97.655,8.82796
76.9456,2.41557
41.6528,7.90497
108.204,2.00453
44.9264,-4.40871
62.7351,12.3144
52.7378,-15.4694
66.5244,4.48657
61.0227,-1.46182
93.9238,8.49257
69.0165,-2.87331
71.5713,12.7748
75.4691,-7.15721
58.8772,5.414
35.0348,2.09111
46.7452,13.5313
53.7592,3.92422
74.0156,-4.34518
96.4118,8.61437
100.4,1.68823
66.8337,-3.52323
51.0612,-1.23355
51.2932,-5.87498
52.9115,0.593643
37.7942,12.0114
59.2549,14.4809
31.9699,4.95549
84.7492,-17.284
70.1142,15.0635
58.2199,0.32632
57.1298,-20.2326
61.7266,-1.91498
89.2976,2.67858
69.8157,8.07666
45.7038,4.37734
48.9948,8.86697
62.8312,-4.88419
74.2536,5.64007
84.3817,2.10695
78.7831,4.3927
57.993,-12.0008
70.5271,-10.1133
64.8659,-12.3918
53.4885,3.51788
126.993,-24.2043
59.7434,3.47844
80.1134,-1.7316
58.6861,-1.0257
50.383,9.87576
108.612,3.10814
98.052,-6.22888
75.316,-19.6742
55.545,7.68771
29.9695,-2.51298
51.0088,2.00635
59.0345,7.06011
51.0655,-3.55029
51.9277,9.46558
48.9667,-10.2903
56.9977,3.92914
125.507,3.50942
56.3907,-0.192832
75.7805,0.319631
82.3012,1.87195
51.7187,-25.153
48.0481,11.7813
75.8967,-10.1188
50.0154,-0.78613
102.693,-2.63175
77.9935,11.6863
85.4595,8.90301
51.7544,-6.81505
47.5844,7.61042
58.1029,0.96938
65.991,0.710473
73.4441,0.182085
40.4999,-8.8097
107.409,3.58128
73.3265,0.19158
96.6203,-4.25067
47.6908,0.680392
67.1786,14.0723
65.2866,-3.04823
60.9706,13.4599
92.8269,1.89198
64.8002,6.07251
33.0511,-3.4522
58.9069,6.12754
60.2962,0.784231
65.1897,-1.34033
68.835,-2.12037
60.1808,5.13667
93.1708,2.29167
52.6209,-13.2513
70.6766,-12.7182
76.4173,-5.81477
59.2744,0.679917
63.5184,2.18835
48.3736,-6.76987
56.8052,-5.03917
58.661,9.98659
65.7004,-0.682248
92.0951,-3.07283
56.7211,1.67657
103.138,11.9175
76.4159,23.5109
39.343,-1.65417
134.129,-21.1035
77.5808,-10.9719
117.406,1.63091
49.267,-2.14851
55.268,3.23075
37.2034,-7.98365
51.3744,-3.55073
74.7844,17.1289
42.905,-2.13012
61.5292,-7.66277
57.9339,-10.3344
63.4684,-4.47854
99.2284,-2.90331
58.0025,8.95579
26.1733,2.4356
82.8227,-8.28498
49.3387,-10.6619
38.4243,0.520231
79.4192,-16.4334
53.2934,8.30009
51.9362,-7.29648
99.5727,9.18061
79.6574,10.8575
44.1742,2.66559
73.1351,-11.1596
55.6304,1.28176
58.1391,-9.59307
62.7674,12.5823
115.065,14.7336
53.9035,2.23595
69.5318,4.22197
60.5606,-18.8994
56.9355,5.27434
43.2647,2.0164
76.8036,11.3422
46.7133,6.15978
46.1167,0.579703
82.9747,3.74502
57.4898,1.16118
50.7137,5.1175
50.3882,-5.96772
48.7985,21.5688
53.7386,6.54734
27.8598,5.07499
82.1545,-5.00447
46.6,4.11916
49.3826,1.70484
88.2025,-2.76356
85.1174,3.53182
75.1076,-8.43276
124.328,6.70828
77.165,-8.62658
63.1841,-2.19206
70.0965,-10.8845
62.298,-6.43664
75.0817,5.71693
76.3796,1.2793
58.009,19.317
43.6006,-1.67942
47.0453,0.967352
30.5892,1.56898
90.8459,-2.90926
41.9358,2.0243
73.8942,10.2332
93.3477,-6.05477
39.2544,12.149
60.7295,-0.529899
85.3341,14.4273
58.0482,-1.42742
63.3728,12.6999
91.9718,6.10639
61.7776,3.31128
60.135,1.39872
81.0043,3.04197
40.9515,-1.69237
46.1029,4.42412
40.2295,-10.3357
59.354,6.27592
98.9546,-6.91427
85.3123,-4.67893
81.1737,-3.12859
78.481,1.27857
79.6323,1.44429
41.7287,-2.06517
45.2534,-3.02644
37.8503,-3.1667
56.4797,0.0936105
45.3705,3.93911
73.4736,-12.0122
54.1744,-4.19435
53.8573,-4.30958
75.3511,4.34376
60.4636,-7.09757
37.548,-6.04325
60.691,0.840639
66.6983,14.9035
60.6948,-8.39383
90.9988,5.91982
65.3659,5.1614
41.4431,-4.0571
106.059,-1.48016
76.3666,2.68985
62.629,-23.7759
85.6597,-6.24135
71.7718,0.957986
52.0277,-2.81039
51.0549,0.474267
53.0281,9.72686
99.9958,-17.4476
36.5374,3.65245
66.042,-2.91267
60.2028,5.40744
46.871,4.6324
68.0419,-5.30753
71.3877,-4.54505
65.4495,2.49015
92.0801,4.85407
51.6799,4.30798
78.9589,3.88494
37.4652,-0.0498911
50.6298,1.77735
58.0543,-3.42932
31.3065,-7.85819
95.8289,4.10173
77.1681,1.36691
64.7643,-16.3118
60.2164,2.03626
66.6278,2.37755
58.2426,-3.22233
41.2574,-2.38528
104.268,-1.4566
47.0591,20.3655
51.7144,-6.24597
82.2835,-6.0152
57.6993,1.5622
40.5023,-2.30116
37.7216,6.00799
100.591,-5.36554
39.3519,0.814183
79.1619,-0.871713
49.8313,3.65759
68.509,1.5007
47.0377,-3.9912
56.7405,-0.029434
71.9252,-3.80795
56.3824,5.67899
46.9828,-6.98264
68.2657,-5.6361
57.8185,-10.1231
45.464,3.52358
50.3492,-1.27654
69.3051,4.18192
44.3248,4.04437
52.7676,9.33684
42.1992,-0.664725
104.137,-2.3154
38.5291,8.61256
113.641,-3.99737
75.947,-9.63291
41.7192,-4.43288
148.198,8.06047
83.0715,-7.43455
68.9759,-0.952074
62.116,-11.889
78.5507,1.37766
36.2611,1.31931
74.2093,-9.91508
86.0882,-0.756955
31.1344,3.45336
60.7655,0.770938
34.7354,10.9486
77.4806,-4.51104
51.964,1.56207
90.016,5.72388
56.8148,4.41506
61.0459,5.96941
84.3231,-2.67733
57.047,0.516692
34.2339,-3.45107
59.1755,-8.0805
63.9362,-0.661532
54.8353,13.1144
78.1199,-12.5139
47.4693,-1.67139
44.5884,5.64455
59.19,4.18589
67.5768,-9.80865
54.0205,0.554412
60.8885,-0.357265
82.5257,-5.90683
47.5825,2.91289
72.4593,-4.35429
74.1933,-14.6321
84.7889,-7.69078
81.0211,1.37278
72.3363,7.7559
183.241,9.6522
43.2744,-7.62229
82.5903,-2.12684
42.7935,10.1987
113.492,2.28217
80.8996,-5.24737
43.2484,-0.922597
46.4681,10.9497
48.3212,10.5498
64.5946,-3.98969
78.0773,-0.192788
74.5856,-13.3216
50.6193,-2.55921
47.9591,14.5833
62.4443,-8.99554
53.7497,7.6509
50.8652,4.53927
37.5575,5.44046
48.143,5.06058
35.9735,7.69768
45.6613,10.3009
52.4238,-3.38482
50.8429,-6.60491
80.1049,4.61009
58.1047,-4.482
56.6171,7.9111
42.3609,-9.48034
38.3483,-2.16491
58.7669,5.20671
73.6067,-5.32812
60.8968,-5.01582
71.069,2.845
60.9922,1.7925
52.3185,4.01822
75.5132,1.0759
64.3493,-3.41719
120.633,6.97672
64.6457,-4.33578
106.122,-6.50669
48.9635,-9.90705
35.4654,21.7246
57.0949,4.71471
63.8761,-3.07184
60.1296,-3.87454
63.1625,-4.53223
58.1914,6.95929
96.2723,-9.79928
39.3149,-13.0985
51.3376,6.62744
58.7354,1.40813
60.0476,-13.3042
53.8696,3.88848
49.2315,10.5932
45.3011,-0.278199
57.1582,-25.9394
47.5294,-5.13188
45.4364,-15.947
49.5456,1.86125
80.2367,1.70251
54.3443,1.40739
95.7241,-4.45981
71.3926,4.89658
43.867,-2.4066
118.075,13.5944
73.206,-1.76785
61.1353,-15.7749
48.4305,-7.60977
126.436,-0.351223
63.6847,-4.14195
46.921,1.10585
67.8396,-0.678924
95.1096,3.34633
91.4546,-0.120067
43.8226,-15.2225
36.6742,-8.5637
52.0235,5.68616
86.7708,3.22626
70.5929,4.89217
118.079,-0.686736
35.2984,-4.60927
67.2805,-6.81238
69.1322,-5.1046
42.1422,3.308
58.0544,-3.19739
47.2961,-2.10095
50.5471,6.85243
40.1278,-23.0587
65.6907,6.19206
73.8822,-6.0439
38.764,4.85916
57.8754,3.44128
78.8834,-7.92642
68.3165,0.155543
50.8051,-2.58501
57.9567,-3.8534
72.0554,3.97018
152.354,0.854795
78.5442,-6.04895
84.158,7.03559
83.5985,-0.656698
72.456,-1.98775
42.5404,-14.6227
97.2134,-8.18753
65.2963,2.94172
45.6825,8.56357
57.4832,4.84466
46.9205,14.0063
43.7974,0.449279
53.074,-1.1503
49.5798,9.15808
45.0676,-12.1006
68.2593,-1.83238
106.198,16.2872
44.7478,2.72377
69.9025,0.304784
38.552,8.66996
65.0504,1.60929
50.4313,7.77882
57.293,-3.4749
47.6574,3.02467
79.309,-3.36238
36.5636,7.78499
51.8393,3.91136
55.8253,-0.952333
57.1828,-2.8784
62.4999,-1.55897
64.9114,-7.3128
28.464,5.26269
61.2008,1.79746
63.8292,-7.54961
62.6895,1.83846
50.625,9.05976
82.8209,-0.939903
57.731,-1.94614
78.8277,8.34679
78.9094,-5.11125
82.1876,14.255
93.6107,-1.44658
72.4778,-8.22033
69.2182,-0.478367
55.2393,1.05164
61.1358,-6.40349
70.6163,-11.5381
62.4643,-16.6676
79.4758,-2.05352
75.7827,20.9191
85.1265,0.666969
56.9944,0.116614
70.9308,0.495113
61.3515,10.7404
44.0339,-14.2217
53.4346,-5.5632
35.8193,9.33844
61.4733,-1.07581
65.3147,-2.62744
59.8607,-11.0021
60.6609,4.28468
45.5646,-3.12782
56.1179,6.97543
48.9629,-9.09166
53.3496,-8.97975
64.6581,11.9334
69.1342,-12.1115
147.494,0.0851515
61.7171,-15.5883
72.1338,-4.07583
54.2138,3.55599
61.7972,-11.5987
96.6417,0.364775
42.8387,8.08598
44.7056,-5.18785
173.135,2.16249
39.9513,5.60847
70.3373,12.4364
60.5542,-11.4308
56.8822,-11.3394
57.5385,5.22126
57.7833,-4.37203
73.0207,6.33919
93.2739,3.66475
125.525,0.358214
51.0075,-4.44406
52.9215,-5.01889
57.3636,7.11492
69.1411,-3.98391
76.4964,-2.8075
147.085,1.75568
71.3578,12.0907
65.2295,7.59902
48.7665,-12.5816
54.6895,10.9075
51.3019,-4.81962
89.4147,-1.39125
42.5625,8.58701
41.026,-4.27298
41.9402,0.311129
59.5422,6.88117
81.0075,-0.734771
62.3164,-0.177856
94.8497,3.14586
152.759,2.70219
90.4327,-5.94817
52.6823,-15.6364
58.2692,4.86093
51.2245,6.64156
58.8313,-6.51955
59.205,1.69095
74.8166,-7.85051
69.8405,3.36998
74.4271,15.246
95.0121,0.217259
57.7861,4.28912
36.0506,18.0947
50.0474,-2.8103
87.0189,9.2693
81.5754,-10.3647
88.5016,13.6008
75.2339,-27.529
46.6559,-2.80037
65.524,-3.34615
71.6899,0.858161
53.54,-10.6224
40.9924,5.08751
67.2425,-3.97575
60.4424,-5.27063
54.2798,-1.77264
36.9735,-10.0333
40.0353,-2.0871
33.4805,-0.796531
97.5811,-7.50714
47.6447,-14.6303
53.7311,-2.41557
66.9265,-8.53768
59.5522,-12.557
92.1783,-2.48925
46.68,-5.40524
25.7136,13.4752
87.267,-4.11524
91.7074,-3.01306
65.5693,3.28194
46.0554,-12.899
48.1235,10.6689
54.9331,3.18612
51.5626,9.84352
66.7991,-12.5833
56.9737,10.4982
64.9109,5.64766
65.0499,-2.86446
39.4171,-3.07685
99.947,-9.12087
43.6659,2.27095
46.0241,3.63514
62.2324,0.279407
46.3432,7.35095
55.3059,-1.87709
49.4049,-10.7899
40.4208,10.7694
70.2199,4.53711
58.3302,3.70912
64.0547,-5.9893
75.3018,24.5896
43.0319,-14.8215
86.5042,-0.852637
122.714,-1.57312
43.4839,-3.79893
83.6823,0.562958
45.3571,-6.11092
51.2009,2.25964
53.4342,-0.273149
54.5911,-5.62634
78.7379,-1.94614
83.3236,3.19156
122.302,-12.2589
62.5444,18.6794
45.297,-5.84092
72.8219,-14.5829
81.118,-1.15509
36.0279,0.636241
59.81,-6.92934
62.2839,-2.94293
67.301,-0.312985
58.2332,7.468
50.2748,0.816384
86.1088,0.467276
109.064,2.02741
64.9415,15.2531
52.2947,1.40131
58.5838,6.28908
84.3741,9.39881
74.0233,-3.64934
65.156,0.000431584
72.9532,1.40308
59.7939,1.17615
43.2821,3.26644
109.472,-8.94587
125.901,-2.67401
55.9834,-7.08255
101.813,4.28502
53.505,-0.0159686
47.0764,2.8431
46.6124,-9.46351
46.2795,-6.01645
70.6836,17.5245
49.1163,-13.6891
82.6385,9.02774
81.3488,-3.95667
116.497,11.7697
54.0173,2.77357
56.2943,5.67779
61.7954,-1.30429
64.5998,-6.68674
39.5894,-5.99133
42.7154,-8.92921
59.5843,-3.97368
72.5429,6.28843
86.0778,-10.9473
78.4181,3.05548
51.9674,-2.31609
52.9227,-0.385447
78.223,13.8555
59.6942,-19.963
62.0341,-15.5309
82.374,19.629
76.7554,0.0605944
77.0513,-0.625235
81.0182,-9.03136
99.229,-3.17684
57.0577,-16.5327
43.328,-5.98041
68.1191,-7.96518
69.9437,9.8301
34.848,10.1209
51.4887,-9.44966
90.3194,-4.70992
74.4202,-9.38146
57.1386,-0.137589
55.4769,-16.9985
45.208,3.39864
42.4253,-12.763
45.9727,1.60303
31.6438,-23.2043
75.8042,-2.99364
54.0574,-2.5734
62.7696,2.54371
63.166,-7.47136
64.3141,-8.62408
60.5057,3.67977
81.0479,-7.20779
49.0644,-6.01088
112.002,11.264
76.6196,-3.06183
61.6396,-11.0897
54.3338,17.2887
90.6349,12.4031
50.5497,0.675644
64.9689,-0.859499
50.1821,-3.96867
50.8459,-3.15427
64.8773,-6.32046
52.3996,-3.5752
57.1855,4.05982
110.798,6.82299
54.6042,3.88904
65.7178,15.9003
58.0092,-0.648714
52.5496,-6.26409
33.0767,-5.87057
75.4475,-2.46512
125.609,-4.67453
145.223,-16.1066
96.0939,-5.07366
79.6471,1.05332
53.6898,3.41232
106.299,6.82053
64.433,-2.62964
72.3006,-0.389591
48.2982,-0.671717
45.9417,-0.32645
67.424,-0.312682
43.0469,14.306
79.9548,4.05904
48.8961,2.21523
37.0751,3.96556
30.5026,-4.5539
47.6673,-4.36603
86.7869,2.83874
69.8998,20.066
113.322,18.3658
35.2618,-13.2001
87.5345,-12.453
75.0415,-2.34566
88.2184,14.8741
74.4712,-6.83857
91.3987,22.4055
49.3053,-5.29355
29.703,-17.9149
94.1303,-2.64121
61.0878,2.47984
51.0792,-6.44549
41.961,15.8565
77.6782,10.3045
94.1771,25.3746
79.6297,0.996527
61.0048,-2.50724
39.2456,3.5474
49.4228,-4.69615
84.9954,-2.66978
125.039,10.7924
64.4251,15.1409
64.0861,-7.01349
83.8827,6.08749
98.6355,2.16392
55.4535,-2.42313
70.072,-0.164174
48.6898,0.174791
96.0597,5.97057
47.0671,6.65925
51.5029,7.48094
39.5311,-14.3726
41.9758,3.86017
84.1998,-3.44391
36.7381,-2.49248
122.402,-8.62615
83.1667,3.54499
57.3888,5.99327
51.2847,8.711
42.1504,-12.7391
39.054,3.54317
48.5958,-11.4247
43.1618,14.8814
74.188,8.1836
99.3836,-1.68171
80.8943,-1.6871
91.6632,18.1544
87.6999,17.7068
92.6584,-15.1785
43.9551,5.37822
111.361,-7.41107
51.5755,2.85238
56.6177,-20.7466
61.094,-3.41655
71.0892,-2.75117
54.1772,-5.58435
61.5116,-0.518116
67.6223,3.31163
75.6589,3.64939
69.7914,-26.9128
79.2162,-0.358214
63.7997,-8.65153
64.2299,0.548975
69.0286,-1.70842
73.2897,9.9638
45.6859,11.6377
63.7653,-12.4514
58.7159,-2.93805
93.0376,-3.94679
35.2766,-5.96867
71.5778,11.5425
78.1169,-5.51361
106.148,3.72301
65.0538,2.63724
56.9545,-4.1637
61.6997,-10.7018
51.0521,17.6555
53.884,5.32117
44.1994,-7.77269
54.3617,-1.91377
47.836,12.3618
53.5807,8.55852
77.1848,7.08229
77.2057,3.65974
96.773,3.14728
85.4555,-1.79181
63.5869,-4.7614
89.4975,10.5695
63.1881,3.21085
53.0679,2.32339
88.5665,-6.67923
57.1047,3.89245
91.7974,2.24234
61.9212,-5.05255
61.9075,-5.94265
65.0453,-14.7876
53.9269,-10.0498
62.5895,9.20068
91.4867,-17.1952
51.2282,-4.33055
42.2666,-1.27749
74.1377,-0.30418
52.9675,-4.94509
118.275,-13.6082
77.7283,11.1826
40.5427,-4.07773
75.162,4.18783
104.395,-2.74876
78.8316,6.56504
39.6107,-6.40203
46.3153,-5.82159
60.8898,-11.5008
39.6973,5.61171
61.9787,-18.1046
52.0784,0.583674
64.8801,4.10333
77.6349,0.894846
42.952,-4.19521
47.9597,-4.20565
45.7829,11.3457
54.6546,-2.27475
76.6267,-13.6787
69.699,-9.36826
38.1116,1.24434
71.1216,11.3257
60.2566,-4.86235
44.6502,-1.32367
41.3511,-2.21312
88.9319,-6.5227
51.5116,10.6321
50.011,-4.318
39.814,-18.882
73.1768,-10.8025
114.889,-15.4655
46.3644,3.52746
59.2818,-5.46873
81.4899,6.8428
64.3605,-1.21944
66.1467,13.5939
35.4224,9.55371
88.8531,-5.13857
52.3532,5.57835
50.3133,12.8582
52.2037,-4.73214
47.0078,12.2092
33.568,0.0385836
65.9701,8.80012
132.057,-8.76257
43.0384,-0.431929
39.5698,5.22281
44.0978,8.46353
51.1751,-2.51549
61.3449,5.20771
126.372,-2.09646
54.9881,-3.572
37.6726,3.35293
49.962,1.72961
65.8831,-6.47993
79.5295,-1.49617
39.1665,-13.7141
60.4735,-0.222697
57.9178,3.32078
92.6697,6.9513
88.9426,7.1888
87.8393,1.05268
201.346,-7.41668
60.0301,2.89489
80.723,-5.01423
38.3318,-15.6512
101.184,-3.25332
53.8068,4.35097
68.2683,4.65774
39.4292,-2.70322
44.6563,-9.15929
50.1084,-1.79388
52.7522,-2.3142
83.4657,-3.15445
75.68,-7.01526
88.2874,-12.8956
45.066,12.275
70.3863,1.35172
32.8632,-7.30658
55.2457,3.6736
62.4359,-7.40857
66.0929,3.45125
61.8706,-2.18692
92.2953,-5.6676
77.3853,-9.66113
45.0101,0.00586954
29.9241,-11.2573
45.1953,3.44719
55.9541,-9.01954
81.0918,0.332233
64.5548,7.04383
90.6324,-2.21437
36.0031,4.89381
122.444,4.88531
114.126,2.63499
59.9161,-5.97467
68.2189,1.11478
93.2042,-10.6028
57.4652,-6.92679
71.0099,-5.99919
88.0745,-2.81242
34.5268,4.41635
46.0668,2.03751
55.4468,-30.3262
65.3478,19.3542
82.1704,5.50917
65.4993,-2.0691
67.2334,-2.68307
72.7408,-0.499688
49.6958,-1.04409
92.3644,10.7183
61.0749,6.517
55.8114,1.45612
49.6836,6.57388
55.3131,-18.817
58.9287,8.67997
74.9957,2.02318
56.4157,14.829
38.0344,6.8091
70.248,10.4504
62.851,-2.08006
45.941,1.97462
117.722,9.29951
38.2784,12.6273
40.4904,8.54808
53.0783,-0.561361
72.297,-5.07944
47.8008,-5.02894
67.9627,-1.6152
67.1971,4.35667
42.3137,-4.33021
63.6617,13.4828
68.5339,-11.6465
77.7281,5.61344
20.6732,11.244
34.5693,1.13127
64.7809,-5.57442
90.1248,-3.62297
102.082,1.43105
57.2008,6.04735
58.3796,-6.00363
56.788,1.8559
37.2472,-12.7513
46.5927,-0.955311
104.691,10.485
48.7863,-15.2905
75.9464,2.48355
70.9949,4.6192
43.503,-1.35383
80.646,4.76607
60.1821,-1.60674
52.5367,10.7696
38.9923,-1.19808
49.1708,1.02
31.1479,5.81585
61.6212,1.02592
37.3048,4.1092
88.0465,-9.1453
44.9446,14.1389
84.7256,15.8898
52.9007,-1.51594
74.0783,-3.80165
68.1618,-3.7641
54.4118,-8.29495
118.052,3.3872
43.6687,-8.20039
72.4686,6.52593
82.1698,0.423599
86.4988,-7.14111
81.3821,5.35518
48.2054,-3.30507
47.1921,-7.70722
51.9325,-18.6842
76.1434,18.1631
39.0591,-6.06971
40.5727,-1.79077
38.8199,-0.231545
78.3903,6.50444
71.4176,0.62174
133.357,-12.9949
53.7427,0.949786
35.9955,0.708574
50.513,-8.62572
67.5263,-13.8055
78.8511,18.3717
67.0897,-25.3701
150.058,25.1457
126.078,2.11338
63.8472,-5.58115
39.4428,-5.64309
81.2728,9.30805
73.047,1.62931
35.7854,0.254591
44.5835,-2.86472
36.968,-6.55653
63.8384,-9.7727
54.8339,0.91595
53.1881,-4.83322
51.9256,5.83993
40.8496,1.04465
98.2702,4.29542
45.1269,9.84205
57.6471,5.51599
33.7869,-13.3517
32.5216,2.61169
34.1592,11.1151
53.6464,2.91233
79.972,2.92597
70.3572,7.45535
98.6896,4.9538
45.7823,-11.5825
71.0131,6.37048
79.1728,6.21049
36.458,1.03174
30.3218,-7.0964
59.8775,-0.363739
53.4287,6.41226
63.7031,1.43618
57.7579,-0.961094
93.0596,2.8415
75.1992,-0.670983
62.4093,-4.09025
35.1887,0.480568
54.0394,4.69472
89.5766,7.19338
89.5985,-1.32047
66.4355,17.7282
60.4271,-10.9477
46.0242,15.5123
48.965,0.926092
90.3792,-6.18365
40.6364,-0.53374
63.7788,-8.64454
56.2018,15.4166
58.1129,-1.6537
104.986,6.69956
66.7823,0.236378
127.354,9.89867
48.5048,3.65659
67.5628,-3.63726
75.1296,-11.3983
50.5968,-2.57172
78.2583,0.288125
51.2458,1.31542
95.28,10.5838
88.5748,1.03382
92.9771,-8.99045
64.731,-2.12175
59.2703,0.131763
53.7603,-13.713
62.7734,-5.35207
66.6871,2.50392
116.463,2.89787
150.374,-0.536718
46.4678,-10.0938
34.5101,-4.6526
71.9118,11.2803
52.0029,-4.10173
42.7859,-7.65802
62.7338,-2.03302
56.6235,5.03831
73.3848,7.7774
53.9327,-6.6227
57.9874,5.53692
88.3219,2.99014
125.416,-6.80094
91.4318,-6.26189
59.733,-1.27602
57.3895,-12.4994
87.2919,4.76723
74.5257,-1.51598
46.8667,-2.20207
54.541,0.154982
207.567,-7.61987
67.798,-3.85305
41.2217,5.51603
54.1417,-10.3589
65.7945,-7.2585
49.8122,-7.95672
63.3785,0.18174
58.5123,-3.87407
54.0872,1.97937
66.7711,2.99433
71.3453,-0.991348
53.3496,8.73189
70.8004,-2.35999
49.8207,-12.0424
107.724,-19.7647
34.1708,6.38942
37.2593,4.79641
54.4312,-16.9102
64.3514,5.52315
87.6001,-1.17071
48.6923,6.59866
67.6785,-2.22378
88.9071,-11.7137
101.414,-10.2601
114.675,-6.72701
118.743,6.37682
55.2981,-3.30395
43.934,-7.36342
67.8118,0.401502
64.358,-3.67148
69.7747,32.7864
52.0224,0.913015
62.978,3.6048
71.2467,1.66962
57.5267,1.68663
64.713,-2.01178
55.8226,7.96117
44.8067,-5.72362
56.7551,2.86576
59.131,7.39583
50.8867,-0.766493
62.9309,-0.0797998
62.0048,-7.37395
54.7011,0.233659
67.5832,6.95182
39.8015,5.90471
83.6751,-12.8072
48.472,-6.12987
63.6042,8.7873
66.2385,1.75434
31.6359,6.28079
46.2563,2.55921
104.908,-2.62783
71.7463,-5.02536
76.0911,2.92148
44.1523,2.56715
58.8857,0.842149
95.5033,-1.31952
64.7962,-18.8388
50.3117,18.1641
95.2646,9.95914
60.7311,-1.85538
112.568,6.8214
68.5859,-8.2363
40.7259,9.7689
60.2233,0.45217
111.578,-1.15207
73.9296,4.2407
79.8687,-11.4359
61.8372,-5.33843
47.2212,-1.26092
55.4258,12.7461
81.9263,2.95656
73.2068,2.96433
67.4675,0.320796
55.9826,2.50431
73.6958,22.8616
54.4887,-0.797696
82.788,-2.39024
21.1665,-9.39109
42.8772,3.65741
49.3953,-1.88123
72.8909,1.39902
39.0308,-3.43351
45.1513,3.66294
68.582,13.9499
72.3388,8.70591
72.8012,3.31456
60.6732,-10.5128
40.112,4.67319
50.1671,2.76602
58.2711,9.96311
41.7117,4.34864
51.0474,5.18638
32.4795,-13.5758
77.674,10.5213
63.0211,5.62764
60.0994,-2.79002
86.9232,5.62591
47.8199,4.71294
176.579,3.57105
74.3532,-1.34279
39.0748,2.28916
53.864,-6.02694
56.3896,1.63721
64.9875,7.47758
50.0075,-7.38181
60.5635,-8.66935
61.23,11.5257
101.193,6.01041
57.8373,3.47839
47.9223,-6.76684
36.7003,-0.612763
69.6903,2.55804
30.2349,13.2136
117.717,7.72509
42.3919,8.66206
75.4236,3.40463
28.8459,2.1426
80.1362,-14.7305
66.1283,-4.69697
65.5025,-3.32622
84.5518,7.59984
52.5745,2.65963
129.954,7.58176
111.358,-24.5257
44.1591,-14.8028
61.3683,4.99614
80.7817,14.5153
46.1823,11.7146
46.6864,5.54412
42.9305,-0.526101
59.1015,-4.63374
54.4074,7.46295
39.6919,10.0114
67.2423,6.03566
71.0398,3.14901
56.2121,-13.8673
122.227,-1.92163
61.0425,3.00771
53.7558,-11.2522
67.346,11.1937
36.1625,-6.15555
69.4391,-8.07636
58.4594,4.06509
59.4759,1.64071
30.147,-4.21731
40.9837,-4.42973
66.6057,4.69554
62.1168,21.1495
81.4679,0.769945
51.6245,-13.912
48.5077,0.489804
49.2255,1.11491
109.214,-4.94759
68.2407,-6.8728
75.3462,5.57149
56.2779,2.04847
53.8482,5.57093
83.0201,3.81088
49.7147,11.9307
49.8784,-4.77871
117.431,-4.78186
76.9649,0.775599
44.778,3.10848
135.339,4.42166
51.8528,8.03717
53.3043,3.53622
76.8833,12.8054
73.4601,7.53619
49.9689,-3.76738
45.1482,11.7853
69.1781,-5.24068
83.8185,-14.5737
75.8254,-2.57435
68.6796,5.07866
64.9052,13.979
62.322,-9.16127
73.8347,-5.46135
64.6857,0.38575
125.355,7.00646
55.7788,-7.07405
47.7771,1.05164
47.5872,1.96375
72.6556,4.35628
101.385,-6.18149
65.9492,-2.87133
77.1997,-1.09864
62.6006,2.71488
57.8416,-3.23571
69.5533,6.77405
58.446,-7.861
85.8558,-19.2073
46.7099,-27.6602
65.2552,13.7507
56.7584,-1.66604
89.0295,10.1334
55.0225,3.00827
93.2701,-7.90286
53.0662,-10.3976
42.9804,2.51682
80.1454,-3.62953
68.7251,6.06384
57.1936,-1.06079
52.1041,-6.95027
112.85,-4.66512
59.7875,16.7089
61.2058,-1.61188
39.6249,-166.698
67.4022,-6.49253
39.4264,-11.2786
80.276,4.56672
65.9528,6.8135
46.4405,9.27085
54.711,-12.2488
55.7537,-3.42932
88.7907,-0.857643
63.7505,0.88725
49.3492,-0.13474
57.1148,2.72813
72.7132,-12.2636
70.9367,-5.0693
66.5432,-5.09441
53.7889,8.63759
112.93,-7.31452
63.0256,3.83984
65.2615,2.35373
48.4057,-10.6735
49.3677,-7.87265
41.9964,-12.2278
126.372,0.643017
64.7007,-3.50394
44.7248,1.16722
66.8435,-17.143
73.0293,5.87653
65.7919,31.5651
48.9118,7.3916
64.252,-4.6974
53.7533,-1.40476
61.3545,-2.22002
127.571,-2.51307
103.962,-9.27694
84.364,5.64822
63.9571,-2.9283
66.567,1.78671
22.99,-22.2204
71.8007,-1.83777
71.1588,-1.50364
57.6199,-0.805551
45.4603,2.54345
87.6681,7.58798
56.2065,5.13714
99.4026,2.53409
33.9454,0.348029
61.5145,4.26879
78.519,4.33936
63.0718,-10.4003
53.2497,-3.04331
136.47,1.39704
83.3658,0.413544
80.1528,-1.6849
72.3393,4.52326
54.6377,8.19452
35.8918,9.39683
120.996,18.9974
51.6802,0.4728
36.0563,-4.38234
30.0757,10.9526
61.4898,-1.73285
50.564,-5.8209
66.9356,9.84123
61.8339,1.00922
52.4373,0.993635
65.8088,5.41417
57.6002,4.99532
70.3772,-0.872144
58.6118,1.10175
66.5104,6.40073
48.6383,-4.0221
81.6769,5.56544
67.2743,-8.71704
34.2567,16.1622
40.1043,0.765802
56.7306,-5.01379
42.7999,4.57073
84.0917,5.29169
38.9544,-2.56693
52.972,0.0412162
66.5217,0.196198
58.3927,-0.617078
39.4706,-5.33157
43.8758,12.4688
58.9898,0.063227
72.552,-2.04545
55.7118,-2.60422
76.108,10.6
44.5151,5.22203
71.2742,9.01453
51.3546,-0.134438
56.9976,6.04019
68.0659,-9.69618
61.6995,-0.166678
42.9148,-6.90297
49.1907,-7.01859
98.6626,1.41434
72.0484,1.2219
49.374,2.6053
48.0209,-19.1739
54.5888,-4.98859
51.8389,-7.93816
40.0864,-2.51877
62.0162,-20.7563
68.9695,-4.82062
65.971,2.10622
69.788,0.665286
48.6011,-2.42373
65.37,-3.68952
47.0467,-12.1792
58.9866,-6.30052
82.5313,-5.95827
99.4351,-1.23057
88.1801,12.8467
73.887,-5.48996
58.5673,-4.85161
49.467,-4.58786
72.9904,-2.81509
120.279,-11.8306
42.8893,-7.9518
41.5488,1.40329
52.7853,-2.0325
71.8733,-2.21092
64.029,-17.4567
58.5249,4.58536
42.9744,5.44693
99.7807,-4.34458
84.4725,-2.31946
32.5381,-4.77742
52.9977,5.89893
72.9012,-3.35202
46.7015,1.7606
66.2973,3.70213
47.4629,6.75334
68.8933,7.12329
87.6418,21.0028
44.7472,-9.19265
75.0341,0
55.0416,6.73668
65.3755,2.5154
51.9093,-3.33295
76.3729,5.20235
45.5945,-2.65566
53.7327,-7.25704
84.4347,2.45014
42.8515,-1.09519
70.5704,-1.15086
80.7114,-0.551305
59.8819,-8.95536
71.8847,-3.17404
90.6497,-8.05823
76.7904,10.9943
22.9291,-14.8215
70.0426,4.71712
33.9448,-2.10699
44.7879,-1.22151
61.779,-2.23837
90.1025,3.74822
74.6921,-2.99493
55.0632,4.28947
67.9495,2.76391
56.8151,-12.999
44.3098,1.21711
47.3811,-10.2513
54.2466,23.9174
42.2368,-0.233357
69.0509,7.22687
52.4208,-16.2203
97.0958,-0.222352
43.2193,-6.5769
54.1805,10.2024
48.6308,-2.22758
66.9908,-2.69321
86.4895,18.8039
70.1345,19.4063
47.965,-9.20896
45.6186,-13.483
43.6934,-2.07786
24.8582,5.78158
79.7552,-2.3265
46.0498,6.02055
104.441,1.3591
40.6021,-5.04681
57.8078,-3.17085
100.713,0.952678
45.4807,-13.2033
88.4199,-0.492135
48.7672,-0.939687
102.074,17.5052
67.9649,6.7223
71.8375,-0.665718
61.3913,-2.66555
67.7606,-6.1858
83.2395,1.09804
51.0527,-9.86246
53.2066,-2.07937
55.2776,-4.38886
40.7081,-0.620013
158.002,-2.14191
62.2962,13.4444
86.8935,1.48383
50.6668,6.85079
55.0724,-5.32458
124.855,7.51206
109.925,-14.3446
44.6033,3.30515
50.6185,-0.653763
103.581,7.80312
95.7458,-9.55375
74.1086,12.9366
72.0084,2.91621
53.5777,-6.70832
71.512,-5.17598
96.4534,-3.66967
60.0054,-9.28186
109.104,-5.59333
97.6759,-4.06789
70.6419,-8.01675
66.3061,6.81725
35.2393,-0.797308
49.1835,1.49686
38.6027,-0.199003
101.708,7.13119
60.1418,-9.42156
88.6406,3.17154
39.5466,-6.88247
75.7795,-8.33923
93.7523,1.88373
59.4938,-2.99959
52.8295,-1.1724
90.3783,9.91145
78.2785,-18.3301
45.5799,8.03138
36.5811,-16.4158
78.982,-4.30992
59.7789,-3.74287
137.879,4.80534
56.1478,5.63122
77.7053,-3.96638
63.0984,-8.18762
42.5072,-1.09415
80.0573,0.570769
69.8156,4.6233
79.9825,-11.7008
101.628,-0.836409
51.9617,9.03413
79.755,-11.3287
50.0829,3.88102
61.3785,6.14489
41.0569,-4.51083
134.879,-7.07029
76.3281,1.62668
48.0173,1.56022
91.46,4.17493
48.305,2.38433
84.498,6.22426
37.8342,9.61707
56.5573,2.90033
45.1294,2.45364
49.3465,-4.92821
58.3101,4.27613
43.9413,-6.14187
84.5413,-18.3738
81.6988,-9.56666
57.8861,-0.498091
72.9615,17.1735
73.3686,10.1795
60.771,4.81829
128.262,-0.428908
88.7932,8.92865
76.9377,15.2954
68.1888,-9.78569
46.4334,10.8318
33.2981,-2.9743
65.0013,-5.53165
26.1825,2.20807
113.391,1.62336
62.0214,5.96431
59.1157,-17.187
41.3296,-2.43012
48.6782,-0.552125
59.1562,-3.7846
72.4438,5.01198
66.3929,-3.60601
35.8152,4.03617
40.9419,-6.95756
125.749,-15.7308
69.6862,1.67368
79.0835,-4.45446
59.2899,13.703
54.1983,0.470944
31.6044,-5.59717
43.3272,-7.09869
79.9652,-4.32149
88.1291,-7.42281
34.2814,-3.78965
59.5054,10.1736
116.538,-2.89649
52.9079,-1.23325
64.3748,-7.04582
95.9058,-1.38025
47.1079,0.895234
43.4053,17.8049
77.7466,-5.18168
61.3607,8.47816
54.1979,-0.265036
59.7341,0.2886
65.8631,-0.893206
41.1274,-2.10457
72.7127,-3.04219
85.2797,-11.8973
63.0269,-10.0154
86.7891,0.711941
64.8719,-6.79986
46.5175,-7.10106
92.3989,-6.58886
58.1582,3.41784
51.2118,-4.40017
49.7804,1.77566
83.7788,3.44594
66.8771,2.41316
72.0933,0.778361
76.8594,16.2292
94.553,2.63961
70.7972,-2.35127
107.617,8.44117
58.0908,-2.90831
60.3704,-5.53437
82.7854,7.22009
60.5631,8.38994
64.2992,4.48247
75.3293,-3.02532
51.9583,12.7184
56.1676,-11.2718
62.0733,5.24797
53.6483,0.636154
64.6544,-2.38778
55.8169,0.922424
54.1791,0.822599
51.5423,0.600851
39.5915,-0.602577
74.8879,-5.12406
124.917,15.4453
36.677,-20.7496
53.1448,5.41517
53.3111,9.13861
58.8352,-4.8671
59.8432,0.237112
43.4527,-1.80531
98.7746,6.22452
84.9879,-5.625
97.2496,10.225
37.5545,-2.10846
46.0091,11.9899
45.467,17.2696
64.9394,1.54106
55.8788,6.8091
39.2338,1.02454
44.5135,-3.51469
48.4269,-2.63249
65.9644,3.4853
109.132,-0.261238
83.242,-2.17967
52.7023,7.07853
28.5156,5.56428
57.5868,-4.87659
63.5298,-3.43942
68.3231,-3.29583
68.3701,2.40306
54.0657,-11.3916
81.7719,28.1762
93.8001,-1.74973
86.5882,10.0813
42.3442,-4.01809
42.261,2.12378
48.8692,4.78229
48.6778,14.3663
52.7785,-4.50612
70.0727,13.0041
42.8937,11.8535
53.9841,0.765371
50.008,0.547809
84.1369,6.92593
59.923,-2.68341
96.5318,-18.6024
72.0184,14.2388
67.3291,-1.02549
51.115,-0.38247
69.4495,6.47091
64.3592,-11.8537
58.8619,4.1467
52.476,-1.85879
54.5407,3.66712
53.6231,8.09332
51.127,-1.22932
40.2801,7.04478
48.4992,-12.2767
62.3125,3.34572
97.7411,9.38008
47.6755,3.50493
60.6455,3.87847
86.6162,3.64917
98.3019,4.49969
76.1182,4.00518
49.3363,-2.83141
47.1721,-2.00384
51.528,3.43549
76.3735,-2.69973
123.416,1.45612
81.0614,2.11441
56.0751,15.4775
61.0843,-1.80203
98.881,-3.75612
75.3694,2.51984
65.199,1.52889
59.6576,9.92345
51.6941,0.212943
104.283,6.05974
45.7208,4.58635
34.128,-8.20704
58.8955,9.53783
70.3733,-4.81104
49.6691,9.27832
62.4296,0.294297
71.9054,-6.27652
87.8621,5.34823
58.9595,-0.835935
58.7886,-4.90659
41.8379,-2.85242
50.3181,-2.66257
79.2956,9.83752
64.7891,-1.97769
80.6436,9.1535
70.866,10.8531
81.7212,-6.81989
68.6822,0.673573
55.6632,-2.44799
61.9448,-1.61598
52.828,1.60036
78.612,3.80963
65.28,-3.89897
120.901,7.57227
59.318,0.0491574
50.1312,-14.0685
54.2683,0.364257
59.5151,7.87735
55.8686,6.37548
79.3468,0.412465
50.4672,-8.80189
74.9555,-22.2061
71.3936,-10.3464
120.14,-15.3029
60.3736,-0.803695
74.0164,7.87161
35.6817,-6.15805
58.9233,-0.0290887
48.4241,-11.7363
50.7191,2.28619
65.8836,-1.40381
25.2904,-2.98729
63.3095,-13.3755
97.5883,-4.13884
54.2319,3.12372
80.8913,4.48696
53.0598,2.56805
68.434,-19.6793
32.3254,8.56802
60.5844,-8.7848
60.5693,-20.211
61.5182,4.32447
105.135,-1.10624
37.814,-1.39907
37.9181,-2.42705
73.9512,1.31387
74.3857,4.31394
76.0492,2.10345
67.8355,1.32492
52.9151,-5.82254
56.051,0.600549
61.9597,2.62709
46.3265,-10.0308
53.6015,3.05156
46.7411,21.198
90.4557,-3.73704
49.4626,-3.99651
105.695,13.3402
83.4836,2.42585
68.5964,3.20024
60.2822,-1.10257
56.1496,23.1948
91.7192,-9.92241
59.6113,17.2547
33.9371,-3.62358
80.1544,11.6355
77.4613,-5.53001
37.2508,-15.2592
72.3897,-3.38211
138.069,-0.244578
87.5346,-10.3426
57.8751,4.75571
85.7376,-4.3555
72.0018,9.18168
227.874,-9.09576
58.8561,-1.32004
99.8773,4.01252
33.4125,-4.85117
49.438,-4.71885
63.6357,10.1927
63.5298,-14.0545
46.6059,-1.92892
57.8474,10.8003
50.7541,-1.37572
62.3718,12.2187
87.4983,1.52802
96.8817,7.12748
63.0083,-10.0131
79.1226,5.362
51.7468,3.83708
74.0219,2.90931
70.2473,2.94901
67.8802,3.45699
119.597,0.83779
71.6768,1.75452
96.9305,3.28452
48.3503,8.28481
69.5571,-1.13097
68.7831,-4.18429
65.5668,-12.6503
52.8487,0.920611
47.9126,3.22087
37.2638,-10.0213
67.6099,19.1972
80.0275,-12.4143
60.4663,14.9829
66.4353,6.12991
44.5227,7.59208
85.5278,-7.36977
77.9077,-6.02633
50.7607,-2.66455
43.5207,-8.74112
72.4363,10.1546
81.2331,11.8548
49.5369,-0.462485
78.8082,-3.98529
59.4134,5.03352
58.2898,-8.07938
58.6758,-7.62677
81.7162,-2.48048
38.2991,-5.09713
70.1415,9.05985
75.6243,1.3206
58.7761,0.200471
53.3742,0.338016
69.7594,-3.47058
66.1058,-0.799207
56.8992,-3.58629
31.8393,-11.1087
55.6912,-2.43685
43.4563,15.1492
55.454,-4.7302
65.2691,-0.83054
51.2263,-2.68035
49.6393,2.28713
40.5811,14.0728
39.8727,-2.57992
53.7007,2.3555
76.2638,-1.84472
42.2744,-2.92044
75.6281,2.12861
83.1296,-0.528431
111.164,-5.25656
80.5317,-1.69246
83.0964,-1.26256
56.1642,-3.64585
88.5094,-0.540343
64.2077,-6.77237
28.5721,12.6467
101.789,-4.93775
58.7032,2.57871
45.3606,-3.8644
68.4088,13.2887
38.5328,5.04776
52.6205,-2.20155
49.3627,2.96351
96.5934,-5.02066
72.4977,6.62399
59.0098,1.19324
96.7539,-1.40563
46.1018,4.07596
43.4818,-9.89272
38.5278,0.799034
21.004,5.83026
47.7062,-19.7794
35.47,-6.67656
100.325,4.94573
96.1781,5.93044
65.8075,-19.7152
65.9787,10.7099
63.7152,-9.2119
67.1806,16.0075
41.3108,8.19457
69.3601,-10.3549
35.6583,-1.13407
48.719,-4.99187
77.2408,13.3456
54.0972,-2.33685
83.6632,4.84198
73.1805,2.40634
56.6761,-8.51558
45.4833,-14.3766
51.1297,255.898
94.5515,-12.1464
45.575,0.615223
57.9098,-5.95214
49.5369,7.43908
59.6871,5.54788
68.1462,-0.862261
40.1459,-1.71296
59.7685,-8.992
63.3546,-33.4031
42.7894,0.155931
40.7517,-2.14691
51.5184,-0.723636
102.369,-2.65774
72.216,-3.44637
71.5645,-23.7921
51.8386,-7.50628
47.4202,8.02249
49.4051,-6.29482
49.3698,8.19241
39.4851,-1.66824
90.6652,-4.19426
55.8442,-3.14871
80.0272,6.42727
58.9347,-14.4971
64.1607,1.48223
67.5561,2.02555
55.9847,4.67099
61.9966,6.30363
57.2806,1.39786
39.1632,-29.4206
36.0747,6.4697
85.0394,17.7088
55.3401,-1.50498
46.8012,-6.43966
102.265,-4.79753
103.576,-6.18831
85.4468,-11.7722
48.5558,7.91434
46.8377,11.4418
54.8093,-3.63821
71.5162,1.04206
46.0258,12.9958
107.014,-0.201722
53.5378,23.4145
91.0086,4.11796
80.9505,0.110917
69.3449,-19.4229
50.1531,-3.20244
53.2394,-5.77118
98.8547,4.96041
72.3254,-25.4734
106.017,6.41882
83.4699,1.13947
42.8395,-10.9873
57.9592,-5.8534
45.0183,-21.574
92.1722,-11.0306
44.6544,10.6762
46.7302,-3.93514
83.3861,-2.5971
51.1858,8.22262
74.1972,-4.18973
67.3086,14.9494
37.4298,0.74336
38.4382,-5.4793
81.1426,3.46549
65.4087,-3.88188
136.235,19.0711
72.7632,15.971
87.5326,8.86188
62.6557,1.89142
72.7538,-0.786907
73.2394,-5.91343
55.5718,11.1702
64.9879,-4.77742
44.1423,-0.710732
74.9123,3.88904
46.7452,2.7327
75.2674,5.94735
49.6121,7.16002
43.0535,-4.2334
65.5824,7.03745
67.966,2.67427
37.1211,-12.8809
65.4621,-3.48271
92.771,-0.417514
83.6085,4.53327
95.7059,-0.913102
66.3787,16.3041
75.2225,2.58596
63.461,0.547723
39.491,-4.86369
114.092,9.49445
55.7916,13.4058
59.1394,-6.10406
50.4369,-4.88337
65.0692,-8.80578
78.8522,1.74312
35.028,7.55
52.5056,-15.8129
71.1785,1.42043
59.6337,0.566108
85.3151,25.7395
67.2908,-5.61659
42.9895,11.4598
85.3571,-2.01683
57.2767,-13.7996
77.0858,-28.6544
62.0948,0.468829
47.5896,-10.9274
79.3376,5.75702
47.3804,4.19271
80.7202,3.1913
66.6514,25.2654
108.57,-9.40365
52.9916,0.855269
66.5094,-3.28837
98.6697,0.063486
101.576,6.56413
101.137,3.22721
63.8619,9.91611
73.3067,-4.82718
59.8251,2.22071
108.196,-0.552341
81.0868,21.7021
47.3703,0.322177
130.82,-0.873828
75.2412,6.43271
54.5808,4.64082
61.3222,24.7313
38.3967,1.04262
91.8447,-1.23079
58.0117,-19.6981
61.1798,2.31191
78.8793,-6.29732
64.1147,-1.57101
53.0989,-6.48644
66.7974,-1.12842
51.1268,3.99698
35.1585,-17.2729
59.902,-10.4716
33.4986,-13.0147
42.3632,-13.945
58.5446,1.114
50.6166,5.09614
74.0912,4.66939
43.7932,-3.45358
59.9923,-5.34719
74.4835,0.202326
101.717,-3.93509
56.3288,6.0322
77.6732,-3.23753
50.6249,-10.2636
69.1746,-2.46055
62.0485,2.14363
42.7663,0.945255
65.5208,-4.47108
47.3331,-11.5091
61.9374,8.35473
93.8972,8.66534
120.579,8.85787
75.0022,-13.3706
68.0323,-3.21418
101.181,19.6567
110.431,-2.51156
52.764,-4.1587
44.2436,-6.63124
52.9204,2.87081
75.7054,-2.31243
80.0686,-5.31513
68.2722,6.9952
28.3242,1.07602
56.5638,11.2399
46.8923,5.83337
63.2721,0.939428
90.137,-1.05375
74.517,10.8956
48.983,1.9562
28.2614,-2.17108
73.7029,5.186
153.254,-4.80512
61.1137,3.0787
42.6817,-3.8461
47.2487,6.5716
37.6638,1.07262
32.1553,4.55153
64.1421,-9.86113
55.7239,10.8093
48.6727,1.54809
69.2035,4.40802
57.0594,1.78805
54.686,1.70243
29.2233,-2.84828
104.323,-4.24929
44.6284,7.46791
58.7417,6.59507
59.5545,4.19163
118.492,8.88549
49.1226,1.20477
55.4014,-1.60148
94.9818,0.676421
46.4347,-9.82587
81.9803,-9.05804
83.704,5.77045
52.944,1.13929
45.9721,3.78391
59.872,0.495976
47.8195,-10.7936
102.295,-6.24705
88.9185,-5.9297
53.823,-3.41849
50.7304,-10.4273
78.9708,-11.3607
52.5544,-1.98999
58.9753,3.29963
38.3163,-6.73461
67.5247,4.67194
33.1458,4.26068
55.2534,1.53445
129.27,-52.9552
34.7987,-7.14206
82.431,-13.0532
54.5383,-0.727952
63.2281,-1.30623
61.9279,7.33118
155.526,-6.27044
57.7078,9.53822
55.5982,-2.77819
72.0245,20.6253
48.0809,-30.3008
66.0039,5.54728
48.0662,-5.18095
83.4802,10.3668
38.1124,-4.17536
57.8963,3.79077
100.646,-5.74464
55.578,-4.73482
48.8672,4.99545
56.1296,-33.6631
96.7811,3.5648
42.4183,-1.44688
49.5105,-6.75066
75.8648,2.96787
130.734,8.86132
89.7169,-8.8211
69.322,0.700547
38.6894,-6.11213
83.4959,-15.1753
57.9868,4.28101
51.4066,4.17976
128.683,4.61048
43.3192,-4.24739
77.4769,-5.0803
101.675,2.36853
102.894,8.81121
29.5869,-4.03807
103.703,-5.10589
46.6038,-0.541335
101.467,-4.0262
55.6529,4.97055
40.954,9.39243
78.9168,10.4391
56.1408,3.12441
59.1241,-12.0317
57.5596,-3.16899
65.0675,0.40543
49.9513,0.259037
92.0097,-28.863
120.235,-10.2271
66.3461,-1.94226
120.585,30.4811
70.1516,-25.8509
53.6041,0.943572
59.7737,7.20779
65.4547,3.80458
26.1764,5.40334
68.2856,-5.17831
96.9489,-16.5449
66.4242,-12.8196
71.2721,-11.0485
60.3202,-0.795236
112.786,-4.47738
70.1084,2.82446
48.4917,-3.62194
78.5795,10.2113
52.8065,-19.5691
87.2863,3.00141
73.1321,4.32982
56.8065,3.21452
36.9525,-6.63042
53.49,9.95042
65.2086,-15.76
48.3552,16.4347
67.4699,-0.540127
40.9532,5.20188
100.033,-7.58323
129.483,0.392784
74.4547,-5.37853
37.167,-12.9925
72.219,4.31795
107.072,4.7832
69.2987,-7.4598
59.3992,8.00791
161.633,5.19635
59.4191,-2.11627
48.5188,-0.791007
65.6288,8.26677
74.1987,-4.11481
169.111,-1.82646
79.0361,6.99217
98.8632,16.2662
55.5874,2.28985
75.2678,1.8726
146.094,-11.6658
55.0776,9.29075
71.656,7.57464
43.2341,-14.8643
108.781,-1.30848
65.994,2.41212
43.2907,8.18447
52.0502,9.92539
49.4463,2.60431
70.3952,22.4903
52.8781,14.4324
80.265,-2.77621
75.8881,7.59324
65.0194,12.7508
64.1205,-9.96087
66.6227,0.378931
92.9086,6.11338
65.3496,-0.269265
53.8642,-14.8886
67.1762,-4.34471
151.434,-8.80258
81.695,-5.32125
59.8145,-9.68729
75.2847,0.360113
60.2691,-16.6947
61.1942,6.82649
60.7371,-6.62093
67.0461,12.6588
59.0695,-4.96248
75.9736,3.73165
41.677,-0.861053
81.4535,-6.34169
48.2554,8.93318
69.0284,8.27035
60.4403,-0.354114
37.1485,-2.16172
61.2658,-7.51098
49.8018,4.01433
65.9491,1.59712
81.3873,23.7828
56.2243,1.42716
84.8976,0.457651
52.443,-2.46637
85.7401,9.16563
60.8527,-6.07855
57.3053,2.91431
57.1215,6.41195
58.4818,4.94526
64.4534,-10.8255
42.2353,1.63329
52.796,-4.17928
77.2078,-9.12467
48.81,11.318
56.2181,7.4323
53.3844,1.19816
75.8999,2.21735
80.2612,-3.38759
49.7795,4.92169
81.3831,-5.66199
48.5789,-5.51055
55.4886,12.5568
91.6738,8.71419
45.0385,-21.0305
77.3099,6.25227
92.1091,-15.3249
52.4519,1.44464
63.3723,11.695
77.2843,-9.07133
41.6128,1.30804
63.7423,-5.21396
81.9058,-1.99418
57.3707,0.327011
74.7113,-1.9136
83.948,6.33043
51.4815,-2.63693
76.0594,12.7924
50.6742,-20.4374
60.1102,-10.8908
62.7129,-11.3546
61.1301,-4.1309
69.4409,-7.21483
90.3666,5.81801
59.7824,5.81507
48.2232,17.6014
60.1863,12.2604
33.1739,-5.20024
38.7381,-19.8881
49.1937,6.50073
36.3803,15.9567
82.7765,17.6579
81.0287,11.3229
44.003,11.2809
55.9368,-1.61002
39.9763,11.4359
41.1513,-4.83797
58.9056,1.52435
41.5079,-4.4293
139.87,10.1742
66.4284,-4.24549
54.9454,-10.6853
44.0727,-10.2876
86.7817,7.0005
77.051,4.86447
71.3199,-0.164347
96.3849,-2.92471
113.215,5.97368
44.9448,7.86074
46.9333,-0.433094
73.3381,12.2101
99.1092,-9.48401
93.9562,1.25638
88.4677,-0.964978
41.031,-0.00673271
83.2759,6.19517
57.5134,2.94936
43.3839,7.49087
44.1795,2.03708
86.1592,-0.162362
78.4585,-5.50567
57.6528,1.93824
50.4907,-0.35269
44.8057,-0.248679
59.728,-1.49984
42.0455,0.381002
66.8371,0.560368
39.7316,5.27689
32.1687,2.62178
72.691,0.411558
50.2851,5.15984
66.2464,13.5813
50.8655,6.72956
52.3122,2.77646
45.7992,-4.70616
58.9329,1.29173
60.5382,12.83
51.4221,3.84381
34.1346,3.56229
52.4931,6.28852
46.195,-5.1778
79.9048,1.22738
49.0528,-4.20449
67.8519,-3.35021
80.7514,-1.66975
57.9542,0.545004
46.1748,0.182301
54.9183,4.51652
68.2502,-5.09597
62.4888,-4.42684
45.0815,-7.549
88.2655,0.18653
61.303,-19.6003
70.2478,0.615827
45.5894,-1.58456
35.1956,-10.8213
94.8188,-11.0866
58.4721,-19.1437
57.1901,-2.42723
63.0556,-4.31126
95.9793,-11.4577
114.487,16.3028
66.1169,3.41771
29.7044,-5.54805
61.0769,-4.96727
93.513,-19.3117
55.3968,-8.0458
78.0216,2.46952
145.028,7.56963
55.7005,10.6378
61.4629,0
47.8241,1.96591
69.1388,-9.98132
71.5806,-16.0433
63.1083,8.40911
52.1515,-7.02497
39.8609,-2.83317
46.7136,7.35924
40.5057,-5.42311
55.3427,-3.20714
66.3938,-4.02473
67.3248,5.17918
71.975,-2.22939
62.5207,16.5924
64.8326,-4.61048
62.6208,-1.79159
48.4484,8.28101
46.5796,12.6874
48.954,-4.09111
51.2389,-14.0459
55.3138,-4.55278
26.7146,7.69035
53.2808,-26.8696
86.1007,7.23222
141.045,5.79086
98.3938,9.09498
84.0716,0.470987
58.0588,3.3219
60.1874,8.85597
78.1563,11.6014
67.3677,2.99713
47.4288,-1.54261
55.326,1.67118
46.9453,-4.26314
47.0455,3.5323
52.876,-22.9135
50.1631,-0.161844
74.0396,-7.55729
74.607,4.80953
89.4764,3.63588
64.3822,-23.7763
53.4033,3.8597
54.3592,-6.23872
99.5167,3.69457
47.7552,1.84101
79.7586,-3.62988
55.5431,7.06084
47.706,-11.3507
57.6873,-2.81121
46.2392,-6.53629
47.091,0.221446
51.2631,-6.27177
64.4505,-15.3609
47.7214,-8.17316
83.318,-3.59962
52.4378,-1.52776
70.2228,-6.71816
50.3587,-0.531236
95.8866,14.4166
61.697,-1.55305
81.3994,-9.34569
71.7655,-2.06357
45.7029,-4.89636
61.6933,2.84383
49.061,-4.66046
48.9935,-4.38118
74.7897,2.10729
82.6798,0.352777
70.1031,0.0326277
92.6615,7.73519
56.0908,5.14115
59.7716,-12.2737
38.8869,9.56312
91.5624,5.94541
51.2912,5.88499
72.5877,-3.06714
53.3249,2.78527
39.6641,-4.06535
56.593,2.45213
77.0821,-1.34015
59.3678,-1.58724
70.9838,-13.1399
70.1697,4.44704
50.1518,-5.06144
61.2228,-3.29014
48.3273,-2.31592
105.41,-1.3339
38.3801,-5.07948
68.3281,0.656094
78.524,-3.96608
67.1237,5.10356
72.7886,-0.476641
75.0281,9.04017
66.2831,4.78471
67.1655,0.218986
34.1785,6.30863
56.3288,-27.2905
98.3646,9.03866
53.0981,-8.13294
42.5577,3.46471
51.9377,-9.0933
46.8488,0.200686
69.0999,1.77221
105.75,-1.53078
41.3052,2.08468
85.3097,-19.758
81.4245,2.7627
59.646,-2.39512
65.6038,-4.26487
80.6079,0.587256
88.9169,-3.7534
65.0532,-5.39601
61.7207,2.5261
48.4336,-3.46208
71.9466,-2.91738
34.2118,-8.39064
148.169,10.5196
40.2108,-14.3787
60.9739,2.04907
69.3698,-2.70918
77.9114,0.795711
18.2404,12.6062
84.9748,-18.7294
91.0802,-8.47721
80.7196,8.0001
43.6516,-8.80409
44.091,-1.78076
41.6707,-6.46853
62.0852,2.83477
76.1286,-2.75186
43.416,-6.32607
58.3992,13.3713
66.6668,0.669343
53.24,1.23813
44.1884,-2.85074
131.869,2.79705
50.9776,-6.44001
67.0424,-8.22996
57.851,-3.46769
58.0707,-3.23653
72.1658,4.04182
23.3876,7.47771
54.6276,5.32661
68.7459,-5.72271
65.6805,-6.3987
165.444,15.2611
43.6439,1.21085
52.8943,7.96885
53.2844,-7.21755
72.3779,-13.6153
28.6899,-7.49139
78.5699,-1.50761
56.5867,-1.86643
31.4549,4.15153
69.4795,-13.3896
54.0713,-4.97323
51.9335,-9.61966
39.712,6.12391
64.2555,-0.684406
114.944,-12.9783
39.5669,-10.1349
40.449,-1.27896
103.567,3.54874
68.2997,6.72718
75.1412,-2.25753
30.467,12.1944
65.7533,14.3162
64.758,4.88501
41.0635,4.6845
56.0703,14.4716
73.0795,4.79947
51.9357,-8.10052
67.521,3.26459
47.948,-8.08866
68.2341,4.6974
45.4312,-6.93067
43.1919,-0.174791
77.2431,-8.39051
34.1004,16.6197
60.5313,-12.0351
59.5745,-6.01654
53.9908,-0.18489
46.1852,1.36087
74.527,8.20799
71.6471,-16.5407
55.1998,3.70903
72.7838,6.69529
72.7156,-11.003
55.3389,-2.16141
60.1468,14.9512
58.0343,-8.97988
59.8451,1.22553
46.72,-4.77573
61.7916,-0.919446
126.699,-2.04269
60.0516,10.8087
33.3749,-7.74214
89.9638,-5.82729
32.9497,-18.481
50.86,12.7009
58.7704,-6.95415
125.838,3.78171
191.688,4.82567
51.3991,6.45589
45.0624,3.80838
52.6018,-8.52481
78.5374,2.87025
52.8438,5.75396
70.362,-4.56288
63.9587,-10.6665
43.2896,3.40735
33.8685,2.93429
83.6655,-4.87573
52.2563,-3.55349
56.1119,-6.62982
81.0403,12.9029
57.9844,0.434907
59.2217,-3.61253
66.5819,5.44374
61.6678,8.51333
75.7076,-4.70685
48.852,-2.55135
72.8785,-22.1632
88.7139,19.9124
54.6669,4.15689
71.2048,-12.5003
34.633,6.8551
147.152,-0.181006
38.3594,10.3596
46.7776,-3.75732
58.5184,1.13783
92.645,-7.59695
41.2863,7.20348
41.7817,3.81619
86.4595,-4.17855
58.8044,-12.1321
66.5192,-37.7649
49.6555,3.06273
66.7808,6.74082
39.6796,-9.48979
52.5779,7.5522
95.4826,7.95603
45.5383,-0.596319
52.1937,11.1901
60.3691,0
49.3735,15.4697
51.1457,-1.68059
73.0413,3.34926
97.2564,-4.54345
58.4381,0.166462
72.7006,-23.5765
60.3584,-2.44505
40.0203,0.0552859
62.0708,8.05283
64.2696,-13.8657
93.82,-19.8221
80.3504,12.2434
92.0233,-2.76969
45.1904,-0.51229
66.9331,5.52129
44.9148,-5.82573
66.6117,3.66108
104.365,-0.266719
52.7355,-7.28565
52.3287,-4.9529
64.139,-1.46536
54.5674,10.1264
84.8611,2.67612
45.1866,-1.7852
70.7686,-1.45168
55.9404,11.2224
88.6874,-0.0451437
82.1594,-2.57397
40.9255,-18.1279
50.9937,1.80575
46.0738,-2.38821
105.73,-4.94776
51.8672,-1.84567
49.0793,2.98246
55.4319,16.0792
50.9487,-6.41692
66.1715,-1.59116
30.6233,2.72722
48.526,1.8445
53.4451,-12.8689
83.754,5.80661
54.4238,-0.574654
51.7606,-9.05998
46.471,-13.356
29.9366,-4.28658
76.1857,9.07215
64.8003,1.17771
50.3805,2.66304
63.1421,3.70463
100.991,12.9668
57.9835,3.2046
61.0595,2.01839
51.866,-1.51348
42.9902,3.93
64.909,20.2124
47.3756,-5.20162
88.7239,-6.23129
60.3285,0.839991
51.5106,-3.61961
73.7583,-3.1894
49.281,-9.19752
86.043,-16.2621
78.1403,2.3908
68.7358,0.670681
93.3726,9.20244
55.3694,4.34165
101.715,6.37259
49.1995,-10.7784
61.2289,-5.14033
58.4748,10.8593
80.5592,-4.67625
66.8524,2.61264
52.3572,-0.0936968
57.5196,14.2292
47.6756,8.85718
110.639,0.94888
49.3861,9.14677
88.9246,-5.47852
46.845,-0.120369
87.9762,-3.2509
49.0335,1.09208
71.5795,-1.89819
58.6534,-5.59678
43.0075,10.0349
46.2471,4.10285
37.17,8.67242
63.5917,-6.599
51.1845,-2.11278
46.0603,3.11241
56.6753,-5.81374
54.779,4.95277
50.6387,8.52551
60.4859,4.28968
54.2989,2.62191
48.5066,0.466542
148.453,-1.60346
55.3878,0.969164
26.9875,-9.53597
49.748,-12.4354
59.3654,-5.24051
66.3003,-0.943615
58.2351,2.3337
54.9207,-0.480482
61.3647,1.02488
58.2895,11.0804
60.3876,0.652814
40.6874,0.0298656
58.8747,3.95171
102.307,14.4302
81.9162,4.91526
117.5,-2.36624
60.1441,3.58508
52.9744,-5.92185
62.1125,4.95454
53.1275,1.10516
58.7265,-0.993765
116.524,2.56482
45.1708,6.96839
100.224,6.85204
54.8182,-2.73175
44.162,-0.41937
60.6945,2.14605
68.0121,7.48168
65.3855,-5.57718
108.957,4.10648
97.9281,-10.0074
94.5276,2.72208
62.4693,-7.08143
59.9353,-11.5718
62.1129,-7.48595
51.8502,-15.9591
71.4118,1.29859
57.0589,-7.89103
100.589,-3.95892
75.7337,-13.2036
33.2092,-7.71598
29.9589,10.9946
48.6058,3.52513
50.2439,-4.16021
56.0587,4.4599
50.9361,3.87955
86.0364,-2.06767
55.4726,-1.32988
59.4801,6.99312
70.2816,8.87129
98.1496,5.93056
72.2848,2.35791
43.5635,-10.1587
55.3752,-2.84172
72.3843,2.27881
77.8187,2.32831
58.5078,-2.27035
79.2787,12.7396
70.2007,5.30684
69.5772,7.3834
67.2449,2.4526
67.821,-5.52621
38.3399,-5.68927
65.7422,-6.45787
63.5041,-8.9835
41.1204,-0.612245
56.1214,-9.10245
56.6037,0.789496
51.5938,13.5153
85.6844,-4.57388
71.1881,-13.0682
68.0373,3.16605
61.7531,-4.70154
63.7755,-4.85583
47.9592,0.861312
104.875,14.7069
39.6412,-0.682981
59.9779,-2.83965
107.053,1.46108
95.8754,0.610691
43.0564,4.38407
61.4207,-3.34775
51.1013,5.43722
53.6012,-12.3259
92.4204,1.97989
96.6829,8.19957
46.5044,4.7078
48.4557,-8.36487
47.5843,0.0151054
58.9128,0.261971
44.4906,-5.44344
86.7972,9.93061
86.9869,0.748323
55.1205,5.53506
72.0322,5.4591
62.9986,12.0673
40.9091,4.57099
69.7523,4.61527
97.8551,-15.0172
51.886,-0.663948
95.8966,18.4646
45.5385,15.1277
70.1529,8.15969
43.2991,-6.24411
53.1975,-11.0949
59.5281,-8.68605
76.4604,19.3226
67.6825,0.692606
81.2115,-1.68775
56.2671,14.8344
87.9645,10.2963
48.245,-16.7229
83.2605,0.778663
87.3502,-0.319199
125.117,-3.13757
51.6743,-2.05106
120.931,-4.86352
671.135,4.9734
49.1993,7.14085
93.2048,-2.22542
51.2169,0.0526101
66.1073,-0.658683
42.9791,-22.6604
58.5252,-5.37084
56.3036,2.35377
69.3642,4.01908
71.146,-10.2201
75.7751,11.7415
54.1056,-3.6988
57.6624,13.5853
106.745,-15.4492
74.7364,-17.742
56.1978,1.19255
52.5382,3.59272
76.5557,-10.3413
64.4829,10.3205
58.3892,-4.05188
46.3065,-1.79668
63.5344,9.74404
83.9713,6.0669
90.885,0.829202
63.9259,-2.75432
48.0293,4.60379
54.3992,0.928337
79.5053,1.28439
38.2292,12.6136
47.8564,-17.2169
60.1524,1.47947
63.5611,9.49325
79.1245,-7.75569
75.7854,-3.18025
44.0144,15.3528
50.0751,4.98371
76.2041,8.63288
31.1292,2.8444
69.9156,-2.71721
52.4841,-11.3292
68.1729,8.86961
66.8204,9.79803
59.4871,17.1832
75.1604,-5.90937
44.3556,-2.89144
85.2757,-10.0587
121.299,8.5019
78.0873,-4.04178
79.0199,14.0318
55.2958,-3.74464
74.2893,4.89239
93.3223,7.4446
44.7828,5.16869
67.1432,-2.47777
63.4436,-3.81952
110.153,-1.25578
89.4499,-0.053689
86.5398,0.110226
137.877,5.14172
66.6159,0.873655
40.9288,1.26812
32.0867,9.53468
38.4197,-7.02925
61.8316,-1.10244
46.6933,11.9161
79.1371,2.78928
66.716,4.73896
55.7786,3.82962
65.8415,-0.127619
37.3178,-8.04856
113.214,-11.6395
98.53,3.94826
67.6653,-0.0611986
48.2881,14.8135
72.5293,0.0350878
75.8014,-0.765889
51.0127,9.50788
63.6955,-0.38329
44.2924,4.55692
57.9027,6.59184
57.0279,-14.8906
55.776,0.502666
51.8932,1.60338
56.6936,-2.49339
47.811,-9.45932
54.6464,19.4122
78.1074,-1.449
86.9746,-10.6737
145.774,1.01647
78.5694,2.05007
53.5053,-7.02152
56.3709,9.57348
50.7483,2.58726
81.0549,-8.10178
55.8991,3.15932
41.0847,9.61776
44.076,-12.6858
61.3198,-2.48135
62.6266,-4.87107
46.1775,0.965323
59.2871,4.38036
70.6432,8.54022
105.271,1.79742
49.3168,-6.47898
64.558,4.75014
59.9983,-3.97035
53.9362,-0.808443
87.7485,1.30528
44.2206,-3.93367
122.764,11.0137
47.3293,3.42932
62.0336,-3.72293
61.1048,-6.67345
83.8754,-0.578409
51.5068,-1.64956
103.704,1.15872
74.9482,-4.27333
150.961,5.39436
72.5361,-8.82252
90.7492,-15.5759
104.715,4.11515
84.1892,19.7579
42.0709,16.645
61.5255,2.25136
73.342,-5.05082
62.1418,-3.12648
66.0841,-11.3659
69.6661,-1.22695
42.6528,-0.97361
54.5902,3.48361
105.3,-6.11084
46.471,-3.6638
55.2437,-7.0879
48.1246,-5.34081
41.3879,2.90193
77.3363,-9.47439
49.5042,2.88013
54.1722,-9.24275
47.6748,-3.25406
51.6481,34.0871
82.2488,3.7884
50.8349,1.81753
37.234,-6.17229
38.1507,-16.2529
28.1657,5.77705
37.8362,-1.60692
58.0064,1.28616
43.9686,7.36463
67.2378,16.2277
63.7909,-8.70979
77.878,0.299735
77.2996,5.32484
53.8937,-4.01882
70.4955,7.1857
103.448,10.3742
51.3421,2.7204
79.3744,5.08069
94.7436,-8.2489
61.5653,-0.446085
52.7916,-5.93216
63.9494,-8.91781
45.7848,9.48496
46.7693,4.05201
64.9008,4.35498
57.4961,-4.29335
43.3593,9.17098
61.6508,-10.9655
51.5807,-2.46559
146.333,4.52563
54.6947,14.7937
59.3626,0.74323
40.3961,2.43452
57.153,2.61639
70.6161,9.65837
71.0922,8.62637
60.497,9.16692
62.3099,-0.532488
47.1857,32.6778
68.6328,-8.08425
65.7553,15.592
55.0697,-2.58721
32.1591,13.17
78.1643,-3.98378
55.5552,17.1412
53.6818,-1.30481
74.7748,-7.94718
91.0011,-10.3024
66.0692,-0.780994
37.1084,-3.62496
79.6431,-62.202
52.9013,-0.765845
40.356,7.64736
41.6643,-9.19541
54.0435,4.96006
62.8765,-8.54872
39.7041,0.492351
58.6804,-17.5879
52.3441,-3.0333
79.4914,-5.39121
55.1192,13.721
35.7173,-0.786777
38.7513,-1.84778
38.2815,-4.97681
61.7527,-1.34758
46.7556,-14.0699
31.3164,1.05678
47.2003,-2.17289
59.4963,8.50384
78.2803,0.405084
42.0058,-6.35494
36.4497,2.8097
58.205,-3.55224
59.6181,-8.80931
89.1745,-6.15702
48.8274,1.22518
68.0448,17.0351
52.8943,-7.99902
53.8633,14.2969
77.1162,0.133316
37.2489,12.9603
52.2296,-9.52264
65.3897,-2.60128
79.4641,0.141559
72.1005,-3.00999
100.226,13.815
92.8086,15.5537
59.3266,-7.78314
58.4978,1.1755
52.5553,-3.83091
44.61,4.55731
56.4316,-11.0167
70.8736,-15.4907
79.3692,-6.4369
36.5516,1.84571
64.5321,-0.824411
36.2262,14.4285
50.5339,-0.294729
50.7864,4.32399
42.8216,7.20477
60.0205,-4.15589
61.8839,5.72302
70.9034,2.37436
45.2284,-0.386354
109.202,-3.02083
67.1665,7.1213
80.7163,8.48028
76.0754,-1.52094
42.2585,-2.51199
46.3552,-6.13401
43.3101,-10.2613
87.6648,-3.0901
76.6372,6.26284
63.3849,-17.3636
41.7352,-8.2082
42.1531,-8.51446
68.7006,-1.22009
75.939,-0.11916
40.0383,16.9699
55.6483,-0.78108
40.4812,12.2992
68.9619,0.813794
55.6997,12.5894
59.3678,-6.72312
46.8901,3.10926
68.0141,-6.27816
63.4977,3.29044
111.52,10.7793
41.5858,-1.45931
45.19,-0.520619
83.3659,1.29712
44.6495,-1.372
58.1655,0.97525
69.5245,-4.48342
44.6381,9.82077
45.0491,4.76153
53.7791,-8.26107
83.9265,-15.8052
34.9424,-5.52501
55.2564,12.0039
35.8669,-5.15812
49.0452,-4.25244
82.4302,7.86501
77.4877,-3.36061
63.9697,-4.4176
87.9114,-11.2212
121.959,-1.9959
75.4315,8.85368
74.7311,6.07376
65.1559,6.64928
59.3793,10.3123
46.8426,-24.1972
48.6312,-6.56102
62.9642,-7.57814
76.2349,-4.07488
56.6201,-9.51612
55.1035,-0.0113075
66.3495,4.75575
28.7376,4.73033
51.9654,1.4184
46.729,-5.28733
70.0465,2.40302
53.4974,3.8641
116.17,-4.98919
171.592,1.10378
41.6368,4.89015
22.0163,-4.36163
69.7042,0.890055
53.4037,4.0467
64.6753,-6.42477
40.9153,1.03951
79.6501,2.82394
82.7168,-17.574
53.3581,-11.8754
99.987,17.6037
67.5231,7.52061
38.1323,-2.19797
88.7862,-6.75295
43.7168,-8.11528
61.1721,-2.64362
39.4556,6.95799
115.512,0.18735
42.838,-0.120239
47.7085,5.18807
71.7414,-7.67485
68.1842,-2.96761
70.3781,-4.88531
54.0522,1.953
41.8694,-0.852119
48.4194,-1.37874
57.6109,1.21098
58.39,2.81781
84.211,5.5203
69.3969,-2.29477
54.265,7.2399
90.0141,-8.24178
56.3221,1.78667
63.7845,-6.04709
66.9845,9.49665
81.249,8.97612
98.2847,-6.84565
56.8136,-0.406336
41.8548,-4.43953
66.5851,8.59836
36.0916,-2.28472
107.213,-33.3332
65.5056,5.22311
90.1819,-1.15198
90.5179,-4.13354
66.6476,-10.9449
67.9065,-6.97914
62.0217,-4.98712
41.0104,-17.222
40.1657,9.88154
38.0443,9.43653
54.1631,-4.75566
90.8038,0.128655
76.2235,5.22165
60.9959,-3.59099
74.8045,12.1359
60.6316,3.54481
44.4406,-11.6689
52.5131,5.66713
58.4757,1.2112
30.7845,6.6914
76.153,-4.26141
68.5342,3.93259
56.9156,-3.65936
69.1784,-6.45257
63.1418,1.60113
47.738,8.34394
50.6738,0.0939989
97.2969,-5.40913
91.6418,-14.5827
70.9531,-8.271
45.2265,12.3647
55.6808,0.0562785
61.4558,-15.8783
46.1313,4.73473
57.6542,0.848796
72.214,2.12974
44.5079,0.2293
65.8256,3.3891
38.1137,-10.1986
55.5475,18.1231
34.9159,8.88635
74.3289,-6.72511
54.9902,6.95989
55.9314,4.79036
69.4327,4.03095
69.3197,1.67554
81.7803,2.39654
53.262,14.4786
103.846,-11.1447
65.6104,-0.932307
71.091,-7.95301
67.9957,-11.3349
50.267,4.04998
70.7147,-4.6747
41.6518,6.92204
74.4809,-7.7272
62.6886,9.88072
63.6345,7.26679
50.6141,4.44419
54.8919,-6.84103
63.7063,5.40356
54.3517,7.87524
83.5222,0.40858
98.9099,0.745172
61.2962,7.21319
54.8983,1.531
56.0646,-8.19802
51.1925,-0.234523
67.7308,-10.7815
47.3647,-6.46638
77.2193,-13.0421
195.135,-2.81962
86.5575,-13.3508
70.2564,4.01701
74.7735,-2.71712
50.48,11.3263
59.8628,-4.78169
49.1541,7.31496
49.2536,-9.14573
52.7747,7.41992
50.9275,-5.88654
45.5376,-7.57688
62.1919,-1.89811
81.6914,8.7028
68.8204,4.49469
70.5678,5.19428
61.9485,5.00719
69.8072,15.4505
74.0026,-3.75512
67.6491,-4.41618
47.124,2.97353
82.4733,-3.87899
29.7519,-16.0641
10.3778,-4.18658
56.2353,-6.16293
62.6106,-2.37967
40.055,-6.33552
109.366,-34.8486
45.3395,1.47956
68.8889,-5.78775
57.8547,-0.316394
49.3178,-0.485014
70.1953,9.82492
37.5724,5.53195
38.254,-4.84617
59.3874,1.95339
50.4433,1.97605
75.3176,4.84259
33.7435,1.0768
64.6584,-12.3175
142.452,-19.6656
69.9196,5.09437
50.4958,23.5467
60.5194,10.8401
125.714,-17.0823
51.0875,-13.6052
34.1497,11.5727
54.768,-8.66189
67.7444,-12.7893
51.6475,-6.72787
93.3915,5.94619
56.6886,6.21821
61.3048,6.35378
67.4494,-10.048
63.525,2.54544
65.7955,1.132
47.3747,2.14402
90.0566,-8.29323
60.3948,2.83361
31.2729,-13.7719
45.2004,-4.36672
50.5959,5.637
57.249,8.40786
47.8579,2.61838
51.4163,10.1326
50.9969,-3.40325
70.017,10.4042
50.3802,14.3501
52.8115,21.7207
63.6396,-8.62283
51.0539,-4.183
39.3185,-5.63476
45.4429,-0.809478
99.6737,-2.29145
70.8723,-2.90128
65.6888,6.27484
58.1577,-0.90542
86.0359,3.6029
42.1575,3.06291
43.385,10.0931
81.0696,-9.6957
76.1042,4.03449
67.2898,-2.51203
56.9411,2.60413
61.5696,1.502
47.4219,2.71699
65.0413,-2.39563
55.2727,16.9214
56.4323,4.40854
111.163,17.2872
62.6375,-1.59967
55.9422,3.21077
67.9551,10.2648
93.6544,-2.72627
42.4485,18.9513
53.9077,3.90432
52.0216,-9.20732
47.9254,14.2926
73.4397,4.80638
64.1902,-1.07149
67.1516,-1.85464
65.3636,-5.78551
117.215,-5.29709
43.7294,-1.63419
93.1137,-21.6922
35.1199,9.6257
89.3461,5.51275
72.0413,0.791611
79.8674,14.9348
73.7317,-14.9744
71.81,-5.67994
112.164,7.36536
86.7788,6.70465
80.4327,-9.73243
39.1222,-4.04959
61.0084,1.88304
106.663,0.0602491
55.0986,-7.73338
62.3382,-0.937141
36.4713,40.5968
59.4278,-4.51182
46.0969,-14.277
115.348,0.826397
56.713,-3.50183
46.4187,-3.76108
94.2034,4.68911
100.384,-6.56227
105.808,-0.149371
84.0526,2.2416
63.6777,-1.88114
59.4723,9.10853
91.1525,-5.64939
69.3215,-2.6091
56.3455,14.3348
81.1177,20.2603
50.848,-1.22082
68.8633,11.605
57.303,7.27426
88.436,-15.8921
69.4433,-1.90915
71.9289,-4.39503
40.9987,7.84239
86.2582,-13.2263
36.0231,26.2154
30.3198,-0.360329
58.3812,8.50958
83.7099,1.11733
61.5696,-1.68637
96.124,-1.54438
78.6277,-6.90884
79.5527,-16.6492
85.1811,-1.00274
62.8665,0.91936
61.2062,10.058
129.643,-5.5288
44.2519,-9.51685
75.1948,-11.4213
105.68,-3.32837
77.074,-10.4867
54.2839,-2.23124
100.581,20.1836
63.0613,5.73791
87.2076,-8.1767
67.845,4.08114
49.1513,0.782591
63.0734,1.48659
47.4869,-9.46912
71.4767,-4.04342
77.4438,3.1863
99.4188,17.2369
54.4234,-2.11981
42.18,-7.69665
36.6472,4.29836
67.9499,-19.8315
61.7141,-4.45006
84.4705,4.76727
69.8032,5.3459
75.3896,-4.36249
25.72,8.32642
37.9312,-5.22372
67.4709,-14.4469
48.5082,-3.38508
118.67,-4.95195
42.8454,12.7471
56.0625,-0.147861
99.4689,0.311517
80.4216,-7.75496
75.6603,7.80959
50.1749,-7.53256
56.2164,7.66842
93.7494,4.38385
54.1437,7.27611
53.0976,-3.67494
49.0507,-2.56197
89.1718,17.0933
74.7606,-6.65131
63.2158,-1.43838
58.4503,-10.6941
105.422,-2.65027
50.7042,-7.5727
57.8839,4.33569
66.8187,5.14698
53.0737,-0.475519
62.7876,10.2414
43.4644,5.12562
45.9345,-1.8732
75.2805,6.74272
79.2899,8.09301
51.3548,3.45983
59.7373,-1.8272
59.6836,0.65359
81.9301,3.91753
29.7341,-1.25768
64.8683,12.4319
81.4637,3.29777
38.9742,2.38674
67.5264,16.6795
60.0705,1.53186
58.686,-0.000647376
59.3573,-15.7664
45.7173,-5.0819
41.7752,0.562872
42.6196,3.76488
63.3478,-8.43832
69.6339,0.893853
52.5912,-9.28121
68.0274,5.07426
81.9277,-24.4541
83.0526,7.88232
61.9912,18.3066
61.8357,-3.91926
57.603,1.47533
90.4153,-10.5484
50.8092,1.96819
74.5683,-0.0576596
60.6262,10.2038
57.0994,-2.44419
47.5594,0.909433
59.6668,7.28056
108.074,15.4369
58.0824,0.14799
56.4616,5.59531
59.4656,1.13489
37.9535,5.85633
49.5629,-9.98668
62.7165,0.116312
48.069,25.4176
88.5846,-4.05969
44.664,-5.43895
116.879,-6.9854
53.3122,6.8428
90.9616,-7.1453
39.8421,-2.21661
47.5405,6.19038
64.8007,-7.95629
60.6386,-1.35392
52.7411,0.467664
56.4847,-0.808313
52.0086,5.92133
52.0487,-5.73519
74.828,3.38129
63.49,-0.14963
155.057,1.4717
69.8811,-3.80143
48.5917,-20.7958
49.3014,-4.56702
62.8025,-0.902355
68.6216,-3.50096
60,2.37846
43.0885,8.95139
83.1869,4.80335
62.7895,10.9372
70.5255,-2.79744
61.5828,-11.0721
92.2955,-5.15341
42.5837,-8.43017
44.3089,-6.15059
48.8275,-5.35513
55.1946,9.20568
41.8609,0.44069
49.6098,-10.9479
63.4246,-2.77599
73.2674,7.12722
102.173,5.2216
54.0917,10.1754
62.8355,-0.731923
71.776,1.98131
44.98,-2.29827
72.6572,0.0890357
85.8634,-2.18269
35.3018,-4.29197
101.007,15.1186
69.7541,16.4599
68.423,21.1251
86.6567,-2.76296
46.9227,-9.67084
66.8126,20.0239
48.522,-3.47731
63.5031,-0.26646
56.8513,-8.505
62.0098,12.7692
72.5729,-3.89396
49.0722,-21.194
57.8238,-0.212641
88.4304,-8.11999
63.1275,5.26157
50.8558,-11.3375
53.7293,3.67416
57.1284,5.45833
69.1755,-7.39791
45.9043,-5.61499
58.0625,7.60584
79.0701,-2.04251
53.7761,3.67679
117.776,15.8863
62.4342,1.42539
75.0665,-0.25157
89.7783,17.4803
46.7426,5.32268
46.7581,-4.30121
33.7914,1.11966
45.8191,-9.72647
106.6,-2.30461
109.087,-2.54086
56.0363,2.63426
132.989,-8.2918
78.1528,4.88324
59.0101,-6.6154
39.7388,-3.76824
38.2565,2.91625
77.8043,5.696
40.7588,21.1493
57.8129,8.87082
69.9734,-0.8024
75.8597,-9.0835
40.6183,6.36797
55.3843,8.73124
49.3128,-4.41428
43.967,-6.12322
74.411,-0.149155
41.5257,-8.10557
37.5451,-1.13045
56.3294,-9.85573
75.8753,-1.57153
72.1238,6.55028
58.3845,-4.57073
53.6503,3.71654
62.3574,17.5367
67.9034,-2.44514
48.4224,-1.15962
86.8883,-11.2503
65.2353,-7.48884
57.1198,7.86475
57.3519,11.8936
46.7491,6.9687
65.3349,4.47522
42.8835,-10.2958
50.9026,6.13647
72.1749,5.18846
60.5103,-4.95471
42.8525,7.0958
71.9556,15.2366
74.3586,5.12454
63.7598,2.85143
61.1736,-2.5217
43.2519,-7.19088
39.257,3.02298
56.7443,0.7778
46.831,7.16179
70.5915,-2.92299
65.9968,8.80996
52.5166,-10.3842
85.3811,-12.5536
43.4303,-2.97788
63.514,-6.80638
40.7584,-29.7523
66.2433,9.07107
44.941,4.84651
85.3019,14.0672
65.5247,-2.89058
111.52,-9.94822
56.3777,-1.21711
46.8615,4.55045
83.4007,-15.5179
59.119,1.09665
40.702,-4.77004
46.9,10.8194
74.7723,-4.36655
49.214,10.2581
73.1528,-2.84427
63.544,8.50358
47.753,-1.77359
46.3589,2.25274
73.7584,10.6512
111.901,-6.05136
68.9157,-8.36513
84.6554,-13.0062
102.538,-4.24186
73.5918,-10.3173
64.9398,-0.717594
56.0441,4.83672
43.6632,-6.27652
65.5313,-10.5218
103.336,0.322738
75.9297,-7.54279
58.877,9.16757
53.2694,7.95409
45.8711,-1.68387
48.5405,-3.95344
120.129,-0.48756
68.1345,-7.10033
69.5347,-2.08416
50.1907,1.44179
47.0293,12.7471
67.114,-6.62831
53.3073,-4.75295
37.9657,4.05986
83.5102,-3.62625
118.263,7.02226
40.015,-12.0049
37.7573,4.34462
91.061,0.971797
90.9961,8.81605
55.8207,-10.4343
59.3059,-32.0823
82.7816,-10.9074
51.0829,-5.26649
83.3792,-1.30252
87.0755,5.74757
87.3224,-16.1669
91.1602,-1.48171
63.8294,5.37007
60.0893,0.0385836
52.5132,2.81008
63.8442,-14.8371
53.1439,10.1562
34.4119,3.51223
69.6994,-3.33524
98.8588,8.55925
65.323,-1.13265
61.4442,-1.47943
100.762,-7.35242
32.2323,14.5499
29.165,29.2868
59.2333,-8.65123
72.9143,7.83527
52.4806,2.0514
65.081,3.39518
64.1706,-10.7086
48.3096,-3.33666
75.7622,0.963209
50.9732,-15.2694
83.4093,-6.8813
50.0517,2.4974
78.8141,-5.76268
84.5607,7.45449
58.3031,2.92497
69.1958,-1.75292
68.3599,9.76933
61.4397,6.70086
56.1915,3.94843
50.7904,8.04403
44.3956,14.6588
87.3416,1.9316
78.0474,-3.04957
48.2159,-16.6945
52.1608,0.627048
38.8249,4.62653
68.3694,4.84129
81.0589,0.80171
63.5129,-0.533394
122.551,10.4445
35.2666,4.9185
102.825,-2.07846
47.3181,2.04985
75.862,-7.09446
44.159,11.1977
67.646,-2.34031
51.2347,-9.17564
108.054,-13.5696
37.2118,8.23022
72.483,11.9235
82.1414,8.24549
36.7758,1.75547
74.5461,-3.01401
62.7599,-7.03909
64.3096,-2.35028
46.9215,27.6581
110.376,-2.01157
38.5982,6.04571
44.992,4.39922
61.5129,6.71881
88.4339,-1.66924
63.7705,4.24005
57.6042,4.55416
49.878,4.97853
151.065,-20.6982
58.6844,16.1508
68.6377,-7.25738
69.5348,-4.57923
48.332,-3.14391
42.871,-1.1787
58.0849,-0.740986
54.9348,2.2795
44.2378,-0.46201
92.5693,8.84721
75.5526,-16.6924
107.993,6.44993
78.2912,3.82189
56.2946,-8.0915
53.7141,-11.4754
67.4509,-3.76337
58.4498,-11.2111
57.6744,17.492
144.908,-10.4208
66.1744,6.96576
46.8382,-3.0576
72.9377,20.2041
47.914,1.6471
46.3468,-3.33429
74.7975,4.57246
54.6966,10.3537
108.844,12.5038
46.0662,0.148076
46.9019,-3.97165
45.3981,-4.25166
49.6281,2.51454
81.2887,2.69541
53.1249,-17.242
67.3227,-6.98113
60.7312,3.91386
106.606,-8.33077
48.4871,-8.40104
72.1522,3.10956
45.2629,-1.96461
58.3936,0.858593
89.2133,7.98404
72.2785,-9.11436
54.6913,4.70888
48.1741,-7.99975
112.193,-9.17866
71.9757,1.45906
65.4951,0.459378
54.5732,-6.21381
56.6264,-3.92266
77.1087,16.2486
43.811,2.89239
40.3469,2.75109
72.4578,5.63074
90.0854,-11.0641
62.7586,-6.22383
41.5787,-6.72438
83.7453,13.3503
30.3611,-2.26991
55.4214,10.847
57.0467,-13.6062
47.6742,-7.49808
51.5479,-21.8762
59.4963,-4.63141
55.5392,1.57653
48.3505,60.2972
47.6312,-8.2262
53.9568,5.88719
95.7485,-9.16779
56.5127,-11.2765
87.5425,5.29303
68.9619,-3.73657
86.2043,-5.72535
55.9674,-14.5738
81.5678,-7.82517
66.5604,-5.55845
49.7051,-5.57382
75.0741,5.17016
49.9157,-1.28133
38.8859,-11.2815
59.4917,2.20069
105.006,8.80267
55.7735,1.50338
62.5369,-8.74164
93.5035,-5.8373
51.5156,-4.34687
140.616,5.34844
112.749,0.102285
59.0743,-2.16936
77.7068,-4.46016
49.1959,6.22266
58.6911,-4.17963
126.205,4.20984
32.5183,-37.6679
54.163,8.67151
29.2196,-11.3907
57.2472,11.537
54.8253,-2.27151
52.5575,5.82112
60.1189,4.94362
42.1959,-1.95611
62.3782,7.16658
51.5697,2.76723
75.1275,-9.42937
68.1884,1.05742
53.6525,-2.70318
76.4568,2.1536
21.5312,10.9289
60.505,-3.26308
55.2546,-0.948146
53.3324,21.0896
56.0603,8.82438
59.9128,-10.9805
74.017,-3.13489
136.486,-3.00883
99.8833,-1.72314
102.911,-1.39643
53.1916,9.45406
54.5315,-14.7647
79.1557,-1.68965
76.5266,11.2939
47.6634,-11.9382
75.5332,-1.86785
56.376,13.481
65.1699,6.53802
48.2777,-1.29501
61.9315,-7.28203
60.9993,-13.2372
69.1267,-9.14155
53.2502,3.34918
68.4743,10.7225
44.1002,-6.28243
40.3514,4.13837
52.7469,0.952419
124.633,-1.79306
52.5345,-3.11513
40.8926,-3.42781
47.9032,5.17124
103.203,-0.0642197
64.6647,14.7253
68.3922,-4.31484
61.8787,5.55949
41.6977,20.7625
29.5135,15.5788
41.2508,-3.41374
35.727,-2.20682
59.549,0.761875
95.3617,-8.96421
54.2446,-2.96662
49.9674,4.69123
50.6814,7.58651
90.9104,-26.6979
135.084,-5.50602
39.2375,-0.211692
67.9469,7.31137
53.0086,5.76371
45.5002,-7.99686
41.4772,-8.80742
71.478,-2.76416
20.8514,-6.33384
33.2109,8.33298
65.26,7.42812
39.3786,-17.7325
86.82,-4.88298
88.8272,16.681
84.9429,-0.074405
44.2754,-4.68713
51.8714,-7.0955
112.637,5.9023
63.1552,8.87422
42.8314,2.93663
97.32,15.2863
54.0845,-2.9125
59.6985,13.5
51.3835,-5.90717
57.7354,2.84901
46.6297,-10.6457
55.019,-3.62811
58.125,8.60336
56.9314,-6.43207
55.7177,-12.87
65.1514,-15.9379
42.3242,-6.4151
51.4307,-1.39345
46.1244,12.8498
71.972,-2.96092
59.6889,-4.32948
85.8878,6.47535
65.0294,-8.4435
60.9331,5.08617
81.1552,-6.28416
46.9372,-0.664121
76.3486,-0.501543
69.0457,-15.8225
115.525,-2.58225
96.2923,14.1697
60.8754,5.14677
51.4604,-16.9304
41.1133,10.1089
72.7792,4.06837
48.6651,-3.74701
37.1558,3.16506
69.2628,-19.1135
69.5466,3.6676
89.7655,7.05052
53.914,-8.99891
67.1196,1.86505
60.0014,0.112125
39.2147,1.01176
44.4918,-7.61025
83.3359,3.7859
73.276,22.3356
51.7993,-6.92718
48.2045,-7.0434
60.7532,14.5139
71.5815,0.360631
50.0008,13.3249
53.4895,-6.01494
64.6935,-0.939428
48.6917,11.6982
46.6348,-4.59089
48.613,-28.2716
53.8983,-0.471117
59.0607,-5.2923
52.0551,-8.31498
65.6518,-16.8334
59.8332,-1.78896
58.5708,4.45528
77.0049,-1.46225
33.117,-18.3608
63.4913,-7.81072
60.4078,-15.8424
83.7184,15.5693
71.1398,-5.66324
38.2172,-8.05396
90.4829,-0.40038
43.4871,-8.54907
53.2959,-1.51974
62.7802,4.98238
46.8089,-1.87471
94.342,-4.25196
78.9959,-5.84218
93.956,-10.5497
67.4661,-6.31243
65.2079,4.77362
123.537,3.39359
73.2724,-1.82694
58.1379,15.2452
53.0073,-3.30848
61.504,0.417298
58.4902,-3.56208
69.5145,-5.93678
54.5364,1.72042
42.0737,2.24786
58.7758,-8.8517
54.2761,11.8066
50.7146,1.04154
77.4192,5.1213
62.3764,-20.3414
46.8566,5.00266
59.3978,5.78309
56.0816,9.63852
50.0237,-4.19663
101.568,-6.56797
70.0033,-6.84561
36.3995,-6.52913
60.3682,-3.42483
60.6393,0.120067
50.8871,-4.43405
34.2619,9.51366
52.3365,3.89699
52.7205,4.43763
40.1154,-12.0532
85.9739,7.21306
68.4695,3.96729
41.6651,10.638
54.8285,-7.59643
90.475,1.21957
109.476,1.10718
63.3121,8.41959
57.6437,4.55619
81.9686,11.0999
65.0289,0.252779
39.2616,18.4417
44.9785,-8.10022
54.5621,5.04508
36.1451,9.06934
103.628,14.5649
47.9327,-14.3437
80.3899,-0.295117
35.6856,-15.5282
61.357,6.06431
60.5941,-5.39484
56.5859,7.33446
90.5132,3.60739
47.4984,-12.8777
60.5156,-0.340563
67.4608,-9.52531
69.1281,-0.412939
79.8325,-18.087
42.9511,-12.4239
120.966,1.9341
34.0831,-11.658
54.6323,9.27694
82.4043,-17.7174
96.3133,-4.4069
37.8997,-8.56905
56.6216,-12.7377
50.7241,-8.27812
42.8256,1.97851
35.2869,-6.0032
66.1285,8.68903
54.2572,0.485963
65.9262,1.15893
39.4062,-2.28493
80.1805,1.28552
46.0798,1.47485
110.78,-5.26407
55.405,-15.8239
56.4465,-3.88201
43.7999,1.78589
50.2308,-8.85144
83.2242,10.31
71.9452,0.283809
60.285,-0.622689
62.1027,10.2971
44.4363,-0.405732
58.089,5.85115
52.963,-1.12937
52.1218,3.05484
77.4218,0.680133
77.1126,-7.2882
42.1349,4.72722
48.3566,3.92573
113.4,-9.27633
71.0115,-24.2378
90.6481,-7.42268
59.5596,0.565763
31.377,8.11908
49.1532,2.22106
56.8062,8.79537
51.3326,-2.63598
101.777,-13.1163
61.983,21.3809
80.1992,-3.64485
69.1698,-7.85366
93.7114,-6.02569
64.062,4.31497
76.9577,5.30455
71.3641,-43.3814
69.0297,-16.1854
54.7234,-9.29057
61.1263,-2.89329
99.1581,4.04433
53.0756,-7.52924
57.847,12.6932
49.0604,0.862995
64.6517,-9.0996
52.6341,2.45739
80.5155,1.33834
79.4295,6.98056
63.6331,-9.45453
31.9339,4.18649
54.5424,3.44326
60.9031,-11.3087
38.9187,5.65439
29.2988,2.22287
51.2104,2.35485
148.809,5.76643
68.9575,0.824325
60.3408,0.109191
45.1939,0.320149
50.8527,4.29322
44.5917,2.8863
72.4519,4.94181
62.2547,8.13855
38.4896,-0.135043
82.429,-3.21357
70.7185,2.89903
76.114,0.883711
66.3828,0.358991
46.7156,7.39009
65.4873,-7.21979
39.1769,4.3347
38.1287,3.1689
57.3998,8.64548
68.5719,-10.8957
94.7845,-11.6681
60.3946,-4.927
58.823,5.38418
51.1993,6.31023
67.0128,-1.48003
52.0508,5.43506
63.5895,7.14487
63.6023,23.5053
68.0044,-2.15654
31.5973,-1.77152
61.9306,2.22054
36.4124,2.89972
61.8738,5.87994
158.667,5.18889
46.4747,-10.0944
43.6168,-19.5155
54.1793,-0.943485
68.744,-1.47697
68.537,1.51132
82.871,-7.48457
66.5067,-0.527913
81.4405,-1.20045
52.9635,-0.22766
73.503,1.86953
54.1238,0.226538
71.7295,-9.12985
31.8256,-6.02279
44.8755,-10.9875
97.3676,2.59162
90.1153,8.62391
49.8819,-15.6055
80.7138,-6.10963
63.4605,5.10715
90.934,2.79757
72.2058,-10.0277
56.6484,-2.27678
60.4055,9.21712
63.4874,-12.9144
105.752,2.99791
79.8361,-1.22919
43.8419,33.6688
45.8949,-7.32449
49.401,-0.786777
47.337,1.34982
47.048,-1.39138
46.1862,1.35819
59.832,-1.14866
85.2976,3.14538
43.9139,-17.5253
61.7293,3.5124
52.4888,0.0113507
77.2647,18.6195
127.924,4.93973
78.6543,0.623768
42.3202,-10.2017
138.892,-7.13339
82.3524,5.11133
70.5514,1.09316
63.5034,1.34576
69.4866,9.15109
62.5957,-6.99666
61.6958,4.57026
42.2371,0.086101
121.348,-5.17253
72.3804,-3.79587
51.8583,-4.66093
59.7552,-10.3523
50.2067,2.06064
71.1111,-2.25041
52.099,2.16331
70.5461,38.0633
58.1054,7.78089
72.6323,-2.84491
57.7012,-7.75254
43.8704,1.19376
49.2294,0.924064
82.052,10.7713
67.8388,5.41892
52.0238,-16.9788
97.1474,2.3861
48.9795,-1.54162
73.2387,-7.02424
135.639,6.99377
85.8999,-3.81434
75.7394,-16.8176
73.4548,4.39974
47.4437,5.44357
75.8873,20.0665
65.5094,0.962604
59.9252,-5.01751
50.1721,-8.64643
58.3724,-3.65469
73.9211,8.53591
66.965,-5.55241
54.7849,2.63991
41.7752,-22.5298
60.0855,-2.80158
44.1434,20.1966
71.2239,-0.376859
68.8517,-3.97843
77.0768,9.20836
78.0941,1.40757
104.081,-6.46318
47.4922,-5.09851
29.0753,5.3755
70.0642,2.39283
51.5486,-4.75584
59.2362,-18.1412
71.7723,2.18429
56.0944,-39.5306
84.8722,-2.46672
42.8841,8.20346
119.935,-3.40062
47.9122,6.65921
38.7792,0.727564
50.9375,-1.11461
78.5771,2.72502
101.204,7.87688
64.0058,-6.7312
120.02,4.78527
67.6785,4.38679
75.2396,-3.07391
24.3519,8.42374
61.7393,3.96155
149.273,2.82014
137.051,-19.0323
153.575,10.0315
74.224,10.4609
85.344,1.10278
45.1204,10.5604
59.3844,1.40588
72.0349,-23.9841
37.3345,-9.00128
38.7426,6.25645
69.0008,-7.40481
61.4461,8.29685
74.5656,-13.2737
51.3493,0.247772
78.8667,-3.40045
71.1271,-9.8856
36.1793,6.71333
39.0126,6.56646
92.8807,-6.35662
64.631,3.82137
74.8721,6.46715
45.6815,6.08788
53.5651,-5.69902
86.6162,-0.0639607
71.7981,14.4841
55.8795,-3.55565
68.0076,-1.52703
70.4436,-1.85516
98.2477,4.34091
58.6069,7.45406
47.8832,-1.24331
71.0303,5.32488
129.71,-1.29902
42.0011,-8.424
49.392,-4.40254
66.3842,2.63033
62.0368,-6.43781
61.6579,1.02078
70.5028,-7.14448
69.0115,-2.9967
64.0756,-5.87977
88.0551,-0.649749
49.9604,1.81749
84.0132,0.51626
45.6763,-1.98809
69.8572,11.436
35.7584,2.5037
120.69,-3.69755
73.8554,-8.05568
46.9897,7.36804
74.1272,2.44414
47.0603,-1.83458
45.2076,-2.35278
69.2518,9.71987
67.7975,14.7631
69.6945,2.53055
97.4928,-12.4306
52.0013,2.37747
63.2153,-6.53728
90.5351,0.273106
31.9645,6.27186
59.3033,-7.63787
56.1479,3.64904
64.2467,-1.66941
58.8283,-12.933
51.9333,1.31555
84.3314,14.2374
31.8541,3.20835
40.5031,-11.4822
61.1563,-2.66089
35.0579,0.425153
97.1691,-4.60884
85.9041,-8.03622
75.9953,1.20869
67.7683,5.08626
63.1624,-6.6706
52.3181,-1.33804
65.5818,-16.1026
64.7626,6.42158
101.392,-5.73458
64.1315,-22.553
34.5285,-4.92627
103.041,5.36144
73.6525,-8.37121
130.571,-12.148
51.7979,-6.35205
57.8218,-5.34901
49.3376,7.48129
131.299,4.29616
59.4144,-20.2553
98.6623,-0.995103
47.3719,0.305777
50.6884,0.421183
45.5082,0.127533
46.6523,8.55951
87.1632,3.38202
78.7029,-3.50645
18.8961,4.30557
57.1663,-15.2938
154.31,7.86617
41.9717,-8.3618
43.1915,-14.758
44.8548,-1.39048
71.461,4.80909
52.3342,-2.90624
70.2283,5.86963
57.1018,-7.65051
77.1346,8.48891
49.5271,11.3064
64.6531,4.38468
72.4436,14.0972
69.2119,-9.3144
58.0747,-4.75126
141.708,12.841
51.431,-2.79692
38.8916,-3.22441
146.285,-16.3339
62.7,10.5971
93.6035,-0.657302
52.2635,-8.12474
56.8286,-8.51756
50.2193,-4.55321
48.4841,-3.74546
44.5899,-5.73618
77.6774,-2.2476
36.5398,-28.7452
76.0844,2.51587
48.6151,3.14033
153.906,0.131633
53.3515,6.17683
56.5202,7.63765
41.633,-3.48944
91.3751,-6.51484
70.3109,-8.10229
70.2588,5.92474
60.3461,0.84927
59.4571,16.1198
40.4398,-0.268272
89.0323,-1.76431
79.3245,13.1053
53.203,0.393
52.0413,0.594248
45.2683,6.78717
88.5149,-0.211606
45.1913,1.6253
72.133,8.78562
66.6057,-6.142
138.423,13.7327
56.8591,-8.39422
49.6235,4.45981
64.7274,4.89886
69.0648,-2.19223
45.9065,7.16287
65.2684,-5.41581
100.379,-9.19209
70.6749,-1.14245
100.616,1.27404
62.0585,-3.07849
63.6647,6.14912
40.287,-10.3027
40.9285,0.852421
50.7304,-8.68851
62.3568,-0.683931
69.3316,-12.8648
53.277,3.63829
70.2858,12.3861
108.438,-2.47129
55.8975,4.62489
41.2113,3.74382
48.21,13.5147
82.224,-3.57006
75.5769,-3.12199
80.9427,-4.01261
41.2789,25.8721
65.3433,14.3354
71.5741,11.3869
80.6183,-3.97515
81.43,0.776074
50.9221,-4.19961
60.0404,0.848494
74.7064,-5.64814
67.3506,-0.670767
88.4708,13.6277
57.3203,3.74874
45.6878,-2.68039
74.7124,7.62229
68.086,1.72457
60.2282,5.00089
63.434,0.424592
55.2108,0.398913
49.1843,-7.60256
85.8366,-14.6796
68.3211,-5.45025
54.5075,-3.31996
61.4344,5.92763
92.3885,11.1635
58.7336,-8.17838
47.6576,0.255929
44.3122,1.47653
53.0958,-4.14191
97.9813,-12.5855
37.2371,11.0096
102.253,-3.40658
64.1572,-8.68148
63.0399,-8.73759
75.2281,1.37313
56.3917,0.394036
67.6393,4.66205
65.5439,-13.5095
97.2328,12.1457
51.1803,9.70511
81.9158,-3.76401
65.5435,2.51441
63.5655,-4.00272
68.0545,9.35376
82.5613,-2.99485
51.7323,2.58687
107.748,-1.54196
43.0832,3.78231
64.9515,8.98329
48.2026,5.57321
71.8789,0.25334
69.8794,-6.86766
41.8865,-4.60306
50.1688,-6.28153
83.9526,1.25604
61.582,-3.35051
48.4723,-1.4752
65.6194,-34.3347
36.8584,-12.0913
87.2168,1.64753
67.0191,8.63064
73.6124,-0.193393
48.2536,3.65133
61.2065,10.9817
32.4126,3.86056
72.7648,7.86734
59.3437,8.34476
67.2057,4.73957
65.8439,3.41542
27.9745,-19.91
100.368,-4.57984
92.5366,-1.24011
129.055,8.24675
44.1281,1.88132
79.5294,-21.1599
53.2864,4.63909
44.5848,16.4402
51.6996,6.0054
47.8163,-2.63102
72.3562,0.587903
44.2821,-6.52671
85.4137,7.3664
43.9334,3.10447
87.3866,-13.9253
58.5166,-1.96932
56.8413,7.2551
47.1577,3.36687
32.2847,7.4834
55.0316,-8.80206
93.9714,0.57487
74.4419,12.8798
55.751,-0.95803
38.5847,1.21366
73.0391,-10.0189
56.8521,2.52722
60.6424,-1.44343
63.4516,26.5413
59.6325,1.94614
82.3242,13.3145
66.7389,1.27533
52.3058,7.33994
50.071,-1.59513
54.2006,-2.7794
52.4021,3.48974
72.3406,-20.8276
66.309,-1.10438
51.5869,-3.12216
64.0196,-9.50231
69.7857,-5.58275
49.1868,11.8736
87.6381,18.0571
64.4872,-1.39207
96.8098,-2.43055
54.5628,-6.17117
119.968,1.83298
39.7567,-15.0374
74.9416,2.86938
42.056,-1.17149
123.34,-0.44984
50.9863,1.60463
36.0732,-6.90642
71.0744,2.79554
69.009,-2.31148
51.6594,-5.14189
46.7331,-9.58699
43.31,-0.73024
46.3176,18.8276
100.695,5.5011
104.851,-0.784576
72.8921,-0.094301
127.451,4.01088
47.2367,7.60658
125.115,7.32169
54.4615,0.911591
47.9788,-2.53707
45.9353,-13.866
104.727,12.0905
97.409,-10.1161
54.675,-2.95553
54.0886,-3.66281
58.2814,4.67276
74.2298,4.79092
87.2799,1.83622
75.6168,0.746295
43.8031,7.5213
61.2017,-1.96427
94.2518,26.6079
93.1758,8.58403
63.4112,-3.88909
40.0089,-5.438
91.0338,12.2492
50.0381,2.94133
55.9158,-5.05902
45.6137,8.88432
87.3679,-19.2623
55.908,13.0926
63.5655,0.563994
70.4157,-1.01172
56.0142,-4.6627
67.5309,-6.61437
52.3114,-7.78379
98.9644,1.1459
58.3409,-18.1613
51.0657,-7.86695
69.6547,-0.463176
59.5408,9.48582
40.4477,-28.2182
39.8116,-2.57315
60.7394,-3.31922
66.018,9.26235
42.5384,-4.28347
45.726,0.38644
82.6851,3.65927
134.991,-1.04335
50.9672,-0.278458
54.0542,-7.87567
26.8907,-4.79559
61.2483,-1.20244
59.1351,-5.93056
57.7548,-10.7228
71.9209,-4.13906
92.6776,2.8251
57.8005,17.6426
66.8986,-0.627566
68.6898,1.27956
99.5699,-5.17214
46.6016,3.3519
59.2541,-0.970373
65.5071,9.34059
36.6605,-17.4874
78.9931,-6.66417
74.4903,-5.85953
67.5714,-9.34202
84.1271,5.89958
51.6392,2.91043
117.92,2.00216
61.6624,2.04143
52.3295,-4.57781
53.913,-5.00931
79.1428,-5.14452
85.7757,-5.79656
62.3611,-4.1536
49.1262,22.0522
66.8478,-3.54041
44.1545,3.15194
64.6786,-11.2366
53.0158,8.81134
84.1805,3.39777
78.0434,5.04495
62.3245,-11.9536
48.2649,-5.82081
38.7441,9.5087
135.479,-2.00462
74.3241,10.5213
86.1326,1.16787
66.2402,0.492092
54.8192,-6.09388
57.3511,-5.1904
44.6203,7.7843
35.181,8.56707
54.2585,-10.7832
52.5642,10.4576
71.7349,-0.0200686
44.8022,-10.0976
74.55,-14.6873
69.081,5.43312
47.3686,12.8547
57.7453,-13.4519
139.468,8.70655
50.4274,-7.63204
37.9386,-1.52932
65.32,-1.99944
39.2871,12.7516
86.512,3.06614
35.7985,-2.59412
90.2141,6.31571
57.2768,16.7557
43.3803,-4.06358
51.0107,-0.529467
41.966,1.35595
77.2509,-5.17508
134.939,-3.30032
57.2389,19.5184
61.4596,-11.4948
93.5726,-5.04685
85.7141,-5.72712
50.8184,14.3071
68.9042,-12.314
59.9981,-12.9992
89.8223,-0.892084
71.2055,-18.1515
97.1934,-7.53291
53.9497,14.8675
60.2692,10.0434
40.7966,-4.48959
91.1915,6.3218
56.8114,-7.92806
32.1202,5.89107
31.5416,-2.74522
62.2323,-6.80189
46.9604,11.4677
59.4552,3.47222
33.7213,-2.38787
110.016,-3.48478
61.347,6.78027
42.819,1.36786
73.1145,-5.49747
126.176,4.09491
74.3958,1.48456
164.569,5.21431
54.1568,1.30235
42.1632,2.59736
91.6489,10.2502
65.049,-5.84748
60.0826,5.08406
58.1391,-10.4763
56.3057,0.411472
45.1488,-8.32853
88.2468,1.05246
35.3784,1.58201
42.9245,-3.126
46.7006,4.92666
53.7479,6.78424
94.406,-8.51601
56.7797,-3.20753
55.8207,6.94133
56.0408,-10.1564
47.7913,2.58044
64.6894,0.0299519
38.2002,-9.94006
54.0117,12.4091
52.6143,14.6073
61.0812,8.33151
72.6869,-8.79408
38.8767,-0.35446
63.0379,7.95586
50.06,-6.03484
61.9536,7.41051
53.8218,4.17514
102.2,2.49982
90.0305,5.15743
46.9838,4.52097
57.9676,8.29262
57.76,8.96244
75.0878,4.71065
86.4065,-7.98624
50.0292,-5.13295
47.3199,-10.0436
84.2474,6.61898
57.5089,-4.14264
32.3309,-2.9838
59.0967,4.12033
38.5356,8.44277
87.695,-26.239
45.2093,-31.0641
74.2641,7.26187
30.0446,-10.639
40.916,-1.92033
62.0535,13.733
58.1891,-0.505643
38.7778,5.91934
53.0025,4.6832
78.9381,4.26539
116.09,5.74205
40.848,-4.48062
49.8957,10.228
72.5225,-15.2825
20.7162,-6.48614
70.101,7.0914
44.265,6.0439
64.5694,-8.76137
89.5795,2.58592
58.2494,-8.65101
35.9797,-11.5768
38.9367,-7.39191
82.009,1.28396
54.3719,-7.64507
61.0071,8.44648
37.97,8.64203
97.3351,9.80649
39.6064,0.548327
70.1964,6.46025
49.9389,0.269783
103.228,1.90743
42.631,4.49184
56.941,-28.5267
53.777,-6.95156
91.2348,-5.0242
70.1197,3.15065
43.405,-3.61201
55.8477,-2.01368
45.7074,-4.73534
58.2672,-1.86306
68.5436,-4.26608
91.081,2.52934
52.0679,2.00928
60.9654,-2.59192
120.062,1.38292
52.9043,3.29363
49.6118,-8.20786
71.3076,7.88737
51.5244,-3.41353
61.2838,4.85972
53.1327,-2.32762
36.0029,-5.35354
37.6546,8.90621
54.3405,4.21463
75.7527,16.5023
62.8715,3.62397
56.4269,2.23854
46.9236,12.7788
35.3184,-4.24972
78.6094,1.35608
117.256,-7.62945
54.5625,-7.72802
53.9603,-1.97959
62.5736,5.64727
68.6818,10.7981
72.8274,-7.68081
65.1088,6.20099
63.6049,-10.7961
50.1319,-5.02135
65.0386,-19.1428
33.5033,32.5391
53.4057,6.95886
55.7572,1.75266
52.5819,4.61911
33.9947,6.09301
59.1936,-5.79682
54.8684,-9.13443
34.1586,-3.40925
87.6123,-0.687211
37.7172,-6.33992
31.7615,2.14497
82.2794,5.48228
54.3324,5.50761
48.3949,-0.0264992
50.5425,9.60731
55.5908,0.324076
60.5965,-8.15792
67.5277,0.906973
41.6889,-9.30132
64.3873,5.2538
82.3238,12.5432
81.4525,2.12464
36.7067,-4.14933
73.0267,1.36156
63.2087,-12.3688
85.4287,3.51711
54.907,14.2612
113.113,9.31069
47.8817,-9.88689
52.7284,-7.49424
58.0349,-10.9702
57.853,-1.23377
41.8833,14.2117
49.153,10.7955
52.0465,-2.48243
34.4434,-0.820441
154.134,9.9367
60.7871,4.11437
77.3152,-2.47138
70.7848,-5.15363
52.1812,-0.819016
45.798,-63.9611
110.892,13.8523
48.5139,-6.02085
45.4707,-10.0499
86.2548,7.19692
59.6023,0.722816
53.2603,-6.00842
52.8014,7.59536
82.5065,1.65957
47.2474,2.0464
69.7223,-6.88937
43.639,-13.4666
88.6438,-5.34163
84.4043,4.36689
45.4288,-4.96999
56.7187,-3.00844
62.4172,-15.1279
53.6949,-2.78104
49.3662,-2.46827
67.1392,-5.82422
46.6861,7.65129
42.5323,-5.23097
49.5009,-15.3001
130.376,1.90928
65.4372,5.49251
47.9379,2.2987
89.1031,2.45645
71.013,5.12143
54.7592,7.36329
49.5164,4.12896
98.1434,-21.059
61.4252,-14.7678
98.9601,-5.09027
68.125,3.25746
84.6443,0.154291
53.7225,0.965366
62.4443,6.94332
43.0124,-4.33504
45.0855,4.79433
98.2072,1.02963
58.1923,-2.38821
67.348,-6.93611
61.3836,3.66617
78.6323,-4.40539
74.915,1.10809
35.364,0.0211476
66.3213,0.726053
110.693,-13.4265
63.7044,9.31315
111.756,-4.95083
93.3141,-1.36808
46.6615,2.48968
61.2961,7.89203
81.2221,-8.39866
56.6521,1.23221
78.1014,11.0764
53.1672,-4.42317
57.6048,3.16847
53.0904,6.92252
55.4093,8.74842
117.243,-5.98145
94.3082,-4.33448
117.483,0.0585228
56.0249,2.6015
93.1257,-2.35481
57.3539,-3.30528
36.7508,10.7696
110.795,0.492221
69.408,3.05566
96.3428,-14.7432
69.1731,34.7629
51.247,2.30466
91.8322,-2.41342
108.598,-14.1539
85.2936,-5.1043
66.1821,8.93534
62.2673,-15.0607
64.0803,-3.70847
89.4652,6.49741
57.6624,-17.3898
67.5861,9.28967
73.1409,-6.29866
53.2402,-2.60206
53.2619,-7.35552
81.2884,-0.575474
196.588,1.58331
28.5614,-8.35192
69.5462,8.57717
51.8933,8.58571
64.0634,-5.82133
44.1789,2.39693
94.5422,-11.6936
45.6055,13.0487
52.029,2.63814
95.4822,2.0208
31.1665,-1.66954
38.155,2.62683
62.1808,5.74865
35.2842,8.47885
86.5488,-4.88523
47.596,-0.349842
40.4538,-5.94248
85.2162,2.95674
89.9482,-5.73614
49.5221,-1.1885
54.3107,-4.11368
52.0936,-29.6017
91.6387,8.61463
103.126,-2.1293
78.2025,0.257612
118.13,4.99925
60.5652,-15.5625
67.6255,-8.576
77.4314,-0.381952
40.8016,-2.32921
136.29,8.07575
48.0974,-2.79554
71.8529,-3.23265
58.3865,9.50201
44.4764,-3.2292
42.6504,-3.74058
141.769,-10.4271
55.8542,-18.5328
61.3834,3.88326
82.4411,-1.74934
50.0993,6.4618
76.1761,-11.4762
36.2863,-3.26476
95.2332,6.53297
63.8633,7.64762
111.847,7.62682
124.007,3.79664
85.3327,-4.05339
34.7577,2.9418
48.1471,12.7475
75.5481,9.98076
62.5946,-12.2439
58.8628,-3.91865
54.4927,-0.656396
117.992,-23.1668
40.6639,-7.10529
48.2383,-1.35742
74.3804,-9.96043
102.095,-8.83754
42.3686,5.25358
55.9193,-8.3984
51.5153,5.22454
102.426,10.5083
79.1671,-6.1745
50.9003,0.740857
53.2784,7.20192
46.7444,-13.9631
57.0008,-10.7931
75.25,-7.59091
91.584,8.3347
59.3126,12.4124
49.865,-16.4723
61.694,-6.4899
44.748,6.25451
53.0249,10.4874
53.5159,-0.491833
64.643,-3.37529
64.0698,-4.67513
63.001,2.23086
59.1291,15.8969
89.7427,3.47101
87.8577,-3.85331
74.7133,-9.61111
64.2854,-7.83674
37.4853,-10.6297
75.6494,-9.85176
68.2628,-1.23843
42.4993,-2.01869
81.8506,5.42056
71.6325,4.60569
78.7353,-2.79438
41.0015,-0.814744
52.4367,-2.9715
69.0836,-7.15661
59.4855,4.06884
55.7196,-12.6253
56.6873,-0.82234
144.637,-7.25026
67.5028,-2.65057
71.4545,1.29436
80.2869,8.02556
66.7902,4.75264
80.7613,-4.51454
77.6612,9.30249
75.9952,-2.83563
99.8065,-1.10718
90.0787,-6.21869
83.0291,4.47384
42.5216,-0.658856
61.4508,-6.43595
67.9168,5.61331
52.7565,5.38975
50.352,-1.72444
67.7187,-8.33552
55.1095,6.07307
81.1281,12.1345
94.4091,2.47656
50.4777,3.93868
59.4388,-0.90693
47.2467,5.78214
35.0874,3.80325
45.0344,6.90469
64.2075,5.08751
46.3211,0.116484
69.4938,21.5605
73.1252,-13.5402
48.8363,0.993204
64.0209,5.36329
66.115,6.55753
28.6596,-0.668437
52.9273,1.8221
83.3699,1.525
73.1009,2.29641
54.7174,-1.82504
53.2301,2.82575
54.2171,1.07072
89.1676,8.51592
34.7033,-12.4062
138.895,-24.1023
52.3907,0.288557
51.5478,11.3024
58.3167,-2.56551
81.9402,-11.0803
71.4582,-6.00967
70.2254,-7.098
41.2671,-1.57977
55.0859,11.492
53.5064,3.88123
54.7333,16.1508
57.5518,-1.00123
49.2099,6.62913
56.2553,-0.995448
58.5453,3.63687
87.2299,-1.1077
50.9873,4.32192
56.1597,13.283
45.6821,8.28222
93.8736,-4.88259
66.1284,-1.66246
57.6663,-8.20359
119.245,1.12432
39.208,1.50558
38.7319,4.20958
51.8301,-1.16364
66.6783,6.14122
141.233,12.1694
66.4544,-4.51942
35.6706,-1.5294
75.9545,-11.4163
60.7148,2.64423
51.9687,3.31504
95.8411,0.183984
50.3769,-3.35928
66.9859,-7.53998
60.562,6.13816
64.6709,-3.37904
69.4154,-16.2966
55.1439,-4.05244
57.5327,-6.4019
113.171,5.58474
57.9139,2.19995
40.0151,-4.99463
57.9141,-12.4639
43.5965,-6.44946
48.6441,12.4617
90.5258,1.86764
93.2496,-0.979091
52.2927,7.88024
84.6275,0.395762
79.0638,12.5277
110.947,6.81773
81.4491,-0.391705
77.6619,0.680003
39.5279,0.515829
59.5006,5.41607
55.0182,-4.48791
63.3008,-4.29037
54.711,-2.57807
61.9763,4.86952
56.3845,4.93758
47.1615,2.01381
47.8384,-7.2724
65.958,-10.6277
44.3162,0.893292
111.737,-2.84228
59.1349,-5.63942
55.8567,-6.74026
64.6937,-4.37048
53.499,1.99349
53.3946,-14.9712
113.205,-10.169
58.2519,2.02063
84.8481,-2.75286
72.2568,3.3307
76.2558,-11.6207
71.0532,2.28554
40.1884,5.6761
27.4356,-14.7867
65.434,-0.260806
52.708,-10.0097
57.0791,19.1065
44.6309,3.48128
37.7272,-16.0937
25.6424,-1.44024
49.9951,-6.39784
97.193,15.1034
40.7073,8.68144
100.737,1.14413
42.2653,13.7889
22.6713,-11.8079
42.9012,9.49463
67.6533,-15.4496
71.0543,-6.67431
45.515,0.587903
95.5195,5.62686
47.6538,0.238709
59.9128,6.10773
39.4056,3.42811
52.1979,-0.315272
83.6015,-5.01034
72.2968,13.0709
48.4951,-4.27553
112.501,-8.84565
80.7495,21.3279
42.0689,8.9728
52.8896,-4.2123
51.4601,-0.04769
42.7646,-3.47291
45.1891,19.9892
98.213,9.4213
49.3493,-0.537106
99.4281,-11.2771
48.9054,-8.88519
53.2586,-4.44
54.2347,8.0392
64.2423,0.923978
70.6984,4.76205
77.0876,7.14478
73.1996,-0.747503
56.1128,-3.23804
84.8211,10.8693
35.9185,6.79744
57.3586,-0.0275782
185.111,-9.15765
60.3148,3.8401
55.8704,-0.493948
45.2625,-3.74843
31.1263,16.6645
44.1236,14.2106
58.5269,1.99711
55.9456,-5.34978
65.2623,11.4621
46.4897,1.47917
80.4257,-16.2899
63.8739,4.56831
58.2823,-8.30527
38.986,-4.78303
64.3008,447.495
61.3429,-3.35448
131.498,11.8039
37.2951,-4.09301
69.632,-2.37583
69.9107,-11.4633
89.7225,-4.8138
72.6484,-10.9392
40.2293,-4.0388
50.4675,-1.61576
56.215,26.8312
53.3869,-6.61122
112.936,-9.35406
56.9453,-1.51015
54.0702,2.12987
52.6686,-0.746295
66.1465,-7.9502
55.794,3.05786
36.7123,2.65178
57.8443,-9.24331
47.4653,-3.7244
77.1451,-1.55767
85.4206,5.89263
43.4387,-7.44793
85.3657,0.582897
28.2773,-19.9501
80.73,1.83246
51.5418,-4.21217
48.5726,10.7139
57.9829,16.0455
46.3124,4.09612
86.2444,-17.0847
57.9042,-1.89629
50.905,12.2416
44.3446,-2.41122
74.4433,0.706503
78.9273,-0.0711682
34.6437,15.0666
59.3783,4.82567
49.6737,-0.969596
39.3436,-4.54069
92.262,4.03669
42.9139,-1.53812
29.4796,-12.8485
42.2158,-5.48901
64.546,-3.24715
61.3094,2.93425
62.8553,-0.0917547
45.9441,-4.06233
52.7466,-3.47395
133.552,2.77327
57.3854,-4.73896
70.8244,-9.78077
46.2768,-2.16055
62.2495,-0.554154
66.8301,1.64731
59.7046,0.0889063
35.0748,-4.35412
63.8107,-0.557477
51.0162,4.80655
74.6509,-7.71244
93.0234,5.9461
38.439,-7.24094
53.5198,1.11487
51.58,7.8786
55.8369,-18.7612
42.907,13.7584
26.5428,-12.9129
83.5761,4.16763
62.1204,3.30779
83.3711,-6.58139
58.378,-1.14542
42.5314,2.61842
44.8767,9.51828
35.3467,5.93492
64.0044,-4.5416
68.0803,24.2473
55.0952,-1.99301
100.197,6.94811
92.7707,1.26912
65.7156,-4.68609
39.9286,6.46629
40.2022,16.6972
79.1362,3.54045
50.2798,-1.08509
69.1147,1.64067
50.1121,-0.839473
78.4892,7.87593
102.645,8.06906
78.2526,-8.93499
59.6077,6.38463
79.105,-5.37089
36.9136,7.22709
60.5086,-6.54695
62.5433,-3.59444
44.9496,-0.65441
51.3969,-2.57125
57.1114,-0.189293
53.6992,1.0658
73.3287,-8.96645
93.4613,-2.5072
59.2979,-5.05631
97.1277,-6.24907
71.7495,-5.04871
71.4336,-1.45392
49.5802,-11.6643
34.3785,-0.725881
47.5427,-1.40109
96.8087,-5.02174
43.517,-1.0254
75.7901,8.3259
58.8318,9.60511
61.6665,3.48534
58.1688,0.462312
93.3029,-5.3831
49.6219,0.0315056
79.115,8.27368
16.241,-42.3122
101.84,-5.50722
63.8104,-7.08496
24.585,-11.6108
79.6575,5.58556
60.62,5.9502
69.4009,0.458342
60.6598,1.3339
113.178,-20.9677
75.8666,12.351
92.4713,3.40105
88.0426,-15.5589
88.3594,-5.00926
89.6169,-11.9972
61.4939,7.71361
48.1172,6.45546
123.044,-5.50701
138.706,1.76151
47.5187,-9.25868
83.0181,3.77588
63.7761,-2.60556
59.2715,5.71188
76.5999,-10.6786
62.7453,-9.83687
33.9857,3.33221
45.7718,1.23532
73.59,-2.67854
70.0357,5.39864
50.6745,5.67192
20.9007,6.97785
59.7653,-0.568568
79.4925,-3.26666
84.8441,-16.0589
51.4219,9.70148
74.8432,-11.7431
44.3546,-0.951124
43.6444,-3.20757
93.2257,0.00634428
84.3206,10.6644
80.8737,4.23237
42.1789,-1.77718
61.7703,3.16372
59.2215,-12.2151
57.9781,8.5968
83.9447,-3.20321
67.1662,-10.0521
57.3374,5.26977
53.6143,1.48711
56.7817,-0.914958
86.2288,0.570511
71.3263,-9.98547
50.2769,-5.89155
33.2337,11.0879
40.4142,5.24115
53.8256,2.43137
51.6805,-3.75228
46.8724,-19.7554
64.9191,-3.33787
44.7912,2.71734
58.9835,-12.6775
41.9664,2.39162
54.1948,2.31221
151.438,10.8881
110.762,4.26288
49.4323,-1.09432
67.3969,-4.12888
41.5534,10.7513
53.8432,-5.88434
71.197,2.84004
54.3941,-12.5161
96.346,-6.89157
45.669,6.43655
63.6125,4.51566
47.5636,-2.06448
51.8393,-6.52563
73.0998,-0.940248
47.3146,0.694807
159.967,7.18406
85.0086,4.46624
73.0837,0.914137
78.6886,-5.11737
68.6838,-0.983105
56.4437,-2.7813
74.1756,-1.51257
72.4293,-6.0754
40.7136,-10.2357
60.0522,0.267711
84.8787,-1.16027
63.3277,-6.65355
92.5107,2.87922
49.5832,1.85244
80.4035,-6.96736
86.0775,-4.35671
54.4783,-3.3011
59.2913,6.76145
22.215,-8.0234
49.9656,0.588508
70.5814,-5.30373
38.9396,-11.3367
57.8124,-0.155715
78.1407,-4.46465
61.8793,-13.5343
83.6173,-1.20023
33.9166,15.5363
47.814,1.31206
52.07,-4.10777
69.8175,-18.1867
86.7311,5.78396
66.5552,3.05233
46.6233,5.12195
56.9552,-1.83255
54.9592,2.29559
50.732,0.891997
59.3967,4.59632
69.721,6.53949
70.1362,19.4944
79.9254,3.44141
64.0291,4.15835
67.5776,-2.71445
105.361,-14.6894
62.5987,-5.93782
43.66,10.8302
104.928,1.40368
76.1236,12.126
62.3737,9.52894
90.3859,12.6763
59.5126,-9.82241
63.3246,1.07313
58.9804,-0.667574
48.3435,-5.85836
36.0032,7.52389
57.1721,-4.85057
48.2861,-19.9711
76.9021,2.42684
54.0367,-1.28448
79.1882,-2.7863
65.3987,0.796315
45.1463,3.71481
544.819,-1.50183
47.8819,4.70189
65.9459,0.705251
74.7463,-3.46065
40.5727,9.61668
52.7761,8.31131
52.8203,-7.10624
43.9932,5.43623
42.9617,0.320278
54.6939,-6.41139
42.8544,8.56737
56.6544,-5.50757
78.3226,-4.25533
99.325,-4.46227
54.0407,0.950952
73.4863,-8.98221
56.0335,5.82975
115.965,5.9862
49.2081,-0.402452
62.3778,2.46339
44.5391,2.78695
47.7213,-1.89491
101.309,5.88646
86.3957,-2.68898
80.5409,7.06705
62.337,-0.310827
55.4748,-7.36032
48.2361,13.1554
64.1809,-3.77899
64.7604,0.626271
194.732,14.741
79.6981,4.0051
27.5937,-0.31989
113.552,-0.319501
69.5074,-2.5649
59.4905,-0.108716
29.6488,4.18438
84.046,-0.884013
88.1801,0.942061
55.1804,-18.6054
45.9611,4.36232
77.8293,1.02579
26.6591,12.9644
52.1847,-2.29197
52.5184,7.12549
57.7655,5.6411
64.9336,-7.82125
79.3702,-7.20546
60.1545,-7.05096
48.0704,0.327011
41.9032,13.288
56.7387,4.53176
47.5213,0.928596
46.9385,-5.43601
85.3443,-6.21412
67.9698,-0.244665
109.098,14.8943
39.2997,0.494811
47.6984,27.7989
45.3034,3.72146
59.6596,-15.1514
45.4671,-0.333916
52.8804,6.02819
63.571,-12.7517
60.5458,6.05585
56.6312,-8.42896
111.557,-9.95457
49.6326,-12.9703
65.455,0.134223
24.6628,1.82646
59.677,-0.646297
104.822,-3.99836
62.6904,-2.83658
72.0014,2.65389
32.875,7.04608
71.5596,-2.75933
55.6464,13.1294
43.6316,-0.991132
53.9089,3.08582
66.8588,3.85236
45.2401,2.77629
64.782,11.3429
72.3212,-7.19234
60.6642,-0.525108
37.2673,10.5321
58.1545,0.0774261
65.4559,2.29339
66.1826,-7.22734
62.6357,10.6091
50.105,-7.67977
71.1745,-0.907318
61.8188,9.20607
35.9949,-2.12943
85.9526,6.37018
54.5038,5.7023
48.1011,8.78881
45.4941,8.48839
50.7534,-12.62
61.3533,-9.87097
57.8189,1.36195
38.8217,-3.47114
79.702,6.14588
58.153,5.15712
86.8673,10.3587
54.3404,5.01142
50.8452,5.78922
61.0649,25.3905
59.3093,1.314
50.1024,14.7508
47.4905,-22.446
60.2458,5.2412
52.0397,-4.80758
48.0532,7.44396
49.1052,1.77774
76.257,10.6681
41.3417,-0.39546
58.587,5.29022
152.991,-4.89334
50.0264,-0.425585
63.3295,3.05648
37.4185,9.20033
56.7647,-0.464988
80.797,13.1643
73.7453,-5.40559
43.0575,-10.3513
46.8867,-0.854795
52.8997,10.1106
79.9489,-4.82726
54.4595,1.04555
26.1366,0.796229
128.243,1.80519
53.445,4.72183
86.9225,0.404221
88.3606,6.58981
64.5966,-3.5894
39.094,1.42656
36.0455,11.2042
79.9573,2.71255
57.5927,13.0083
64.7563,13.2295
47.5885,-0.333096
72.2044,4.52774
108.192,-0.153385
57.3563,-15.6385
94.9397,4.44618
85.6634,-0.930624
42.7031,-19.7305
53.4746,4.09245
83.4081,-4.07834
73.7098,11.7385
78.7952,-2.80516
85.6538,12.8089
71.7145,4.46353
43.9999,5.44685
76.3134,9.67978
57.867,5.07957
44.391,-12.8354
154.879,-2.47224
55.9548,23.9666
44.921,6.29707
49.4772,-1.18133
134.42,-18
56.1937,-0.710646
53.8633,-2.22283
46.2339,3.27559
83.0292,-2.6545
62.0017,2.44743
78.1239,-8.56491
62.7291,-4.2227
48.1432,5.95465
58.9339,12.6272
39.0522,-22.6289
30.0005,24.6386
90.8111,7.30524
60.5543,4.49736
60.129,-11.97
97.7597,2.91906
82.7707,-7.1147
45.7882,-1.34749
82.3855,-6.93577
66.3587,8.80193
63.185,-10.261
75.9341,-0.633522
45.3012,6.59848
62.1138,-10.7414
68.2402,5.3557
34.8991,1.45211
62.475,-14.227
36.2013,11.0545
49.7433,-2.36978
37.0556,0.644268
69.3938,7.58124
47.6992,5.56191
76.6628,-0.354676
45.835,-4.91052
61.1203,1.31663
39.7974,-3.34132
43.8841,-8.48153
80.9401,7.03935
88.827,-22.2427
41.4777,-4.13483
51.7933,0.666279
56.5892,-6.08248
67.054,9.9925
38.4084,11.7453
47.4871,-9.87347
50.5216,-9.79199
58.2475,-6.25891
45.9973,-11.3972
67.1164,-3.97208
23.3857,-2.21394
42.6408,19.6264
35.7178,-3.94537
45.5154,-8.66089
135.805,-14.0234
46.9296,2.15516
56.5221,-14.2521
68.5792,-2.16258
60.2747,2.32235
55.4147,12.6563
61.4972,0.480396
27.8142,-4.59602
70.4289,-6.4643
63.0204,-4.59253
43.3005,20.5679
67.9283,3.64257
68.5266,-10.2538
116.525,2.70318
57.0712,13.4698
108.777,1.53484
73.743,-0.777369
105.884,6.21209
67.638,10.5993
87.0851,-5.41137
78.2901,14.1438
68.5312,0.489373
65.9428,-17.0691
68.7521,-1.06243
90.9051,-9.13356
131.139,-0.56408
70.9306,15.6387
74.1572,-3.29933
60.4463,11.4546
49.1469,4.11178
75.2291,-7.1595
35.8987,0.426232
64.8405,8.32279
39.7084,0.245485
95.6864,11.8351
88.8326,-6.5145
39.1395,-7.47525
54.2818,4.63871
45.4397,11.8741
140.181,2.70948
58.4845,3.25479
43.5487,-13.1861
82.3758,14.1878
91.7477,-6.82718
62.8971,10.2615
62.1391,-0.632184
70.8362,-1.99573
57.8223,15.2289
63.4934,-3.68823
100.39,-11.3916
46.8402,-4.92739
40.3207,3.05747
79.0749,6.74889
107.586,-16.3234
52.5762,11.5467
95.2245,-7.30555
59.4151,1.36022
61.2282,-9.38772
66.4305,-7.71801
111.347,-11.2024
50.8676,-4.39913
36.145,9.68651
163.333,1.60433
102.57,-11.556
34.1152,-0.253512
57.1395,7.51491
43.0861,-0.143717
71.6876,-22.0683
57.1953,6.4161
73.0181,30.2786
75.7032,4.18856
56.9424,-7.19316
96.6997,1.48266
57.9931,5.38539
67.0182,-11.6501
64.6409,5.54732
59.0294,-10.2119
61.328,1.48927
58.8276,-2.88371
75.7542,-6.45399
81.467,-4.37484
76.2487,11.5053
91.5771,-6.82096
84.6497,-1.26113
55.8891,3.98309
72.0041,2.02836
51.7419,12.5401
56.2855,10.718
88.4968,7.82945
41.9418,3.76708
69.6614,-5.0737
36.9776,0.631019
61.9128,-14.9869
54.1723,-6.94431
53.7802,-0.476943
95.0942,-23.199
72.1802,4.74259
65.9893,1.83147
65.6524,-1.53545
48.7077,0.747935
82.4291,10.8347
48.9687,5.29316
173.276,5.01237
99.3039,-4.24113
48.8676,3.44279
52.4756,16.7296
71.2304,-8.94764
101.64,-5.6607
35.2933,14.0611
51.9336,7.49566
166.273,-1.05151
60.8611,0.0621049
48.2262,2.81293
80.64,4.65135
38.115,-2.67685
40.2921,7.7272
43.5654,2.57901
49.2681,0.270301
59.4046,14.5853
54.5316,-6.59551
65.6553,-3.29816
111.813,-6.43811
38.0587,0.796186
67.6199,-4.35472
32.7717,-1.7092
36.4196,1.39496
65.3329,-12.0771
68.9032,-7.35574
61.5192,1.88231
92.9428,-4.8188
47.7726,-5.3049
47.1152,-5.64058
53.8466,-6.92977
55.4769,16.196
81.1511,4.07221
49.7545,5.72738
97.9866,-4.87966
136.415,0.85432
56.8311,-8.48343
52.3287,-14.9044
44.4491,-10.2042
63.8732,0.0198097
73.6817,7.07992
77.0419,0.320192
60.7661,-18.5442
63.7508,-3.94204
46.967,-0.238752
35.1467,1.35785
96.7424,-7.09826
39.9427,-0.935846
62.4896,4.33962
83.2509,-0.461881
67.9907,-0.706459
49.2894,-1.54654
65.0625,-4.6485
54.1652,-3.60489
52.784,2.37539
67.7047,-4.62472
66.0588,11.1839
50.6504,-2.97931
50.1339,8.19547
59.7429,8.72024
78.4444,-1.33243
67.3605,-3.20291
28.87,-3.62634
70.162,5.28949
48.4297,-17.7491
50.5936,-1.34322
36.0526,-14.8994
66.7039,4.52213
46.0794,-7.83799
81.0949,-1.54779
80.117,-11.665
85.9276,1.23688
63.4026,-5.40308
74.7208,-1.78205
52.5327,-7.36109
100.543,2.54993
49.0763,3.4919
78.8789,3.65495
79.6177,-0.217216
77.8218,0.758034
67.5853,-4.89351
57.5143,0.97197
55.2525,-4.82364
65.0917,1.42764
76.9437,-6.59494
46.929,1.97303
31.9571,23.2182
120.81,7.78163
79.4241,-3.94567
75.3235,11.3521
197.629,-4.70746
44.8647,-10.3102
65.5115,7.61525
78.9339,13.2851
81.3831,-4.46344
50.6209,3.1071
43.4774,9.43304
29.7753,6.10419
52.9751,-1.28905
93.5691,0.51967
54.2251,-0.437237
46.184,-7.29946
50.9998,0.925618
55.8849,8.07299
36.2627,-7.33584
110.908,-1.12337
66.4696,-2.66749
104.662,3.75461
99.4286,14.0007
43.0964,-5.99962
49.7854,-2.15326
86.744,-8.81997
66.4513,0.824023
55.1275,3.04642
65.708,1.14831
59.0557,-5.80044
46.4698,-4.39736
83.347,-6.53893
46.5193,5.20296
29.2434,18.5818
82.5315,-10.9763
45.4513,4.12758
53.9034,7.09571
64.9523,1.99077
64.4719,0.13815
60.6193,-9.38457
111.772,-12.0059
88.4651,3.43036
96.019,-3.02156
72.5276,4.42701
44.8346,-1.86651
56.5041,10.3762
57.2266,4.4536
83.703,6.3858
65.1184,-3.35323
51.2845,-0.441683
93.7763,10.1524
59.9292,-2.75899
117.105,-2.74997
36.6269,2.65597
73.802,-14.0064
56.0129,-11.3711
80.2895,3.75646
67.2446,6.16772
47.4063,7.81866
53.6655,6.88225
109.25,2.79977
49.2505,-9.20771
43.8206,-3.97225
79.3547,0.526273
92.3975,3.45401
49.9631,-1.19782
67.4137,-4.25662
58.1429,-2.89632
54.8759,16.9423
58.1123,-9.5137
78.9611,0.0750524
57.7635,1.9382
56.2138,4.85834
44.0709,-10.6166
70.263,1.85728
105.694,10.6857
156.707,-4.14769
57.1194,-4.9797
45.7946,8.0783
50.711,1.76785
120.498,12.3272
86.9349,-0.254117
46.0926,10.1782
48.8288,5.86384
101.233,-7.34102
50.188,-1.17753
52.0824,-2.24859
69.7821,-2.54522
53.6609,-6.88734
101.502,-12.3969
52.1671,-10.7125
68.2655,1.47097
33.2493,-5.77213
68.1214,0.837445
70.7435,-5.4897
84.3091,1.52012
67.1027,0.558081
62.7394,-1.1131
67.8698,-17.7721
32.7657,-6.00803
56.8458,2.76542
47.2847,3.01168
45.6746,16.471
41.7722,29.3688
51.7017,-10.2798
89.4658,2.78851
57.4191,-8.64039
93.3717,2.00928
62.0291,-11.3107
49.5668,-11.0068
40.845,-4.83572
40.9747,3.78987
40.4678,2.89282
46.4284,0.365465
57.0998,1.31793
64.7954,-2.77897
69.1319,4.98824
76.6263,0.508104
77.0368,3.39134
60.0217,3.85862
78.6334,-7.28436
121.025,-6.66076
78.2218,-6.97746
55.269,-5.1841
46.6328,6.24851
71.6291,-12.6643
200.563,4.31109
76.624,-0.248506
65.8215,4.46741
76.3325,-6.04955
61.3497,-2.25321
62.2765,-3.34551
157.517,6.56396
110.357,11.5108
72.0952,-15.2735
95.6571,11.1604
50.1529,-3.93915
56.9956,-3.02562
64.4415,-0.717853
84.802,0.0460068
33.5745,7.01362
60.1859,-0.423902
57.5887,-12.5548
50.1156,-20.0505
66.9098,15.074
42.5686,3.46786
62.3227,2.21592
44.4781,16.4691
49.1375,-0.505687
38.2846,-4.21731
90.3691,-4.25015
69.9095,4.49602
57.8428,2.903
52.1627,4.29037
56.0089,-12.9599
37.2461,-5.0431
107.05,-0.407156
71.0479,8.83715
35.1245,11.9461
97.0134,-4.66857
38.1239,0.122052
58.9676,9.10448
64.5712,-3.18919
108.226,9.27594
84.2663,-3.61326
57.3155,-2.35192
61.0412,-5.3481
57.8623,6.04886
43.9405,-3.15518
72.089,10.8504
74.0123,-11.2593
68.3964,-2.23142
90.3166,-1.4859
92.5813,-2.17915
68.8171,12.7135
76.8247,-7.84805
101.045,-9.12899
58.6658,-1.63475
74.0023,2.56719
57.3534,-4.06302
65.8581,-4.03885
66.7962,15.383
48.5021,-8.7025
52.6597,0.420665
106.084,11.8606
81.137,8.01231
76.1186,2.42913
71.5089,-9.28678
56.9736,-1.11081
72.9218,2.46072
56.1676,-3.54149
127.061,-7.65302
73.6797,7.83959
53.4266,1.73143
62.3367,-2.65018
85.5913,4.71242
51.6382,5.14202
90.6637,-2.51734
70.602,3.16027
53.0202,0.624415
36.5807,10.9116
25.9993,-3.78413
83.7493,-5.24888
50.2079,-8.58239
71.7648,14.7621
69.048,-6.57604
88.4861,19.1812
50.6182,6.9482
81.9791,3.69384
49.7622,1.82245
34.7215,-4.18567
62.8831,8.82684
133.924,7.91896
45.3308,-1.61939
56.1662,9.85897
56.5818,1.45616
70.2566,6.86235
72.4902,4.77854
35.5131,-5.05134
81.6619,1.70532
47.6355,-0.176604
61.829,-2.11325
52.73,-16.0664
64.4463,3.34335
40.2613,-7.66191
74.1858,5.46635
67.0636,1.09122
69.1637,0.858204
44.1904,-3.46924
46.1804,1.55055
65.5186,-2.87115
48.0171,7.05035
78.5469,8.38774
79.1692,-25.805
70.8214,-3.10641
73.9915,2.97003
62.6901,-4.40008
41.4348,2.05032
74.492,7.06032
76.5135,-6.74716
106.843,17.4881
80.3502,8.87479
52.2062,0.513326
43.7694,-2.36456
70.6223,-5.07262
83.6734,-1.70398
48.4146,16.677
66.3168,3.3695
84.1423,-0.179021
50.8906,0.169699
79.769,-3.76207
67.3279,-9.72034
47.0048,-7.89509
77.7715,-5.05152
93.9273,12.031
40.8331,1.61628
59.4881,3.0194
75.5771,11.4051
86.7078,-10.7924
41.519,9.98098
50.1083,-1.92081
69.9773,-3.93035
68.5543,-10.5703
42.0141,-11.7563
70.0874,7.14064
51.1633,9.63066
63.5263,4.74056
159.893,-17.2356
57.3439,8.69857
69.8855,-1.73268
78.4686,-10.395
49.7739,5.87549
85.9259,-2.28109
56.9829,1.71934
86.0315,-1.53057
73.0899,8.01844
45.9291,7.98736
45.0338,-9.03007
48.3751,-0.147041
43.9476,-13.641
70.2522,1.65625
57.2265,-0.80991
102.122,-1.00663
72.0318,13.3336
50.7724,-3.68154
60.6863,-1.63346
75.8285,13.2953
50.3108,9.86044
40.863,2.293
49.4677,3.33101
59.9953,-4.78916
65.4396,-11.9162
64.4816,-2.76835
33.1686,10.332
54.0824,10.1591
40.8999,1.4711
90.8832,-15.6314
79.972,3.0664
68.4289,17.5931
35.172,9.84209
36.954,-1.2654
51.9532,-1.84722
87.6403,-4.56456
63.5949,-11.7787
63.2249,3.74317
71.9895,-0.773614
124.617,-1.71956
32.5506,8.05076
70.5786,1.83199
103.731,1.68469
52.8857,3.80506
80.0378,-0.0705639
84.6247,6.14416
107.95,-5.99668
48.253,1.55474
81.2259,0.475174
40.6051,-0.814657
26.7563,-10.6501
53.9166,-2.2022
104.112,-9.88832
99.4963,1.67942
70.04,9.57443
87.3717,0.837143
43.5755,9.7181
44.5401,-4.82593
90.2965,-13.0934
59.93,18.683
73.768,-5.34383
67.9541,-7.47456
49.7897,-1.04763
82.3963,-1.60225
34.3068,-0.116225
47.0072,6.54484
91.709,-7.04634
44.678,5.68642
49.864,-3.4348
29.1079,1.06049
74.4958,1.38849
64.6986,7.97373
90.0847,3.2014
55.1256,2.29007
35.9415,-3.63851
35.6984,3.039
66.4122,-1.40778
93.9179,-4.57379
48.7653,-5.53791
78.1653,0.381088
55.555,15.7153
42.8119,-13.3137
51.6443,0.0872662
74.9622,0.532876
84.1405,-14.3385
29.9683,2.41967
57.2753,-5.11345
69.203,-9.81331
79.8605,-3.63829
47.8506,6.57125
87.5713,2.49171
63.3187,5.11258
55.8461,-7.84822
90.4075,-0.99985
113.392,-1.58603
124.027,2.39378
51.9699,-3.81175
51.2043,0.582206
41.4307,9.66924
49.3219,5.94045
40.0747,-9.63722
53.0641,-0.745647
96.0735,10.1854
68.6211,5.48349
65.0141,4.01515
40.0287,7.07003
85.2972,2.26012
40.3052,5.83639
46.9346,17.6244
78.2119,7.08389
149.212,-13.7422
76.6495,-13.3771
70.2341,-4.91259
56.8727,-4.87059
54.5587,2.93645
46.9544,0.378801
45.3439,-0.623639
37.9763,3.5648
27.1461,11.2328
53.0039,-2.56723
67.1186,-0.605857
91.3271,-12.7084
100.73,9.23084
48.7319,-5.69039
68.3686,10.5338
69.7453,6.24303
73.4509,12.7474
87.1978,-1.62271
70.8368,3.9701
43.4758,-0.0111349
49.4375,-4.03652
50.9045,2.26655
53.9574,9.53727
93.7217,-3.0844
44.4027,2.92843
88.8004,3.9647
50.3389,10.4994
61.0497,-10.4279
93.7833,-1.16843
68.7882,3.23045
66.7567,10.3318
63.4876,2.98341
46.6177,-9.39359
89.4487,-1.1005
65.4473,-7.82535
50.785,-2.81298
51.8857,1.54037
55.0396,-0.0508837
56.76,-2.85199
68.1375,-0.559117
47.2964,15.571
51.3411,-1.92875
94.3351,18.7143
49.4087,5.08591
62.0793,2.38467
81.8144,-1.93207
72.013,-5.36653
45.2789,-3.16135
76.1752,12.1205
82.3947,-5.31797
115.104,5.80752
50.9172,8.36737
35.881,8.44903
68.169,14.3895
58.1243,-2.7002
28.0675,0.520878
54.8043,7.39903
49.5437,0.660668
51.5895,-11.2993
53.7739,-2.39607
48.4095,-4.13716
60.2795,-9.38578
59.0942,9.17474
47.6155,-1.28167
67.1433,15.2593
112.957,-19.533
66.8522,7.24582
91.0411,-0.95721
90.691,-15.8215
58.7199,-0.677241
37.8051,10.7657
49.4845,0.530416
61.3047,-4.45835
45.6129,-7.29502
20.0219,-8.33336
60.8098,-3.86828
98.6746,10.4416
76.4006,4.87703
129.135,12.5473
41.8528,9.48466
66.8492,2.43025
46.8377,14.1736
65.7049,-5.48012
62.2783,-7.20162
48.6984,-1.62858
62.9783,-1.14806
80.1149,-7.11897
48.8502,-1.98878
72.2644,3.35647
36.9266,1.77847
56.0983,11.2123
60.7918,1.33808
36.6384,2.61445
49.4862,9.34042
79.4188,7.94045
90.4053,-0.649145
51.2973,0.558469
90.162,2.02102
52.2504,-3.28448
52.1469,3.0349
65.7502,8.47195
52.9447,-5.41085
48.5003,2.16854
68.0023,-10.2377
80.3956,1.20977
62.0931,-2.84444
64.952,-3.26903
49.8106,-4.70629
41.0453,3.5291
68.4055,-2.76235
77.2924,0.515656
52.4991,11.2665
57.1671,-2.77362
103.669,2.53284
60.3053,1.3812
49.8372,-3.35673
62.9303,-5.85676
106.794,-9.3617
50.168,-6.87854
78.0044,-2.93317
42.2148,-1.25129
82.0202,7.43291
42.8476,-4.42015
47.8442,0.185193
77.7625,1.34594
58.2005,22.083
47.1426,7.52035
51.603,1.70243
56.4246,1.68667
39.4083,2.89351
89.2214,5.02825
19.5167,11.7835
48.7997,5.94904
34.103,-5.07301
65.9423,-3.29329
51.1917,-2.07095
92.6176,-2.35843
99.3794,12.5338
52.9328,5.9786
51.3576,-9.26218
41.1079,-4.97487
72.8374,-17.541
57.2788,6.00885
83.4726,0.893421
61.9947,1.33972
70.2665,0.15878
109.394,9.89483
69.0741,-0.101681
105.903,-0.679615
47.3499,3.38547
65.128,-10.2799
52.3534,-0.142466
67.1103,-0.73106
57.1657,-0.588723
32.2857,6.5681
82.7137,-1.1172
46.5192,-3.63998
70.4333,3.87018
65.5441,-9.58681
65.1446,11.534
52.4578,-10.1259
93.0254,0.462874
59.0158,4.47431
89.1594,-6.72714
75.9968,2.53383
101.275,3.07672
57.4972,-1.82538
45.685,2.70672
54.3553,-1.53122
41.7458,10.9417
61.6361,-10.0779
65.225,9.81223
84.6726,7.24841
110.584,-6.40488
82.3762,7.82664
93.9968,0.773441
62.7088,-6.93672
45.9931,0.0301677
53.9942,-5.08924
46.76,-1.22
94.2361,6.22033
84.8514,-12.2113
95.3677,-2.13824
40.6528,0.97184
104.041,-6.56046
68.5607,10.4576
40.9464,2.85687
50.8408,-0.290283
71.7314,0.538271
49.0599,6.86913
47.0473,9.82371
88.9767,8.36888
55.5389,1.13105
64.4329,4.24562
73.4902,-4.3255
95.5708,8.72261
58.0268,5.60856
47.6435,-14.5449
86.9419,-20.2951
40.4494,2.94897
47.9438,10.7074
44.928,-16.0445
66.6842,2.79222
101.571,16.8584
80.0163,3.49954
79.9912,-15.8653
130.771,-2.54466
45.3814,2.43327
53.3975,0.135517
75.1572,4.93762
63.3836,8.8406
89.4877,4.73857
57.0234,2.53331
57.0324,9.02368
78.3279,-14.7463
51.6087,-2.49991
56.5945,-8.04062
46.2311,2.02888
134.592,-4.49145
75.8809,6.82528
40.7037,-9.6083
144.479,15.185
44.996,-0.0500637
49.8734,15.968
95.9018,17.9041
61.6666,2.66201
80.0283,2.97555
61.4391,-3.22924
66.0391,5.24655
49.2585,-2.82001
39.0182,-3.28513
76.5616,-1.27076
131.468,-5.00538
52.7328,15.6767
108.23,-6.25222
60.1251,-6.7059
47.352,-2.64712
50.5107,1.09329
100.885,-3.3241
53.4476,12.8471
79.1321,8.13371
75.6877,1.39518
50.4646,3.11854
77.8157,4.94612
86.8797,9.61767
65.5965,2.7472
70.9837,9.7329
52.3456,3.90173
79.427,-1.74813
60.2304,-2.46158
42.9976,1.74498
66.7744,14.3717
45.7609,6.37082
47.132,-1.08664
85.1653,3.03995
36.1237,3.66462
77.1871,-0.914914
76.9802,7.08397
44.3029,5.00072
43.8846,6.78506
55.1003,-3.91434
27.8481,-3.4812
49.6087,-2.11472
112.199,4.31739
47.7127,-9.69799
63.1971,-3.67804
50.0545,3.79798
109.34,-4.53258
86.4909,-5.48198
53.9833,12.0487
72.9327,2.11174
55.4149,-5.39367
110.225,-9.40611
52.4747,11.5579
67.8529,2.49783
120.838,7.32341
78.0165,4.19555
87.1485,4.5129
60.2985,2.5113
45.7462,2.82778
75.9518,-14.2588
53.9908,-8.95562
76.1291,-1.04819
49.4968,-4.70992
41.8328,4.24096
54.5866,2.46611
75.7498,1.56807
44.0208,-7.88952
37.3709,-11.5001
101.613,-9.06309
76.9067,1.83078
62.5225,2.34825
52.3561,0.450876
139.557,-8.21066
58.608,-0.140437
97.3395,18.757
56.6256,-15.9382
58.9271,4.12486
90.7659,1.3339
94.4896,0.997735
47.872,-4.37026
83.6503,-3.97998
55.1627,-0.457565
27.2832,-14.8367
63.2785,6.02668
101.227,-10.8719
67.1771,1.90462
76.122,1.83216
58.7246,-3.32872
58.6437,-4.71337
72.5183,1.48702
71.8455,-5.93812
83.3381,18.3287
65.7534,17.95
65.3358,0.480051
49.369,-13.0841
91.4058,13.2055
37.8366,7.79462
65.395,4.89761
37.4862,0.353985
45.2152,2.34005
82.0136,-3.38172
37.5628,-9.98232
52.5671,2.1492
55.3075,6.46478
52.3502,13.733
38.5161,-0.269438
50.7946,6.31502
73.8938,8.88514
68.3855,-3.64075
86.8556,-8.01511
73.7104,2.90961
59.1598,3.46307
74.6307,4.87137
40.4323,-1.79245
96.8146,-6.04558
50.7676,4.28183
39.4771,-11.8277
53.2956,12.413
53.2639,3.93475
93.1827,11.8743
52.7757,12.891
43.7157,3.64144
52.7817,-4.56961
52.4118,-1.98106
33.1859,1.42099
38.7467,-13.4845
66.2954,6.25896
63.1085,1.16001
108.321,6.37359
54.1943,10.8704
60.113,5.9874
72.847,4.83464
33.8879,-0.405171
30.1802,-5.15177
62.5089,3.40373
128.429,6.45537
49.7525,8.32831
77.2512,-19.1462
73.042,8.35602
36.9996,-10.5769
143.72,-5.82621
61.2673,3.3689
83.0663,-8.62322
48.8031,16.1878
87.3965,11.5513
57.1433,0.957598
30.4937,8.96719
56.3561,1.54602
53.4559,13.4865
68.0555,7.76419
81.4831,5.84278
48.4493,-2.293
50.7825,5.88784
76.5639,7.81149
71.6318,-0.474569
112.221,11.2056
63.2544,4.78462
57.6804,-12.3372
46.1348,-4.65221
51.5591,9.33874
59.1853,14.4298
40.3086,11.3336
62.1206,-2.46162
42.3852,-12.7654
52.3546,2.09439
66.8032,-4.68061
59.4639,-1.86656
50.4538,9.33209
62.231,7.70075
49.0132,1.03528
45.6745,19.2238
61.7266,1.11223
78.0086,-2.96912
43.2609,-6.31265
57.344,11.4437
77.6969,10.2783
54.2706,-3.01004
132.008,-20.4319
123.576,-1.1784
66.4715,11.9253
67.3596,-3.19553
110.18,-1.34041
77.7238,4.9696
46.8663,-9.21418
62.692,3.0374
75.1427,11.1964
64.3282,-7.7878
78.1723,4.42908
57.166,6.34834
46.3797,8.241
51.1551,10.7033
49.2636,9.12161
58.1429,4.98043
37.3233,-0.779052
37.2392,5.64304
105.688,-9.03792
113.83,-0.287564
57.291,4.87897
119.119,-3.85348
52.7763,4.51527
88.0372,-1.22285
36.4474,-11.7626
45.9378,-14.08
50.9195,-9.56221
58.1497,-3.29298
39.8636,-8.47812
125.802,-8.35391
44.4297,-7.65388
54.4406,7.84084
68.3517,3.85029
60.9115,5.65578
73.2109,-5.90161
56.6041,3.44395
77.1266,-1.93229
78.5343,-4.65662
68.1306,-0.6775
51.0644,5.46359
79.6176,-6.69132
44.4927,-4.83546
92.5172,-11.2156
68.476,-29.9497
58.1729,1.0891
73.1512,-3.19627
65.5328,-7.66147
43.185,-2.57207
48.923,2.2735
35.5163,7.62423
58.3976,12.395
26.7649,-1.54913
53.0085,-7.11949
52.2966,18.9776
70.7727,4.49201
90.3826,-5.38181
93.4475,1.98796
90.8041,-0.703654
57.9995,-5.24089
52.0379,-2.39024
69.7408,1.73475
59.53,-1.6994
57.1844,2.12093
73.4167,-1.17749
42.2327,9.07923
63.7058,3.12497
37.3439,9.89777
107.022,-6.66797
56.5911,-7.19152
30.8466,1.97644
75.4357,-2.72916
60.456,-6.20794
54.1057,-0.898039
41.7857,-11.2522
62.9269,-1.074
45.1019,9.04159
45.5495,-5.9893
70.8895,-1.7291
50.3158,-2.94901
79.3605,-3.76988
36.7488,-12.856
50.7558,-6.75049
63.0346,-3.30589
63.8388,2.16236
72.0489,3.47839
44.9783,5.0778
83.2295,3.19756
57.4099,3.82659
65.9001,-10.4612
83.7866,-0.686995
36.9629,4.75368
65.0203,-3.58417
57.8403,6.10087
78.3194,-5.26688
74.3433,15.5343
52.1705,-3.14789
84.8407,-9.44521
52.3018,1.49082
74.0924,5.6531
63.2523,10.3783
90.4192,2.7945
47.5739,7.03758
43.399,-9.6673
86.8159,-7.29765
74.5039,5.58124
37.9512,5.00313
94.0269,17.9596
49.5512,-4.46836
46.1846,0.0840294
81.6189,-12.6931
64.3663,-1.09609
21.416,-9.46161
146.347,-2.24372
81.6435,-12.4172
76.9708,4.36379
48.4602,-10.0162
66.4225,12.9027
78.8112,10.7084
61.0559,4.35826
104.375,-3.50058
60.9301,19.7257
78.7708,1.81179
59.8449,8.31563
66.7742,-0.107378
67.3154,-2.7507
41.7561,-12.6807
44.3312,6.94021
88.7543,-9.73674
30.0595,-11.7907
89.4259,5.04021
89.8923,-7.97027
61.6475,-9.31884
63.0375,1.23752
71.0333,-0.645779
46.2886,-1.46398
115.668,3.19898
43.2394,-0.926869
65.9244,25.2117
66.058,-4.10639
59.3358,-1.49073
79.6334,9.49583
73.1606,-2.02521
53.9247,-2.91099
66.4671,-5.04392
108.656,0.496969
53.9113,0.51557
116.377,-1.35034
90.6963,-5.47166
116.314,15.2686
58.269,-5.61909
66.0655,2.60111
44.9364,2.17
77.6873,-6.13039
81.7082,-9.51107
32.5054,7.52609
151.271,-0.14963
55.6682,0.460155
65.03,-2.50267
67.1945,-7.7241
50.7673,10.5889
36.7466,-3.83475
75.3375,9.30948
76.334,2.23897
51.5094,-3.86345
60.7332,10.0233
75.3463,-10.1215
72.4417,-1.09743
120.461,13.7761
57.561,-1.31465
61.8164,6.74781
77.0415,5.48586
61.6587,-7.56773
89.3236,5.1828
46.0366,7.93238
71.3094,-3.99931
127.28,6.22469
46.2462,-9.71646
76.5243,-12.7473
72.5256,8.9463
47.9617,-9.00685
64.4698,1.94752
54.3002,-4.28273
51.1711,-7.00301
147.45,-2.23055
59.545,-8.1316
55.4781,-2.80784
63.0551,2.45515
67.6996,0.110442
45.2997,1.08884
70.5165,4.38234
37.7422,5.83078
56.5463,-5.04832
40.5129,-2.36823
135.139,7.91775
43.6927,-4.45235
61.1871,-18.0378
83.7034,-0.352906
64.4303,-2.15455
66.2357,9.33144
111.249,-8.83806
64.633,0.210915
144.602,-17.6815
48.322,-0.818973
56.9162,-7.84701
52.3036,-12.3552
47.0538,-13.2761
64.3651,0.311992
80.6391,-1.20321
74.6206,5.61935
47.1845,13.1493
39.8479,9.25471
75.5713,-8.828
53.1555,1.50226
64.6298,-6.86835
45.8999,-7.67891
89.0517,22.565
71.8647,16.9427
63.7746,-6.15926
90.7497,-1.63134
49.6261,6.73918
62.9856,-3.8688
56.0331,6.14217
67.5931,-5.06748
84.1883,-4.21696
50.1502,-3.02851
77.4966,-1.11642
70.4641,11.2831
54.9314,-3.28297
69.8296,2.27967
69.4468,6.16211
63.7069,-1.09476
43.0953,6.14191
102.951,-0.793682
63.6244,-2.13612
94.2294,-1.48318
93.789,-3.23399
46.8503,-5.50425
90.4814,-7.75914
101.478,7.94593
53.6924,2.7195
93.164,8.49007
79.1103,-11.6107
90.4879,0.505428
56.5707,1.46946
85.6458,7.60584
35.7858,-2.92385
87.8359,4.23707
36.7039,14.7345
40.2784,6.15577
58.7197,1.15967
30.6839,2.49007
72.4764,-7.64443
117.797,6.23082
69.9243,-0.925963
23.6877,-60.847
51.8005,-4.58182
42.3,2.77621
56.941,2.93585
56.8591,-6.9289
81.1504,-5.99681
51.5183,2.62701
54.6018,-9.40335
66.0331,-1.85564
67.2784,0.648282
95.2904,-0.293909
50.8358,5.67511
63.5456,-1.86056
55.4407,-2.60154
59.1333,-17.5273
36.1222,6.43703
41.0284,10.1998
77.5152,-3.7748
103.613,-1.36104
66.2309,4.79619
84.1873,3.85046
42.7679,2.62217
59.182,7.56894
65.911,14.881
51.0751,5.91343
65.0503,4.20423
60.2239,3.87157
64.019,14.4434
42.5094,2.96973
71.5385,3.54861
80.8953,4.083
52.1738,-7.77606
67.6846,4.5722
69.9782,-3.77843
58.5829,4.1221
56.1946,-4.94125
88.5803,-5.1765
87.4469,-3.88624
51.0727,-7.06317
68.9949,9.60766
99.012,-2.98859
59.5114,-2.70556
150.542,-3.88628
101.342,-2.13159
53.2491,-6.65623
69.8335,-6.22931
38.4642,-1.65128
76.4931,-4.06677
77.4943,-9.22838
112.747,-7.36951
39.355,-8.37812
76.2856,-0.446646
54.0535,-7.70852
72.4233,-6.08196
39.2116,-2.43051
56.8473,-4.5056
74.5999,-12.3609
74.8485,2.74263
113.685,14.738
67.8875,-16.0525
39.7327,1.26968
86.1007,16.4664
66.9264,-0.019335
42.1115,-2.14463
64.1911,11.6316
64.5819,2.72463
58.9643,5.55992
119.665,0.290067
59.3535,1.49509
194.353,-6.71993
47.5191,-6.70103
67.7938,-7.79281
116.747,2.49865
139.95,17.0914
71.9199,1.94869
63.4857,6.44454
56.8016,-10.065
50.2834,-1.35289
46.5831,-8.95092
70.2773,7.47995
78.6071,6.50021
43.6688,-7.6367
50.5824,6.83452
45.3603,-7.48513
60.5085,-11.1711
83.0265,5.72172
116.158,5.5591
55.6532,21.3857
87.2771,-0.798387
62.875,-5.67183
70.9816,-8.2776
52.7518,15.2917
55.4007,-3.96625
76.7545,-0.485834
58.589,0.827734
45.4709,10.2844
53.1625,3.67822
65.0278,-2.84396
68.4907,-16.5666
116.215,10.395
59.219,-2.09944
118.512,11.5729
35.8417,1.47938
64.5664,4.41998
138.102,-2.02452
44.7049,-0.0381088
71.0656,5.51482
99.0369,1.91839
45.2275,-0.896356
52.9553,2.13694
58.1851,-8.67492
68.8478,-7.84054
65.8189,-4.36866
45.5709,5.34974
82.3742,-0.0386267
39.5976,16.6376
83.4501,-7.08751
45.927,-27.5543
87.4393,-8.23876
45.5495,-3.2856
87.1246,-10.8641
68.3359,-11.1745
67.1726,-2.63978
123.121,5.26221
55.0053,5.75763
79.139,-7.26563
50.3521,11.2732
90.6109,-1.74006
30.851,11.0804
81.1831,4.96891
49.9891,-7.02636
65.3396,6.4173
46.9837,-7.01785
49.2661,-0.422779
83.2437,-9.31858
79.2019,-1.54947
41.51,0.680305
60.8522,-4.10881
57.988,12.2345
87.1864,2.68812
118.105,10.9902
78.3101,-3.41555
50.255,-10.5773
49.3927,4.52528
58.4718,1.73324
70.7679,1.90346
58.1948,4.79589
54.228,-5.16178
63.7778,2.85186
47.4877,-3.3547
104.084,-1.28236
57.961,-4.95018
66.4597,8.69434
63.4311,4.37501
68.6298,3.40541
62.6327,9.91318
60.3059,-6.04528
65.719,10.4421
30.2285,0.911591
64.8618,6.52339
74.2457,15.1038
54.9618,-4.91052
79.1724,-3.50411
61.8201,1.62444
65.9181,8.02362
50.7455,10.4237
58.1925,2.83434
57.122,-0.270948
69.6807,4.64423
52.3083,-4.96632
41.4147,9.13589
72.3668,-2.20211
51.7629,11.3216
59.9368,12.4823
76.5577,0.282385
60.1619,-9.79203
67.6714,-1.39751
52.6012,-2.93507
54.6137,-0.551607
68.2063,-0.667487
56.4314,2.81462
74.1638,-12.2898
72.7482,-6.55282
40.5939,-5.96686
55.1115,9.15389
49.9066,-15.4381
67.6941,3.2478
65.6859,-0.584969
81.2528,17.1623
29.5848,7.52246
55.7634,5.83445
76.9406,24.4005
61.2254,0.041691
94.7167,3.40394
49.4299,0.299346
43.4694,-2.71168
94.0894,-1.03006
33.3021,12.1129
81.6118,-2.0281
79.3564,-17.9527
63.942,7.74434
75.3378,7.76898
67.0748,0.805637
67.7704,-9.44845
70.0849,3.52664
54.2255,2.37565
62.8964,-4.74557
50.6613,-9.37011
46.4524,11.1662
65.4296,-0.652425
69.5271,12.8285
53.7741,-2.0546
47.2806,-4.53305
62.1126,3.344
42.1527,0.30431
33.4182,0.43918
107.166,-7.40369
61.268,-11.3831
64.3173,4.91591
88.2182,-3.28427
78.5285,4.71389
57.4576,5.43299
60.5378,-4.23561
65.827,-5.44805
103.912,22.5849
58.2745,14.5831
23.5721,-18.6242
106.871,2.95467
68.9653,-8.52214
41.9708,-9.12562
47.1686,16.2569
63.676,1.27766
100.316,-9.20594
60.6741,-7.74922
88.5954,5.09454
142.723,10.2868
50.9215,2.08597
100.726,3.93341
48.2743,7.71508
76.049,-3.79625
53.8049,5.7007
67.4501,1.83734
73.7185,-3.84498
75.8825,-15.7303
38.1024,-6.81078
96.9385,-11.6819
107.794,-1.08841
53.8002,-6.86231
92.5819,8.1587
81.6017,0.0908484
88.8065,-3.11012
51.6462,1.01811
41.3251,-2.03807
58.7996,-6.81397
39.2577,3.46795
106.477,-4.94625
76.0723,-0.200212
47.7366,0.389893
90.2022,-4.0991
44.6915,1.32306
36.0857,14.1924
63.7921,5.61076
69.2852,-7.6777
56.5148,12.3915
102.68,3.5326
52.0148,-6.33759
443.588,-4.49641
71.4511,0.92907
82.1663,-7.2869
66.4937,-9.61292
90.5897,-1.57515
49.8575,0.115362
53.1425,2.60029
55.4037,6.05887
59.0898,8.83133
65.4874,-0.212598
53.4915,11.6121
145.953,0.732311
49.4254,-11.6812
91.6012,5.9628
73.1223,-0.876331
63.99,-1.10088
54.9427,0.829159
57.2295,-6.41023
69.4285,-4.85838
31.8703,-5.73458
50.2828,-6.52201
118.74,-25.496
53.2338,2.11239
63.46,2.3183
77.2258,-12.3974
61.9928,10.3687
41.4899,2.18584
64.2692,-4.36461
74.4464,4.5722
34.7001,1.48033
95.0629,1.72301
59.4872,-23.1308
69.5677,-0.683672
56.0633,-5.27136
77.1129,-11.4909
68.3069,9.1497
77.4959,-6.18045
65.3002,2.59891
51.9504,-4.99666
42.1039,4.50194
77.4914,7.93626
60.862,-2.00842
56.5005,1.49911
51.0109,-3.59108
69.9059,2.51726
64.4982,-5.01513
59.5709,-4.29961
52.5934,1.52893
39.1444,4.60042
60.6662,5.86199
41.0753,-2.03928
47.465,8.89088
58.984,-3.56398
66.6854,1.0443
122.243,1.60825
61.1383,-16.9057
84.3873,21.332
46.6871,1.48016
34.6939,-3.72988
55.1113,-3.71197
32.8045,5.50593
36.2136,4.72658
91.2546,0.234307
43.0271,-2.70724
46.386,6.48614
42.059,3.39182
69.3254,1.32742
46.1451,1.42548
69.2669,-10.2198
47.0408,-6.34782
85.8143,-12.0886
50.9072,1.70601
96.3318,22.8371
48.996,0.495674
60.8136,-3.31146
93.9288,-12.6087
64.629,6.02594
65.9707,8.32305
72.2436,5.56989
56.7189,5.05626
69.619,7.5727
47.8539,5.17542
67.4936,8.28554
105.554,-2.20699
76.3001,12.8318
39.2065,9.93445
64.805,-7.40473
53.8534,-2.19063
39.6716,12.553
52.1931,-11.9032
37.8732,6.91768
43.9868,4.90883
71.0829,-3.05872
65.9249,27.2747
82.7571,-11.3521
56.7134,0.897435
87.5867,5.21271
46.5992,-2.04277
53.3662,-3.70821
35.5626,-6.59201
40.6191,0.913318
114.824,15.8666
73.8068,-5.97273
108.545,0.863729
41.4872,2.78794
110.051,6.87642
54.0933,10.9532
49.9238,1.98352
65.0831,-10.4982
86.5737,19.3135
113.681,1.80708
54.5796,8.21127
70.8751,-5.13705
52.5755,4.97128
180.382,3.26752
51.916,-6.41424
33.3199,-10.7282
46.8181,9.64249
46.8691,7.61978
50.3681,-6.49767
62.9132,-11.6392
49.4941,-8.72248
50.0977,12.6265
62.9006,6.56486
53.1463,6.45964
71.3023,-9.84568
42.952,3.68957
42.4572,7.37318
55.4857,2.48562
49.4213,12.5171
61.0528,5.89103
82.42,-3.67014
53.5161,1.59315
56.4261,10.3206
98.5975,-10.7992
45.2937,-2.41096
60.1759,3.55957
55.4897,-2.751
56.0159,-12.401
50.0677,0.912584
68.3267,-10.8833
54.1269,-3.92702
54.9262,5.28526
60.816,5.22143
127.879,-3.70402
52.1433,1.29475
56.2463,-4.67996
42.0139,-4.00126
61.0925,0.631752
62.7841,11.522
100.897,4.01947
41.401,8.03583
57.3622,-0.635939
59.1212,-4.64803
55.9233,0.410005
70.2222,7.71495
73.1048,-4.88268
62.9815,-1.93962
91.5611,-17.553
66.4234,-8.60759
91.9416,-2.0814
76.0332,-3.41927
105.521,26.6514
74.1096,4.65031
70.1832,0.447207
92.2682,-7.62591
60.4588,-4.47185
97.2612,1.61443
94.9428,-15.9158
56.3169,-8.79425
103.436,-5.79328
46.6489,12.7678
58.2591,-5.89556
63.6131,6.59676
52.0947,1.46221
55.3193,-4.76784
100.791,-7.10538
125.519,2.83024
70.8857,-7.29247
56.8758,9.06157
62.3804,0.490063
49.7419,-8.4136
47.0997,4.80862
70.4665,6.0795
51.7169,1.72927
84.7125,6.83081
65.0876,8.48343
62.9208,1.27365
59.2783,-15.3091
58.6142,-5.73389
46.6984,4.04761
42.2057,-1.63596
58.983,1.75413
46.9491,-3.74675
67.307,-6.18416
47.9364,-14.4405
91.7493,4.28584
71.1478,16.3916
76.8898,-0.703395
38.3845,22.8378
67.7712,-7.36761
46.9138,-0.0712545
69.3485,-2.34173
49.9051,-3.3582
57.1859,0.327702
31.682,-12.2704
60.1346,9.0261
58.6318,-2.83119
50.2498,6.09215
47.4038,-6.50259
56.1338,5.33243
126.576,-12.9517
125.903,2.05097
69.7092,-14.3523
48.4998,-3.36286
51.0097,1.41249
72.0151,14.9611
194.28,-27.1269
75.9274,-1.71848
64.8792,3.82547
53.4939,-11.7226
74.0634,1.0793
51.925,11.8628
68.8185,-1.31119
101.679,7.64969
41.0793,-17.8951
61.4259,2.37876
72.4258,5.12475
59.842,7.09386
66.6374,5.09135
50.2256,-12.5612
64.368,1.4137
58.5284,18.1709
52.3922,9.98275
81.3577,-5.5569
85.7646,-7.14806
59.7857,2.70461
49.4964,-1.49306
82.5094,1.43048
71.2161,-2.55416
71.2717,-1.25034
65.2672,-1.50234
77.5079,-5.91744
71.2083,-2.53128
70.025,6.16371
61.1092,0.550097
74.3643,4.80456
56.8207,-1.01504
79.2756,8.57613
66.1672,0.620531
30.0086,4.41238
55.1208,5.29415
73.4897,-8.54916
62.8383,-1.40109
63.1669,0.156492
51.2467,0.882891
50.8882,-18.5403
47.8249,12.8929
53.3167,6.21683
65.894,-0.494422
82.1602,-0.445999
44.1045,-10.3985
105.288,5.77843
102.642,0.575819
46.394,2.65946
102.42,4.40107
49.9825,-7.18186
65.9453,7.90808
66.9574,-1.31029
80.6873,-7.6859
46.2343,-5.77904
222.545,-6.64026
61.9399,10.1188
50.6481,-1.36985
50.8686,-0.811766
33.7526,19.6665
39.9577,11.8213
51.0698,-8.88752
51.1201,0.742281
38.1678,-0.504867
78.5541,2.41916
33.1846,8.41951
49.9556,-13.7851
93.8352,2.56594
71.9307,-9.06628
28.5993,-17.3163
42.1403,-4.79969
47.5984,1.40338
57.8829,-3.92888
45.419,-9.02096
89.3081,-6.10307
87.7002,6.63275
51.3121,9.45091
65.2937,-20.8602
67.5256,0.0939126
39.0221,-8.59115
62.4454,-0.419111
114.701,-4.70936
77.871,7.43373
84.4367,-18.2821
54.0274,12.9608
86.7687,-4.11493
51.8127,1.28892
90.3366,4.8573
52.9156,3.01638
71.6114,5.46471
49.4742,-17.5888
51.527,9.78892
69.9616,5.57041
32.6017,13.6915
63.8591,-9.76411
108.674,5.38293
39.0192,-3.74753
95.8482,6.35231
57.0213,1.08427
61.7757,6.45235
74.928,-0.322436
72.5875,-0.175482
32.6819,2.38998
45.9649,1.37002
54.3873,8.65217
67.8301,-5.15786
45.5934,15.543
58.7676,-4.38118
73.2063,6.21468
75.1922,5.92979
30.4451,-9.85051
46.1191,-12.1044
66.5774,1.51335
81.0467,5.65944
72.6059,5.84382
51.6402,9.18566
92.7273,-6.97271
48.3115,-2.37095
41.8343,4.22706
91.6202,-16.3354
58.6347,-1.1544
52.4519,-11.5995
74.5283,-11.1505
45.1211,3.64645
79.3783,1.52051
61.8629,-0.111608
107.995,-2.25744
46.8099,-1.79414
64.1983,-9.74615
64.7855,-1.65983
118.188,-4.20151
95.8342,-26.7033
46.7992,-4.80046
54.6572,2.59472
68.7464,4.04946
76.4844,-20.3334
67.4201,-2.16737
70.5981,-1.71339
44.7755,7.34318
39.9229,-3.58832
94.1419,4.98186
101.371,7.39014
51.7357,7.94848
38.2724,-4.75346
48.7033,0.764335
48.8012,2.12499
87.7026,-28.9109
51.5771,-2.31622
79.0701,-3.50269
67.6285,12.2107
58.591,-3.42923
56.905,8.93629
87.2653,-5.90204
88.5193,-8.29435
55.7369,0.531366
39.9874,-2.75644
56.1327,8.35456
41.3854,-0.688678
32.0185,7.57762
99.9428,0.271596
36.7253,-4.93326
15.6038,5.8086
70.9105,8.22564
53.2388,-6.80223
64.6011,5.36804
63.2974,2.68285
39.8052,-9.0343
54.8441,2.12926
57.0801,3.33204
29.5431,6.56033
57.3148,8.61821
137.725,-6.9368
48.8661,-4.41497
79.8988,11.3823
33.5055,2.63296
83.5882,0.969337
50.951,1.83376
58.4422,6.02633
60.3077,-4.41186
90.309,-1.33756
57.1001,-12.1341
62.901,9.55483
55.424,8.06328
88.7081,5.73074
61.7644,-3.80476
96.6162,1.31594
86.7781,-3.20024
48.5263,-0.786087
83.6479,-7.64512
42.816,-3.80195
60.1483,8.20549
41.7097,3.74576
77.9597,3.66065
48.7794,-2.9942
69.8463,-1.10753
59.8447,3.92443
58.4717,-7.13753
65.6151,1.80553
42.7204,15.2141
119.981,3.41806
44.7589,-13.5566
89.4516,-2.56723
43.0673,0.937098
73.0117,-1.88952
51.9078,-0.835978
43.8526,2.47785
41.6637,4.9863
54.1948,-7.26429
54.5168,-10.5535
72.1121,-3.06096
48.2352,-1.232
45.1846,-6.98825
60.3813,13.8186
100.487,1.41158
51.3595,1.84148
42.5647,-7.99992
48.8562,7.36411
81.2948,-5.89008
72.299,-3.50942
93.8566,4.1278
58.1258,-2.93352
93.0826,-8.02448
76.3139,-0.444618
62.1715,4.02952
45.8422,2.90482
46.9913,7.04017
56.3195,8.75023
76.5311,2.37971
94.9657,3.66937
48.0086,-9.40689
33.403,-20.61
60.9654,3.65534
50.5051,-13.1433
69.2234,-0.817161
40.5681,0.803523
40.9768,-7.68966
53.0018,-6.93041
85.6115,13.117
53.7709,11.2299
68.5938,-9.80627
30.8474,9.77822
43.8348,4.59063
61.8053,6.08671
48.1352,1.14245
60.6415,1.19773
85.8664,38.4459
116.641,10.2288
52.6638,7.87217
76.2857,3.98209
82.0929,2.92994
63.0714,1.10921
67.9865,2.13107
33.4151,-6.15054
49.5139,-3.12838
99.8276,27.1958
57.3504,1.63432
57.6207,6.39728
61.572,3.41016
87.6132,2.96489
36.7253,-16.3003
59.9986,2.88548
40.5603,-34.7278
44.8828,5.10348
47.5366,-4.49287
42.6255,-7.93156
65.8994,5.63316
45.175,2.33366
40.9207,2.12283
75.1804,5.26541
50.1762,-0.098099
73.1237,-5.32324
62.0566,-0.679226
56.8865,-8.73538
46.3879,-12.2282
49.5625,-11.3251
27.6528,3.62906
87.0651,-8.21218
67.9705,-28.4078
53.4469,0.861139
84.3458,14.7939
57.1953,-7.26783
67.4487,-4.83654
70.627,-5.57986
107.121,-7.73579
56.0372,-2.08062
46.4929,-5.64965
79.2897,4.79895
55.4961,2.88099
54.243,-1.28646
64.2929,-9.39031
46.7744,-4.85829
62.0898,-0.637536
80.5802,-6.35063
51.5529,-11.1583
84.29,0.803868
63.8097,15.6079
76.5302,3.61784
45.4495,-3.60558
73.8829,-12.5152
60.2887,11.0143
80.6168,6.79697
59.5987,4.23379
44.7593,-8.21964
72.2127,-2.48808
52.6296,-8.23855
49.452,1.59444
70.5697,15.8023
73.5608,0.518979
67.2513,-20.7306
76.4475,-7.15609
74.0237,1.77036
63.7248,4.27825
83.6749,-0.137762
44.0399,4.4072
51.7427,-7.36416
86.8824,-2.03267
75.3126,-2.44514
70.6307,8.01507
46.0254,16.4947
84.8758,-0.303447
44.1195,-11.5656
56.6799,-10.5719
50.3399,-7.76238
45.1227,-11.9079
51.8298,1.16735
56.7259,-6.33867
46.7852,4.22853
39.2391,-0.613324
62.6967,8.6517
50.3821,4.72416
40.8358,-20.2715
77.3486,7.91848
52.0098,3.28832
62.8645,-5.93195
36.407,12.8091
97.6,7.81184
100.264,-0.65864
64.3697,-12.6616
77.4061,-2.07885
67.7089,14.1007
43.2122,-1.52958
69.7228,4.54976
57.4896,4.49464
60.5151,-20.7023
68.4208,2.68704
61.3653,10.8268
66.2984,14.6268
89.2325,17.5733
60.6914,10.1825
52.4381,3.72357
76.2289,6.46715
56.4558,-2.70357
66.2745,-2.81384
87.7971,7.22566
45.3404,8.83633
40.8257,8.61791
43.4475,5.67468
39.3929,4.38882
60.1336,6.57703
83.6262,6.06677
93.858,-4.69891
39.3873,-4.38977
101.058,-2.4391
45.2323,-2.08606
48.9433,3.72284
56.1684,-8.70004
71.958,2.70163
70.3028,2.02055
114.98,-3.06079
66.8015,2.71112
137.984,-13.9636
51.8613,3.97105
77.2349,-5.58033
80.6288,7.02178
102.906,-5.41426
44.154,-0.915691
60.2832,8.96339
43.1076,3.30149
56.5607,6.34549
52.9079,-4.86265
36.3861,0.000302109
160.265,2.38769
63.8942,1.4764
42.96,1.72543
53.0551,-5.65742
57.5569,2.42636
69.6483,-5.25285
68.336,5.60921
62.6372,-0.805076
53.5812,13.1293
64.2402,8.12741
89.9829,-6.66404
49.5831,-5.46277
54.6319,-3.62901
38.0103,-3.22428
63.6583,15.4132
73.9958,-0.614187
124.655,-1.79271
59.6372,-9.25734
121.785,1.55107
80.4295,0.851774
55.5236,2.36344
68.9213,-11.8963
82.105,8.92912
63.1611,-8.20622
38.3437,-9.21082
45.4325,8.61937
70.6356,-1.07192
68.1951,-2.56831
68.8487,-15.1711
41.4932,2.5526
80.7412,-6.68601
57.5157,8.83905
99.1456,14.6587
73.8853,-0.736972
66.4512,1.27805
79.932,-2.77487
44.906,-2.95971
32.6981,-5.73812
32.0363,1.34473
55.2166,-0.374183
66.4062,-0.979738
48.6199,-8.83486
54.7217,-5.92612
39.3195,3.73756
69.111,6.8662
97.1809,4.70176
67.3092,-3.50347
68.8602,7.25967
44.9564,-2.75027
47.5039,-7.88167
32.1524,-0.059688
68.2888,15.0498
70.5037,-0.972315
34.2411,-0.763731
65.871,-7.11897
58.8603,-4.17402
55.9892,-5.14754
46.9752,3.5137
43.4758,-4.43862
72.6489,9.02627
89.8622,11.7314
56.9849,-3.57908
89.0804,-3.65897
65.2909,13.5929
43.8519,9.54926
65.7266,5.55371
45.4311,-6.46064
38.8489,7.05195
74.9169,7.38686
99.5378,-5.08453
45.7459,-6.71864
53.9741,12.88
167.652,-6.97854
88.4052,11.9553
97.3535,1.09972
67.7231,3.17564
45.5072,0.763256
63.3505,2.20039
100.755,-1.93233
58.4386,5.26515
72.6982,-9.13654
62.552,-2.28265
62.7089,-9.16917
78.2432,-3.71732
54.339,-8.54769
65.5362,-12.5311
78.0726,-2.36909
41.3553,5.06455
85.3187,-0.296412
52.3359,1.32436
71.6301,2.99929
51.8376,-2.64716
151.472,-0.774736
88.818,0.747633
58.1306,-0.662049
49.5526,0.538487
149.259,1.57101
74.6098,11.1415
71.9086,-8.06889
48.4111,11.8434
51.1714,-2.60275
63.8503,0.25088
37.4076,-15.7221
53.8837,7.30438
66.1984,7.5317
30.8384,3.20093
57.6173,12.4707
71.8644,-2.84871
39.007,-23.0718
35.3101,-19.6902
75.5424,-4.17247
35.9745,6.74311
79.0615,10.692
52.9497,-3.74645
47.6261,-4.67142
52.7209,-10.6684
87.8445,7.18293
105.887,-11.7348
59.917,-5.79108
80.3407,-7.43606
123.057,-6.17286
89.1222,12.6635
55.5773,1.7256
65.1918,-7.39527
77.7768,11.4835
33.9518,10.8384
41.1898,5.43329
60.5045,4.53033
44.657,0.168318
54.1337,3.27572
46.0115,-5.92491
36.8264,2.38838
43.279,-19.8306
67.3211,-11.0233
56.699,2.42718
58.652,-4.54531
87.7688,-8.76171
102.997,-5.20352
46.8533,7.12437
93.6975,-5.76113
51.6663,-1.80851
41.5815,6.79166
34.7344,-0.313502
76.0532,-12.3105
64.1768,-8.49983
45.6301,-2.92394
42.8915,-4.54086
45.8041,-4.89006
43.797,-1.3433
37.4395,3.21284
35.1448,-16.3051
55.5355,1.05837
49.2938,-0.564598
88.2105,-5.31862
56.1211,-1.80104
67.5171,-3.06079
65.2031,26.8586
51.1788,3.14361
44.8556,2.55053
46.6565,-6.70573
44.2502,0.397704
66.2542,-6.48865
64.7642,-6.85899
62.3455,-16.1915
93.4172,-14.4587
54.5759,-6.42184
37.956,-12.6423
95.4529,4.94366
51.652,-5.26847
42.0983,-0.852378
72.7696,2.66145
53.3182,-2.10695
61.0496,1.56945
75.305,3.13602
66.5064,8.76987
78.8752,-3.31102
69.3457,3.90566
70.119,0.18502
64.7625,-0.759587
68.8482,-20.6927
55.0053,16.6122
85.9175,-9.66855
47.3084,-6.3864
60.7261,-1.27995
73.2509,6.16302
80.064,-12.2362
42.2841,2.70551
55.9714,8.25857
113.678,-5.43131
46.9173,3.90134
51.3582,2.55454
52.6641,12.5212
50.146,15.8225
62.0419,-6.12003
44.4272,4.82347
93.0159,-3.85016
55.131,7.55906
53.6138,-17.6775
215.083,13.4481
98.6272,9.02109
102.78,-0.527438
76.1296,3.26221
53.1144,-7.67028
60.6522,-5.10348
60.5161,-3.50247
56.2067,10.7565
39.8476,20.2536
94.0933,-0.19486
78.9662,-6.4621
50.2095,8.64553
53.8702,-3.76686
49.2931,-0.201593
58.3423,-1.92227
84.8399,19.6296
37.5238,0.532056
63.5717,-18.1102
73.9976,3.70195
91.1493,-1.05578
86.4922,-0.0416047
79.428,-10.1906
63.4012,9.1841
82.0609,11.9706
109.91,-5.48521
56.598,-2.41868
41.2228,-4.66529
49.9348,2.95902
63.7035,14.6167
47.0305,-10.4255
67.1742,2.65018
43.7391,12.2196
48.3773,3.87342
55.9352,-11.0904
68.24,5.08095
64.2145,-10.4316
74.6116,-3.36786
62.9441,3.57394
64.612,3.90825
77.3207,-58.4969
50.8402,5.11401
72.3688,-4.94802
77.583,-6.08943
79.4946,-13.7081
57.7048,-12.5679
76.2808,7.99224
56.1746,-10.426
98.9112,-1.86984
102.324,5.65694
56.4226,9.3005
28.1036,16.7439
74.519,8.41411
50.5145,0.0328435
76.4063,-11.9151
94.9005,10.3204
60.0538,-6.81005
64.9138,-0.618416
102.139,10.9182
60.9202,-1.06208
66.234,11.5269
56.3245,5.7149
53.2719,4.15335
62.2104,8.56685
77.0551,6.40108
84.1499,-10.5549
39.8465,-21.3991
52.1799,1.45457
32.5594,-15.1897
75.729,-3.13144
72.7983,-11.6651
87.5986,10.9277
77.1696,-10.0778
42.9908,0.589241
76.4347,-6.89727
87.057,2.56797
62.5048,9.38647
48.1599,-0.144408
58.5571,1.42487
45.2243,-5.37309
68.9115,10.1837
75.5477,-1.70881
89.9518,-8.04709
47.405,-15.1764
46.2556,2.43741
41.1319,-5.66786
37.1921,1.19393
32.3298,0.00733692
52.825,-10.0685
52.2644,0.0735419
57.3437,3.67291
57.2721,1.34417
74.7451,-1.31076
57.0747,7.90014
46.942,10.4995
111.469,-6.23695
48.4046,-5.5913
53.4969,2.57017
34.0507,12.6081
58.1079,-2.53059
26.1712,-7.30788
67.4097,6.6334
58.7693,14.0828
61.3514,-4.96412
76.2165,9.3686
74.6492,4.72191
47.3541,5.15557
57.3406,2.14713
45.7033,-5.31193
116.049,3.85724
55.8532,-10.2882
46.6883,-0.28873
45.6042,-4.49486
61.0854,2.30949
55.0977,0.0643491
42.5543,1.02406
129.461,-2.62153
94.3585,-8.952
49.4324,-6.96913
68.7609,4.25615
63.5282,4.28217
49.4273,-4.75881
44.3315,-4.5107
68.1114,-5.72725
60.7641,7.99755
67.612,2.46128
42.9833,6.31303
71.8099,6.09401
91.1481,-2.91936
50.8248,-14.0795
46.7335,24.4606
55.0818,-3.33459
112.909,1.49142
90.6653,2.22481
57.1322,6.55839
102.599,-4.31653
46.4507,10.635
58.7802,-5.48379
46.962,6.47069
66.2934,-2.9374
41.3345,-6.06354
51.7658,0.763601
43.1634,2.45131
57.9179,-7.62695
46.2008,1.18012
25.535,-1.11452
84.4077,-7.44456
90.12,3.45427
91.0156,-3.68447
71.7376,2.04523
62.8001,4.38161
76.0099,-15.4415
38.026,15.1401
93.6266,1.07115
44.952,-7.76234
48.8319,10.3451
54.5012,-13.3554
60.575,3.25462
59.5342,-4.88838
63.9637,-1.15686
44.8694,6.84099
42.154,6.22775
67.8674,8.72511
53.9087,5.31992
129.363,11.4276
59.835,8.746
66.0179,3.24275
69.6063,-2.24846
65.2162,7.50313
45.182,7.61374
62.2321,3.88339
78.3166,-0.268186
72.1947,1.81623
54.4526,-5.46204
82.4228,-11.3686
145.258,-10.5686
62.3158,2.77068
56.4562,-2.10928
64.6092,-11.6723
76.8588,-1.46186
77.6835,-8.55433
63.7382,-9.64516
49.1338,-1.10917
41.0412,-3.84507
98.8506,-18.2843
55.5515,8.03095
85.8502,-8.29124
96.7985,7.32959
53.7544,-6.99481
75.3948,2.27086
69.9038,-8.29612
87.179,9.37171
108.564,-10.9646
50.3443,12.7177
47.02,-0.735419
98.6898,-1.26514
52.389,-28.41
30.5982,-2.92225
74.7004,-5.95042
60.6009,0.216698
88.1571,-6.65273
61.737,1.2235
45.4474,-8.45132
74.1061,-6.49723
65.2285,-3.56808
84.8977,-3.84757
83.3652,3.43765
60.0138,2.8065
103.392,-4.87021
63.9405,5.33614
110.107,6.96283
33.8904,3.90285
60.2626,-14.7367
102.714,-6.14446
47.8134,0.621351
61.4407,-13.7044
108.199,-4.39758
65.2937,-2.74444
49.5114,-3.97014
46.6211,1.48491
80.3739,-3.68775
60.0252,1.55448
77.2054,-7.27616
124.128,-7.85681
46.9431,10.7411
104.596,-10.544
85.0618,-5.3459
37.3613,-3.18302
46.7403,5.57257
120.408,10.318
57.6898,3.32212
79.029,5.99962
55.7076,-6.054
45.8982,-0.408494
57.6215,0.988025
52.1779,7.47607
43.8915,-17.1711
63.9858,22.2737
52.1415,3.55245
68.7116,13.8702
64.2769,-13.9371
53.1289,-9.59708
90.6265,19.4396
69.8787,-4.43875
48.8517,-9.31996
52.827,11.4154
96.459,3.84058
83.6805,12.5953
41.1779,-5.72492
62.431,0.975811
42.9766,10.4435
72.8197,-4.13099
37.4146,-16.3744
77.8261,-0.88876
44.8033,-14.6156
27.9683,9.49795
55.3144,-2.64716
51.7683,2.09883
62.707,6.98177
41.1456,3.89539
79.8615,5.33753
52.7983,-11.0605
55.663,4.62455
113.391,-6.8829
55.9324,9.84533
57.7938,-1.65353
50.9817,-4.21605
71.6957,0.449494
56.4826,14.2239
56.7707,2.1208
45.5771,0.0772966
48.7528,11.7213
47.3092,5.8335
64.2089,-3.15613
46.5761,6.09103
57.7819,1.59708
157.099,8.31843
43.4591,-4.91578
36.0723,8.1215
86.1034,4.35541
55.2853,7.87135
87.0958,5.85487
76.6367,-9.28773
54.8411,5.64037
71.507,2.35541
93.001,5.79928
63.1388,-16.9252
48.9427,9.06744
25.3567,19.8352
57.6907,4.23336
54.7647,-0.361495
70.8704,6.37255
48.5702,-3.06468
74.7265,-6.22577
45.5286,8.48886
59.6529,-1.43847
62.8098,-6.26729
59.7976,11.7648
36.9243,-1.97044
47.0175,-5.78452
56.2639,-1.62448
55.6691,-1.09454
62.216,7.33653
58.3546,0.275609
33.9246,1.7833
49.95,-2.2621
66.7739,0.138538
47.5006,-0.310568
74.7151,0.164218
42.3483,-9.05199
65.3881,0.825015
79.602,-0.130122
56.5017,-4.01865
55.3867,2.00492
59.0145,-1.27058
96.6827,-3.24711
52.9493,-7.77105
71.5664,-4.46672
109.007,2.79317
53.9177,-0.20155
66.5347,-3.78525
57.0352,-22.2943
86.0453,2.36663
59.6759,5.09916
114.425,1.34192
93.7888,11.173
78.6852,-4.88449
26.8296,-6.75769
46.6199,9.06818
55.8052,19.8142
67.952,4.07747
49.7635,2.60003
53.2428,-8.16285
87.2632,4.98574
45.7874,-2.89886
66.052,3.41732
51.9422,6.63849
69.4538,-1.35996
54.7765,2.73922
41.4475,-6.02284
169.865,-14.471
77.0176,-5.0002
83.3756,3.57312
41.1837,9.72138
48.2067,14.6637
52.4225,5.28914
80.1612,-6.15986
42.171,-16.1198
69.8597,-0.0993937
64.0073,-8.48459
103.167,1.53238
30.9622,-1.65754
72.7007,-5.87631
75.8015,9.88076
57.4281,-1.16299
40.6936,1.26946
74.1915,0.951513
52.5231,-0.111996
38.2654,-12.0738
96.636,-0.620704
91.7358,-7.61927
82.0718,-3.41486
36.9412,-25.5673
54.3779,3.92241
43.2382,7.48565
62.4054,-2.96709
51.8443,2.78738
64.0665,7.46592
54.4281,-3.60247
67.0517,3.48815
76.1529,0.209404
30.8108,12.1418
53.0489,8.04766
71.9138,11.9448
85.0177,-8.62201
39.1273,-10.6183
28.0963,-27.4629
88.414,21.438
99.422,-7.07655
74.4127,1.23903
46.4654,-1.89383
58.9721,10.1103
50.6794,15.8117
64.6533,0.220065
73.2889,-2.00419
33.8682,-2.73741
102.746,-2.97482
95.2412,-3.58033
55.7584,16.4064
78.0983,1.53238
56.9505,1.33985
84.0323,-5.65992
84.9682,6.65493
53.3047,6.54225
64.2397,1.14085
65.6443,1.08021
50.6085,-8.85532
70.8794,5.74455
43.7041,2.74992
36.3898,-12.0073
41.7091,5.34413
44.0517,-4.3713
65.7349,1.14301
51.0305,4.31394
52.3474,1.23877
64.4262,14.8838
47.1865,6.8848
38.8037,10.1439
154.969,-12.5379
51.308,-4.68821
61.0582,0.879956
93.1919,-5.43476
57.9175,0.417039
27.7576,-7.52747
48.1363,2.9059
86.0599,2.06103
58.9726,-5.49156
42.4986,2.04087
65.388,-0.555535
66.0155,-8.93538
42.8653,10.49
68.1997,-1.17274
31.8452,-2.58769
46.0736,0.319242
131.842,-12.054
51.2718,-0.144839
73.8702,-5.29899
51.8518,-3.96979
87.6479,-17.2454
43.9591,-0.859887
43.937,6.85023
40.474,-5.28284
70.5133,6.19228
62.1194,3.49199
42.6222,-3.2301
29.4619,6.5252
77.0546,-3.65016
47.6782,-4.22905
85.2906,-3.30317
74.4746,-12.238
54.0933,3.4544
52.0638,3.02368
79.2686,1.31296
45.9482,-5.385
64.0403,-5.89336
43.136,-1.83471
69.4442,2.14717
67.9706,-1.65266
77.6471,8.4987
34.7563,-3.83078
74.004,-0.188559
48.4996,1.71727
54.6316,-0.446085
83.1224,2.29464
76.6217,-11.1767
43.964,5.43666
59.2572,5.59682
96.4337,4.72437
51.1699,-2.06789
55.7642,9.51892
55.8917,-11.2971
49.1457,-0.676982
58.6713,9.97317
100.502,5.28681
61.1685,6.4602
48.364,-0.643362
36.6522,-6.68036
65.8726,-7.3869
50.7703,3.98783
63.8203,7.4853
58.218,-0.428088
37.1103,-4.22628
62.3373,-1.2317
87.3621,20.5585
75.9523,-11.7319
98.4832,9.15057
57.5775,-4.6706
86.4582,7.63536
42.7625,-9.3579
71.9025,0.278285
49.2106,-0.606936
55.8116,1.40891
49.6573,-10.347
51.9465,10.009
51.2113,7.90118
47.2749,-9.98482
35.5302,6.85333
58.9223,-1.81408
68.6187,-2.51846
53.0194,4.57902
61.3955,6.10713
35.0657,4.0694
36.4975,1.98848
71.8791,-14.4212
46.2182,10.1937
57.148,-9.60632
53.2605,-4.76654
58.2795,6.36474
94.7322,0.915475
55.3238,-3.32557
40.5757,-8.87513
59.3123,1.7783
66.4951,-4.83887
82.1775,-4.65502
59.1766,1.00779
52.7752,-3.96034
35.365,-4.83732
99.8479,3.72742
63.0438,-9.95405
77.0514,-4.92489
38.9343,-6.31148
91.5859,6.83452
66.5683,-1.69181
53.0982,-10.9856
56.7664,0.956951
47.5228,4.07385
53.7495,0.11191
75.4097,7.46925
55.2688,-3.21081
66.8627,3.48573
78.8132,1.01944
45.2792,-2.68894
93.0261,1.96224
47.5643,-2.31622
77.906,3.44382
68.8614,1.95956
32.9811,1.46855
77.6227,12.6595
45.8626,11.0967
97.5959,-3.65379
127.928,-11.9842
60.3482,8.12219
79.4778,0.990657
69.1631,10.0466
90.5461,4.35105
58.6034,13.6095
79.3617,-3.74131
109.321,13.607
81.5,11.5672
49.5344,2.72748
61.0279,0.94478
67.0707,3.3654
41.4016,-4.69434
102.121,8.18995
60.766,10.9564
54.9351,-0.549924
70.3906,1.65055
52.4781,-8.41472
70.8943,6.28895
49.2834,5.33934
73.7732,4.34907
87.2787,2.13233
40.704,1.88934
40.7425,-7.40231
58.3199,6.31174
60.019,3.01824
75.4959,-4.14679
88.7788,14.5557
85.1889,-10.6511
84.2548,11.8287
67.0739,-4.11416
33.0849,1.92758
63.666,-9.34068
77.8077,-8.8015
43.9929,-3.17745
52.9101,13.8497
42.3828,-9.69941
56.9591,2.88742
93.2964,9.66066
58.1795,24.3785
67.0899,5.98007
59.492,-6.19633
48.8843,-3.02126
47.1502,4.49205
53.552,4.45636
42.3142,-0.473016
39.0914,-6.5558
44.2621,-8.37057
29.5731,-1.43294
129.173,15.7401
69.008,-6.79865
54.9536,-3.15263
47.1152,1.02915
148.045,-4.72955
45.1281,3.38772
48.5434,-6.06142
68.804,-7.14042
67.9189,-6.0953
38.6606,-2.51359
125.833,-4.52921
90.782,7.44378
71.3878,2.43594
73.4293,-7.3711
35.0399,1.68577
25.2196,-1.3963
104.865,-1.01267
54.2959,-6.2514
52.9507,2.18576
65.2076,-2.16021
119.451,-0.136769
52.6963,17.8049
76.0041,-8.10993
62.835,2.33029
61.7964,-2.94094
42.7224,4.20458
63.5084,0.8166
91.2485,15.7007
55.0859,-1.85042
64.5608,-2.08912
89.4848,5.03313
75.731,-0.427225
29.8475,3.33631
60.1483,2.66602
77.3655,1.87868
61.0183,-8.37821
102.886,-3.10266
125.412,-13.9734
89.159,-1.95585
49.2318,-2.21308
68.0492,7.36787
64.9373,-0.385836
37.7062,-7.63739
107.709,-8.7053
51.8176,-0.746208
70.0194,1.95615
135.473,-0.130554
39.8577,-13.2882
91.8647,-5.74067
69.0141,-7.31034
42.098,5.80808
85.5222,-7.53537
64.6196,12.7372
70.0616,-0.906844
92.6159,-1.79992
68.4511,8.85299
72.3004,0.339311
64.265,-12.794
63.6961,-5.90307
47.0405,3.99711
60.4984,-9.06986
72.4225,2.6072
66.5344,-0.905592
38.85,-7.40533
52.3607,2.45744
65.5533,-10.6049
112.837,0.736239
101.74,5.89794
47.1803,-3.74239
56.2304,14.3209
29.3999,6.24553
58.0012,-2.51406
50.3214,0.165426
19.833,-2.02844
102.374,-4.64151
46.1817,-11.4832
67.9452,0.315099
43.9715,10.5853
104.15,0.947024
52.3782,1.07085
37.932,-11.3491
64.6453,-0.838049
84.0758,1.45375
47.579,1.24136
84.4723,-3.91131
51.2253,7.1409
57.941,10.4997
91.8498,2.02508
93.8802,-23.7696
47.9086,-3.13606
60.1896,-10.2788
54.0568,-3.40131
80.1486,1.24987
73.9504,12.3815
69.9214,2.72114
35.5397,-19.3372
42.465,-2.63137
118.705,9.46959
54.9918,7.60662
79.9547,4.89433
62.6621,-1.79289
127.147,9.19222
67.9459,-0.765025
103.968,4.24471
57.5935,0.271768
40.7742,16.1951
59.104,1.46648
58.1711,-3.56372
48.5407,-7.16325
62.2854,3.16994
61.0203,-0.78354
60.2674,15.8365
40.7496,6.24748
43.2706,-0.950002
53.5438,1.4471
51.6044,-0.13146
57.2622,-3.09786
43.4873,1.81667
114.236,0.0133791
47.4669,4.42688
44.8304,8.84082
56.1229,-3.82258
38.7559,-4.07769
69.2008,-7.19083
60.1945,-1.44904
59.7641,-3.60096
56.9696,5.08639
44.0203,-0.275609
32.5231,-10.5933
30.2027,15.1939
34.8733,6.90586
75.8813,6.89843
67.7938,-1.49781
72.1552,35.0276
70.0022,-3.05799
60.81,3.42785
58.709,-16.654
40.4069,12.1838
84.021,2.90106
74.0147,-5.03382
22.8316,13.0353
60.8095,-1.61011
53.4115,4.39408
48.8672,-8.22961
59.4878,-7.2134
61.5655,10.4459
26.137,-9.28906
84.8418,-1.69578
55.786,2.92363
57.2261,0.177079
50.2694,13.2615
43.8855,0.0876978
79.4452,-15.3269
91.6071,13.3192
52.6372,-4.2123
54.6828,-2.23366
79.9705,18.5578
84.0639,4.27695
48.4577,7.37641
53.3891,2.01515
81.1152,-2.43327
66.7658,-0.544788
81.2298,-5.50243
50.8108,6.49149
74.0015,-1.34132
47.9069,0.919964
66.1327,-2.98203
99.5521,-2.01683
27.4927,9.13917
116.899,5.23325
101.842,-1.46751
91.3884,-0.750093
102.498,-6.18567
37.1827,-6.63806
77.725,0.705122
33.8606,-1.0156
50.7824,-10.6881
52.0604,2.09931
52.9151,10.8905
59.6964,8.40177
66.3394,0.69075
52.7323,34.3805
45.8959,6.12568
73.3211,3.42293
101.678,3.12147
47.0073,6.55968
53.9697,-4.86805
42.158,-7.94563
46.5382,-8.65274
49.7991,5.62897
45.905,7.78577
40.9403,15.9839
44.4805,-10.1058
58.8327,4.15171
65.0456,5.49272
112.747,-9.28393
52.4556,5.42509
53.2029,8.99446
111.232,6.05616
46.7256,4.17467
73.501,8.16146
43.4273,2.72899
114.886,9.1737
75.961,9.20365
47.9009,-7.34228
63.4067,-5.07806
119.721,-5.98715
76.1365,-6.61847
55.5096,14.3387
34.5412,9.48681
56.1423,-11.0687
52.9553,-4.46197
94.3189,-9.27741
58.9655,0.743446
82.3461,11.5408
64.9977,4.75096
73.8612,1.81041
37.9685,3.57468
49.8083,-4.05542
65.5685,1.45185
95.6807,8.82308
75.4408,-3.65336
67.3678,-8.98898
36.9866,-2.00238
38.3906,5.86665
68.2937,-7.14047
42.797,8.42175
62.7027,11.3337
42.4957,0.899507
54.4943,-10.6688
115.476,-5.35772
43.0527,-1.19941
50.2833,-8.53427
68.7471,0.387433
53.4066,7.73441
74.4533,16.4713
61.2774,1.69927
87.0707,-12.1534
69.716,-9.12109
51.1605,2.61255
77.526,-1.94929
47.0735,-5.2292
51.5997,-1.99892
67.7369,-4.02676
78.0655,-6.60876
115.772,-4.27091
50.293,2.24518
57.7131,-7.39946
71.2547,-1.07581
57.5083,6.97444
53.0752,3.86311
92.0116,2.73939
67.5729,-4.28848
71.3623,1.10818
65.1065,11.3356
64.4714,15.7279
36.5398,2.15688
80.2596,16.466
53.5445,-0.0204139
47.8041,3.87545
54.2928,-1.713
45.9179,1.20313
42.4141,5.63174
53.8698,10.5494
63.3893,1.57252
55.0882,2.17031
50.1019,-6.78376
54.7816,7.02774
47.9986,0.197147
90.1932,-18.1954
40.8521,-9.17392
62.7216,-2.64306
46.7285,6.94505
45.3847,1.78995
26.5975,4.54648
39.6505,9.94106
57.8592,9.72255
76.2836,-0.290887
87.8163,1.26407
71.2034,3.17909
64.7536,-8.25205
59.4722,5.63118
46.5114,-3.87929
63.8272,-11.2989
75.4401,0.681298
60.9587,-1.00455
46.4877,-7.22523
108.781,-0.286485
55.9852,-1.13904
68.2557,5.83083
54.4265,-4.91712
86.4562,0.0676723
46.1809,2.86235
70.94,9.91702
63.4405,10.098
60.378,3.5698
65.3448,0.0681902
88.5811,-3.44365
55.1607,-14.2496
35.0305,-6.58808
25.8223,10.2829
69.4334,-14.0429
92.6962,2.58104
82.399,10.0077
30.9786,1.36096
52.0338,-37.9369
49.5376,-10.6944
55.5698,2.75955
54.0332,13.8323
45.2384,-3.67131
48.276,3.3424
74.5062,-4.56288
71.5465,-9.86669
78.8829,0.604045
54.2387,5.40865
81.137,4.35809
45.3868,7.39691
77.7911,-1.89487
59.0939,-9.30072
65.9677,-12.5128
49.6664,-9.50533
66.6677,3.74843
48.5867,-10.6306
39.0042,8.16401
68.8728,-3.22592
35.6838,3.12462
72.4561,-2.5854
40.9557,-9.61491
89.6444,4.14804
53.9625,-9.58345
61.6087,-5.87584
70.4116,-3.57291
81.7601,-2.05002
83.7407,-1.03766
86.5521,-8.88294
64.7985,1.81524
43.31,26.3051
54.7749,-0.932566
79.9716,-4.13073
52.8063,-3.5755
79.4231,-6.30302
38.9686,-8.06073
51.494,6.01425
78.5359,5.28738
41.3417,-2.67275
48.9044,-6.5274
54.0054,1.97972
66.7248,-4.75761
57.1904,-3.14892
93.9275,-3.15341
56.1749,-1.7581
182.341,11.0326
44.5345,13.7853
54.0631,-8.42184
101.5,6.30699
68.6719,2.9166
46.6215,7.48362
93.4722,12.4056
55.2949,2.21864
30.585,-1.3055
40.6845,-3.71922
41.7447,4.71087
72.5551,-3.20106
48.5226,0.862218
61.4371,-1.15293
47.4834,1.88296
72.1175,-3.27995
41.2142,0.826958
60.6191,3.46812
41.1897,8.67656
63.77,7.70796
47.6053,14.3282
67.1594,0.375737
44.3955,17.2276
97.263,14.2357
52.0234,2.90546
61.2071,-0.951038
43.689,-1.19708
41.2795,5.35708
42.1476,-12.0878
64.5742,7.21901
48.5425,-3.53545
75.3897,-6.55852
39.2237,-7.33899
94.842,-15.5617
106.008,5.49915
99.6857,-0.509744
56.8141,-4.86429
60.0036,6.46935
74.8708,2.38614
85.0497,-5.35923
60.7254,-2.04286
51.8344,-11.7703
56.3948,-22.7227
53.4753,2.0593
48.1233,-4.06591
42.3664,4.91401
52.4778,-6.43875
48.9616,-0.564986
43.0679,8.75619
57.8606,-11.8844
40.423,-3.17093
43.5101,-18.7373
72.4509,3.69341
45.1495,-0.268316
47.1331,-16.8416
59.1387,-3.26554
52.3941,-0.703136
40.366,4.494
58.5174,1.72612
119.815,-11.6276
56.33,7.5837
66.561,3.68944
53.7595,-5.06261
47.0604,1.38081
60.8404,9.85608
63.301,-1.07602
51.2118,4.89217
74.4875,-4.62934
29.34,9.32696
160.854,1.53873
52.8722,2.66965
72.1717,-0.666452
37.0826,14.3586
57.9714,0.71876
49.0019,4.31899
72.8587,-0.845516
76.6834,3.05039
89.079,-2.97957
72.0657,4.85786
67.7272,5.51439
53.0081,-14.9261
88.474,-4.21778
54.338,-12.6744
77.1868,-1.86798
60.0866,-3.63165
110.957,0.603095
61.2237,4.75489
46.8064,-15.1334
53.8102,3.05617
48.1828,0.273063
87.7649,2.91431
46.1659,-9.87727
91.0373,3.53325
48.1763,0.470167
48.6165,1.98688
61.431,-1.57321
87.0688,-3.05781
68.2224,11.5415
73.2259,12.3043
44.3046,-0.856003
70.5776,9.58975
58.7909,-8.0556
52.7155,-0.195033
70.6936,1.21482
41.2468,-7.30274
41.0263,2.81677
48.2388,8.58959
45.6583,0.130986
88.4264,1.736
80.1516,2.99804
65.5127,-10.0176
66.6428,14.6432
75.7049,-2.61777
53.17,3.795
161.849,4.41169
55.5253,-6.84134
64.2129,-5.78909
79.3019,-9.74318
55.4825,-2.51126
98.9653,-4.13673
65.2382,5.05937
58.7711,3.03235
80.1995,1.35189
36.8626,-4.94163
65.6451,6.40971
80.681,6.16936
46.5462,2.58126
73.3653,2.39404
55.3152,-14.2477
64.621,-0.611425
51.9485,10.2858
94.2595,0.77055
61.8592,6.12542
30.183,8.07433
74.6922,4.19724
30.6314,0.404092
35.2829,2.10695
52.0356,-9.37672
70.4397,4.29819
89.0104,0.00699166
65.2125,13.0249
51.592,2.67573
41.241,4.02482
67.0188,-11.2204
66.9183,6.12145
49.6889,-0.419284
101.131,-9.51232
69.9121,9.04802
46.9592,-3.03015
59.6269,-14.0576
39.1237,-3.93419
63.6999,-4.38338
61.1882,1.23347
44.2868,-6.00583
92.6565,-4.8529
33.758,7.24439
64.7045,-4.66231
51.5333,6.93749
116.18,2.97771
46.7439,8.38882
110.154,6.17588
125.693,2.27315
54.8098,5.96889
56.795,4.61713
61.6456,2.3334
79.1573,-10.5119
73.4658,8.5038
48.1842,1.46492
54.4413,-1.47036
54.2385,-2.07764
95.165,-2.22926
57.0067,-6.459
61.1616,-3.53644
47.2067,-16.052
42.9132,14.4454
38.6352,-8.62852
49.7537,-7.36653
56.11,14.0221
87.4382,5.0674
79.706,-12.8489
66.776,-0.519756
55.871,-2.2372
46.2866,2.78337
56.6423,4.99787
83.7,5.5834
76.526,9.50058
56.9329,10.1806
63.4746,1.85257
90.3681,-2.49844
53.0191,-3.33252
72.2035,-7.38453
79.4051,10.0929
65.9433,-6.64345
51.6338,0.490538
57.8846,6.71751
42.5545,-7.06265
44.1504,9.99751
58.849,-1.42828
51.084,-4.43888
59.535,-0.74077
36.4844,-2.19521
61.1256,5.32605
54.7449,6.31476
58.1178,11.8067
67.1673,-0.13733
48.6294,-3.16217
34.3225,9.86221
73.4129,4.27238
51.1308,3.25164
42.0985,7.04064
54.6715,10.9305
44.6679,-19.2835
59.5019,-0.248506
67.4273,-6.48096
48.7751,1.43372
44.5689,1.31797
41.6197,1.92206
35.2086,1.60139
67.7448,-2.21903
83.653,7.55172
75.326,3.27007
61.7483,-1.9874
47.4378,-0.432145
49.1333,-2.7974
44.5645,6.76037
39.7903,1.02238
80.0956,0.549579
78.4947,5.93622
64.8006,-1.05199
52.2025,-1.00093
75.6103,0.785871
49.2816,2.14488
51.3959,-3.90872
60.0079,2.87038
57.4677,-7.47197
45.4492,-0.883452
114.694,3.22807
68.8164,5.20248
44.5813,-10.9832
54.5567,10.5395
58.4381,-1.43644
30.7781,2.51993
64.825,-3.21638
109.967,0.498566
49.1492,-13.3828
52.946,9.29925
91.9593,0.958547
49.7065,8.20186
43.6147,-1.59198
61.4448,0.0811377
56.5438,14.0332
130.592,3.98969
61.1334,7.89444
53.4684,1.16571
52.9112,-3.3301
69.3735,-9.32471
80.3018,-2.07903
96.3885,-4.98919
66.8604,-3.71382
66.2163,-16.7374
39.7612,-23.4208
42.519,-6.0824
107.407,12.191
115.61,-9.90942
67.0254,-21.7035
87.542,-10.5232
57.0112,2.26789
50.7014,-6.95791
85.0638,-0.41281
53.6539,7.15087
53.3705,-4.67522
68.5034,7.23153
58.2588,-5.78033
38.9256,-9.57814
75.477,9.79794
60.1741,-15.5494
57.0517,-1.90756
42.8793,14.3326
56.6238,-8.30069
71.6941,4.25153
55.5271,5.33813
45.9509,13.915
55.1293,6.63046
51.388,2.38778
60.284,-1.37636
58.8593,22.6023
93.4234,0.740296
55.6925,7.50403
77.7267,7.91322
67.6364,-6.15896
60.5339,-1.21206
46.2955,-2.36775
96.1702,5.45306
67.9668,-4.46711
55.6436,5.60286
50.2843,13.2917
102.92,-3.48802
35.4402,-1.32112
65.9203,-10.2476
79.2696,2.68998
42.946,-0.793251
76.4107,-6.40216
63.2199,6.21498
137.657,-13.8606
74.1307,2.14648
61.1586,-7.44737
47.8756,-8.78182
65.1012,-5.28992
80.1438,31.4214
61.5465,6.29085
76.875,5.6143
203.421,18.2522
65.0246,-2.06297
60.0729,6.35239
47.6769,2.94621
69.5855,0.0549406
44.4393,-16.1501
43.3293,-3.77057
35.7226,-2.76559
75.3109,-12.4984
59.7073,-8.13307
64.4246,1.76992
55.5757,5.35742
44.91,-5.65763
68.8908,-3.43592
62.2761,9.65518
49.159,5.4645
78.3324,-3.37011
48.287,-3.89547
79.6208,-2.84927
59.934,-1.40247
61.3766,8.89753
82.6158,4.67707
82.5454,9.41414
87.5188,5.39721
61.0791,-2.65087
55.267,-7.1693
64.0996,21.5983
83.8823,2.14687
41.1727,0.703913
68.7901,-1.18116
53.7612,1.39307
115.749,7.02933
55.271,16.4079
58.3376,8.07476
68.2122,-10.5174
49.7128,0.988845
41.4675,1.57135
83.9207,-1.22104
57.7874,3.38711
53.5809,3.72647
55.1961,-3.02838
68.3466,-3.59893
38.862,3.63773
52.5144,-3.23753
30.7011,12.8999
74.1143,-13.8555
52.8549,2.08921
66.325,-5.45837
50.1742,-9.16343
72.889,-8.42331
108.016,-11.0835
49.6912,-4.85014
50.9437,1.14892
83.7382,4.35472
65.5541,-2.40724
60.133,-5.31539
60.9708,-6.8447
104.224,-5.94356
67.2889,3.59652
57.8358,-8.91156
105.35,-18.6663
50.1795,1.01444
49.3079,-0.563346
69.7641,-5.10335
51.62,-1.80989
55.2419,4.74431
64.5176,0.807536
64.5675,-2.47513
83.2966,11.6513
82.6612,0.621351
68.1538,3.20874
71.0818,-10.5391
138.161,-8.01222
47.3301,8.93188
53.5305,2.34363
56.2436,11.8062
47.5459,23.4609
51.3986,6.27635
49.0001,-4.63905
48.1204,3.28586
65.2866,2.37302
57.3942,2.86011
48.1246,-4.72882
51.3525,0.99329
80.2265,11.9224
42.8088,-4.80879
62.4595,3.0519
73.3951,5.58396
60.1833,-9.54702
76.7886,17.6663
91.836,4.97733
52.3167,4.21303
78.8776,5.67161
62.738,17.5396
73.396,-5.43308
42.7888,5.91878
86.3845,12.068
30.2499,-2.79774
63.5102,9.89544
96.7547,0.791007
33.4212,-1.48124
41.9526,0.0824325
58.362,6.31243
39.9161,0.495285
100.174,17.4879
90.458,-4.4413
61.0953,3.47481
98.375,-1.89426
107.054,0.389634
55.1994,5.5821
39.4817,-6.7151
59.9218,2.17928
21.3051,1.22548
49.4914,0.339872
56.0314,-4.85812
43.8036,4.57483
47.4592,-0.649836
142.126,3.59151
70.7598,3.20697
57.4092,-2.36007
52.9258,-10.4672
44.841,7.16813
48.5457,-9.76816
128.607,5.61257
42.3645,3.82452
71.9742,-9.68038
85.6569,7.37391
49.5453,-9.14077
54.6183,3.69367
93.072,3.45207
54.1515,-1.17525
61.1583,5.42535
82.9794,-11.5227
82.4473,6.03747
53.7501,-4.64332
79.2078,1.50683
58.4547,9.68362
38.2726,0
43.8349,14.7721
61.5415,15.5458
80.7826,3.83044
56.777,-7.79337
105.894,13.7054
20.2257,-20.0716
64.3824,-0.651562
47.6659,-3.47688
60.4276,-13.8288
54.928,-10.8608
49.0655,0.151831
26.1257,-28.6228
71.5905,-3.88891
79.3217,-9.04789
49.5426,-4.50401
54.0819,9.26951
73.8943,0
69.5708,-6.47635
41.6942,0.0511427
58.3016,7.6364
55.6354,-9.03439
68.7108,-1.39837
39.2205,-8.22521
144.096,-4.0647
35.7854,29.0971
72.2229,4.10207
57.7936,4.77888
63.1862,-7.14051
50.3712,-3.51434
57.0796,4.70694
68.2233,-3.60044
53.7083,0.488466
53.0366,10.0652
69.9227,4.33552
111.766,9.68319
57.721,-6.07748
47.4796,-9.99992
80.5259,9.94943
42.6162,-15.2347
79.3006,-16.0012
58.0385,0.789669
77.7454,2.11157
86.4203,2.65269
29.6284,9.08971
42.1075,7.33736
42.5585,3.28487
64.122,0.0911936
62.3084,-4.13332
63.0377,6.32378
59.4357,-2.30043
155.593,1.52034
41.6851,0.281479
55.7265,5.20309
62.9886,2.83801
42.924,-6.67578
68.8649,1.70441
57.9247,1.7436
53.2777,-6.90711
52.7418,0.829763
111.641,6.54035
39.9779,2.74297
80.1899,1.13006
84.3464,-0.16616
50.4595,-2.78851
62.7826,-5.57196
174.6,-2.91302
62.927,-1.70363
46.9238,-3.11094
60.0014,-6.60573
64.2398,-9.37771
60.2749,-5.00797
72.4017,1.66932
50.1812,0.499256
53.6576,4.1442
69.51,2.22149
64.8304,-14.9869
46.8809,-4.56555
69.5423,-6.47893
86.5278,-10.1114
96.7352,0.039792
85.6254,-16.5699
49.8298,6.94013
90.9125,0.355754
49.2505,8.10027
50.6798,11.2047
52.135,-17.7738
54.109,-0.516563
61.1997,2.88458
79.0481,-0.737749
58.8425,-6.57246
54.5452,-5.82815
82.7726,-10.7573
65.6334,7.90497
35.8552,6.13056
70.602,-27.1458
37.3248,5.30347
53.4754,5.78033
61.0422,-0.189767
51.1676,0.0428563
48.928,14.9299
53.3201,-5.94558
75.4064,-5.88136
51.1961,-6.5785
77.7942,-3.79405
39.4937,4.3262
121.105,9.1759
53.9404,9.18376
49.0331,-3.97704
38.6726,3.42591
65.7405,7.81141
55.9426,-1.36428
57.6787,-3.35984
70.5321,6.64091
46.7831,-10.5179
88.2692,7.5181
53.0843,12.8903
50.2594,-11.8457
31.2957,-9.00115
47.2525,17.7576
47.1944,-6.58459
67.2748,-4.0571
40.9947,0.66028
83.2217,-6.51264
56.6499,7.78322
44.6417,-7.81322
63.4735,1.19337
25.4817,0.802918
70.4856,-0.519929
70.5238,6.75653
52.6115,5.28789
43.4791,9.78871
48.2805,3.46182
46.0231,-18.9529
73.0283,1.68525
64.7773,-7.30982
100.065,-10.0517
61.5839,2.49947
79.1908,-6.01813
66.8651,-1.60402
88.3621,1.99098
72.5956,-7.52026
46.0255,9.24949
55.1559,10.1021
61.4712,-6.28856
82.5485,3.62138
38.2261,5.5714
66.1632,-13.4222
41.4823,-5.22057
51.6943,-13.6908
52.0499,-9.25199
83.9524,-8.52067
55.2869,-6.74824
71.1456,2.81021
96.8242,6.89878
36.992,-2.65126
78.7166,-16.3408
68.2431,-5.36329
45.7333,1.57174
82.336,5.87485
47.5011,-4.59736
66.3096,2.5034
54.3317,2.93244
115.418,-5.7676
57.5671,-1.35604
51.058,-0.79269
61.8047,-0.235515
33.5633,0.377895
69.4552,4.15801
38.6231,-2.00945
89.1023,-7.27607
67.6435,2.69416
68.971,0.924064
50.596,-1.00067
61.4136,7.42885
58.5902,1.82465
72.7128,-7.81935
60.7797,5.18854
61.4398,5.59855
67.8699,-12.5083
62.5314,-14.6696
132.59,5.50822
45.5618,1.35742
115.242,26.2152
50.2374,0.0483374
55.789,-1.98831
57.5252,-1.80519
47.2403,4.18904
60.9037,-3.14737
66.1032,-2.9106
29.3991,7.96022
37.4923,-4.61471
53.0829,6.68998
78.349,1.25833
86.1298,-5.27451
43.3866,-3.46458
76.4689,-4.27803
50.4071,11.197
51.2504,-1.28167
82.6965,3.62332
70.9588,3.13563
51.0847,-6.21442
108.102,-4.58156
37.8493,7.11237
55.8058,2.87176
137.248,-8.79309
41.4654,1.55465
42.6213,6.83482
71.8047,5.94058
71.9815,2.71937
53.3398,0.65536
62.0487,-12.6371
40.0293,-0.273322
60.3422,13.9544
51.2351,1.50687
73.8129,4.99519
69.1734,-15.8579
72.976,3.51818
50.5663,2.79066
88.8669,0.281781
98.4842,-2.45998
56.8271,5.96172
63.3673,-11.7831
42.5068,2.52727
53.6827,-4.43871
62.6614,-4.68886
51.4265,-1.06135
78.2825,9.04729
75.3505,29.6756
71.5512,-6.42102
64.536,0.349108
70.3873,0.683024
98.4861,-16.6302
61.681,-9.02373
57.5397,1.98321
50.7597,2.48994
80.6265,0.652943
53.9379,4.46858
56.7819,5.24227
74.44,10.7791
70.886,-2.57487
93.6011,-1.56678
52.4146,10.9321
44.6207,-5.01069
55.6053,4.68402
48.1543,1.92145
39.3088,-18.3243
54.775,9.04638
119.942,9.26239
44.4687,-4.31989
129.536,-2.41838
64.7689,-27.8992
86.7279,1.23502
81.5391,1.15815
57.1168,7.50658
56.2168,-0.181179
71.1535,8.15413
59.7449,-3.43497
47.866,9.68284
64.0158,-1.86479
89.6807,10.1053
41.586,-17.4526
66.2893,3.41124
43.9739,-5.31521
50.3974,-3.33014
55.8628,-1.59811
72.1339,-9.80506
57.6683,-1.85227
76.6416,-5.01738
67.5326,0.311517
78.3214,-30.9769
46.409,-11.203
87.6897,9.65682
83.4318,-9.62436
56.9367,-1.44762
95.1492,-6.15913
60.0787,-6.39611
54.9672,11.4267
70.9811,6.49918
75.2055,0.196025
52.8008,-5.0308
64.8325,1.06113
49.637,5.01811
69.3684,0.816168
46.9025,4.16608
82.9646,-1.41616
44.587,-7.3465
35.2292,-4.46715
74.8096,1.92883
57.3014,1.59729
38.6485,-13.3502
45.4142,-4.81224
84.183,-1.22082
76.9548,6.8974
49.222,17.0139
68.8932,-0.436979
86.9222,-9.89371
51.5955,6.97297
71.9618,2.46805
96.5364,-6.03591
101.438,1.77217
58.5471,2.31735
77.5972,0.11916
49.7315,-1.63238
55.4934,-0.917288
51.3797,1.83302
52.8192,2.7554
133.083,-13.9014
69.9842,6.43358
89.4233,-3.17473
57.1212,-3.93941
50.0311,7.95059
98.4218,-2.53758
35.0549,-3.92344
51.8252,-1.7792
98.5283,3.70307
50.201,5.01548
68.8905,-7.45837
81.3856,-3.39721
54.213,3.66298
52.4506,5.13822
76.6318,-0.509226
76.5358,2.26448
35.6838,-9.28337
56.8747,1.64179
48.3174,2.54833
46.1548,13.1274
61.2759,-10.3275
32.5364,8.47397
31.2521,5.40351
99.1941,-2.47354
66.4488,7.00857
45.6668,9.92025
53.375,0.521742
74.4846,-5.42315
63.0288,-2.60267
37.1216,12.2403
64.0783,-0.468786
73.6112,5.3301
59.7592,0.213073
48.8587,-5.13926
40.687,5.86945
52.5276,17.8069
48.3605,5.73545
56.8038,-6.58359
40.1505,-22.3058
74.7732,10.2222
63.0804,1.66634
62.0599,-7.58444
51.4648,4.92157
57.8944,9.17366
32.8775,-3.62979
58.229,0.616258
57.8077,-1.79612
114.861,11.8185
43.9794,2.0637
92.5884,17.0501
61.8519,0.0994369
53.0075,-6.87871
49.1566,-0.04605
76.3862,10.1356
71.1619,-3.21146
67.542,-0.614359
74.3713,-15.767
54.522,-0.674911
104.647,-5.56424
92.1609,0.613928
84.0067,-4.7816
49.1733,-2.87806
62.57,-7.99427
46.3344,-1.50334
57.9253,-3.63312
54.8856,6.746
186.23,0.198054
68.4759,2.57625
98.8128,-18.1463
52.6773,-5.04085
62.9023,-2.29188
270.839,-1.78512
62.9538,4.63694
96.3613,-7.19856
65.5192,-2.76792
42.1963,-4.48476
66.3646,9.66432
34.7734,4.30349
53.3975,16.5862
58.5776,-2.53508
46.0301,-8.66573
55.3861,1.7732
42.1651,-17.1851
76.1843,6.91824
95.998,12.3658
80.887,1.16933
78.8074,-8.44717
81.0951,-6.69641
73.4447,5.79928
50.7105,5.22717
77.579,9.5844
94.976,-13.8719
74.728,-0.439525
66.7092,-4.94664
120.054,5.11228
47.7095,-4.74427
93.26,16.1215
71.0677,-0.66602
64.0715,-2.54764
56.3897,-2.59684
120.528,-2.0063
52.4938,6.39844
94.5724,3.27645
60.1186,-10.319
55.2972,3.52781
77.3432,3.83372
80.735,-6.46681
70.3951,-2.35826
49.3021,-4.89602
70.9181,-2.36322
57.357,1.98602
52.7093,3.51283
46.6103,-11.4597
112.132,5.82047
53.5722,-6.69848
72.8708,-1.46501
88.7104,-4.55714
43.8785,2.29447
32.5555,7.22467
169.956,-3.3462
52.2621,-9.40058
66.3181,2.00216
123.174,12.652
59.4178,-23.7675
55.3605,-3.4941
73.2519,-0.334995
66.6606,-1.41253
70.9652,12.1096
60.9935,-12.1885
62.971,-0.0993074
72.9215,8.57397
63.8328,1.6597
57.9093,2.71125
100.293,10.0474
58.0379,-3.65249
78.0455,-6.65183
135.648,6.63564
90.4989,-10.182
106.909,1.73704
88.9699,-4.25697
67.4584,-13.9287
54.2731,-4.6353
38.7016,-7.62198
58.6578,5.17516
56.2131,-4.16539
49.4538,-0.630458
82.1174,-2.34074
57.7757,-3.38858
55.5234,13.7602
57.6406,-10.2811
69.5389,-13.0753
67.133,2.13936
70.2451,1.56725
57.9681,1.85611
72.3216,8.40928
50.0153,8.16858
40.0258,-4.43249
64.5573,-7.50084
40.2651,6.86844
58.2801,-5.23304
45.5071,21.4892
54.1209,0.605124
60.8223,11.8098
104.831,-1.73937
71.0888,-21.6295
63.8424,8.87164
57.3242,3.77416
49.7873,0.96938
91.848,16.9216
93.089,6.88657
48.2831,5.93277
46.4043,5.63497
61.3775,3.48396
46.8139,12.6313
66.2024,0.561793
84.9649,6.87573
80.2491,3.31288
42.4669,6.89205
51.8267,7.82815
87.5425,1.88412
121.524,-6.16025
56.334,-0.801624
66.74,14.325
52.5802,-9.20218
77.5064,-5.59548
75.2578,3.56471
65.0688,-2.45304
115.887,1.54403
60.6146,-5.09411
53.5579,-1.4162
49.1265,-4.22434
72.0394,2.16927
52.0254,0.516778
65.92,10.6447
48.8627,-9.84671
76.4142,13.6014
68.7967,15.1511
80.3357,8.70323
97.2071,5.78201
66.6642,-7.77671
52.9149,16.1433
55.0944,11.0839
46.0825,-7.80791
62.4578,-3.09372
50.0531,-5.74818
42.7407,11.9151
42.2955,1.22781
30.959,3.23593
52.209,11.3847
35.8055,1.53644
66.2765,9.39364
41.3156,13.139
48.8499,-7.03732
92.2913,-11.7162
51.8336,5.62919
65.8963,4.87677
55.3093,5.74995
66.719,-6.06203
60.6191,2.33103
71.2167,0.632788
88.2722,-6.09111
50.8394,7.05717
65.2878,4.10764
63.3343,6.38632
58.4416,-14.976
87.9199,-12.6469
40.4723,-0.422391
41.2517,4.25598
115.148,2.91979
36.768,12.049
46.418,10.1533
42.1483,2.79688
61.0232,2.50232
50.2704,-11.0084
54.4539,14.1352
90.0489,11.0316
51.6137,5.29601
39.8578,-9.55401
31.2576,-3.78477
75.0175,9.04194
56.6997,0.111694
36.4874,-4.42218
81.4361,-6.39866
70.8985,14.0102
74.7973,8.58157
48.3652,-13.3524
54.9646,3.06355
69.1152,0.410781
57.7707,-4.67759
60.6612,11.0342
48.0707,-4.42106
87.0046,-3.27417
136.073,3.64062
29.2404,-6.90465
36.9521,3.46734
64.2162,4.41955
69.7454,7.84511
75.7703,-0.209577
64.2988,12.0313
104.532,-12.6567
92.0493,-4.12132
40.4157,-8.26733
156.54,-1.59207
61.4478,-1.51667
45.4081,-11.3752
85.4598,5.79211
36.1506,-2.54768
51.1419,1.05514
63.3662,8.06794
50.5724,15.6751
83.1853,-7.78271
61.6205,1.97752
49.3135,3.18591
59.9057,-4.49011
67.329,-1.98904
41.9312,-16.8812
71.8197,12.6457
52.9198,-0.981206
54.989,3.22341
70.5478,3.97351
54.0936,-4.15727
67.7965,0.230164
67.4864,-5.18259
41.9281,16.1634
62.9472,-7.79785
61.5572,-0.264906
62.7485,-2.46698
57.1685,3.48849
73.6329,-3.34037
57.1443,-9.72095
94.0113,-2.57302
61.6533,1.87596
24.7097,14.5138
63.1862,6.79606
22.3781,-20.0919
54.3857,-4.25921
48.5438,-8.18714
89.3227,-2.89951
52.4753,4.75709
68.3022,1.58257
47.9923,-2.95635
44.0065,0.671674
104.506,-1.36566
89.005,7.05924
60.4633,-2.89921
63.3656,5.87977
70.252,9.04202
72.9138,-2.72019
39.9522,-4.45222
62.7791,2.70629
67.2245,0.677241
38.847,-6.7482
54.4991,6.43461
46.675,-5.65483
63.0966,-7.94455
43.8909,-2.8245
77.7812,8.73797
65.8014,-11.9048
66.7485,-5.83471
82.654,-7.17007
39.418,-2.56223
48.9008,-0.249973
70.348,14.0018
39.9324,-4.8551
79.2541,4.89472
39.4424,-3.40951
51.2227,-7.21927
38.9568,-2.92286
57.4627,2.6848
67.4278,1.82836
47.1535,-0.275653
92.5106,0.796056
85.4146,4.78497
28.5914,-1.45759
51.8212,-4.36154
40.2731,6.3079
53.3718,-2.46378
35.9329,-10.3751
79.176,-6.18835
67.3752,-1.81869
46.9486,-6.89589
37.7415,-1.02052
52.8908,9.25665
36.4833,-8.47803
38.9321,16.3446
84.8153,10.9866
81.6138,-8.57078
61.4284,9.62937
56.9592,3.98511
56.78,-12.6642
60.3969,-1.80851
40.6178,-0.637147
72.0397,1.0153
82.7472,8.50021
86.5534,-1.54498
122.855,-3.09368
79.9061,-11.8818
54.8852,0.252994
50.4869,0.299649
90.6701,-0.530719
64.3465,-3.03904
45.434,-3.49807
72.9501,2.53456
40.5137,8.11649
61.7593,-9.39044
63.4205,-7.92461
60.6285,1.6051
63.6774,-0.354589
80.2553,-8.5593
96.804,5.69893
45.2901,-1.64977
64.5999,7.08397
52.4306,3.62746
56.7738,-7.07901
64.8785,1.63773
36.5615,9.43019
44.8624,11.2855
37.9561,-6.107
82.2699,-16.4908
44.2932,3.45284
50.4599,7.05941
98.5012,5.20171
71.1654,-2.3962
74.4393,5.0207
47.9186,-11.2398
99.1914,3.90143
66.8152,-4.08231
46.4344,-3.21806
52.6352,8.36319
82.6487,5.49259
60.7754,-3.03265
106.183,-4.41765
41.6599,5.6884
54.0398,-3.54727
112.891,4.2946
77.4733,3.07724
56.8502,-5.57951
48.4567,0.681384
64.8662,5.42747
72.4468,-5.74891
67.9081,-3.94058
107.863,13.446
64.8561,-5.55461
55.4864,-2.29111
55.4063,-3.59479
61.8606,-3.50563
53.1221,-1.3941
84.2156,-7.51504
54.3435,6.21066
43.9792,9.63105
73.1386,3.26342
37.1596,1.94295
53.5463,-2.81785
53.3054,3.43903
49.8086,4.77547
38.1206,-3.90268
61.2156,6.71005
57.9383,6.19711
83.9129,-5.44387
59.8919,1.12415
55.3685,-1.67847
45.9892,2.78121
34.2209,-0.889106
71.8351,-8.9936
76.858,1.0667
70.7806,-2.5173
46.4071,-2.18049
62.5045,0.365897
62.4428,-0.182128
43.8128,2.54043
55.0011,2.16923
59.253,8.77496
86.1213,5.36847
72.032,-1.46868
46.3767,0.68009
33.0054,-10.6246
79.8585,5.01138
45.3839,-0.312294
130.867,8.51282
130.213,2.4974
40.8713,-9.19381
97.3815,0.150062
57.3878,-4.35701
41.5843,-3.18776
47.6439,-58.6465
50.1354,-3.92301
63.7415,-5.75081
96.5067,-5.84658
57.9989,12.8383
64.0693,0.597182
38.6848,4.94159
35.2146,-10.4431
44.8821,-5.44698
85.4228,-1.52634
62.934,-1.33562
89.1247,-0.519411
60.0545,-12.872
43.1333,4.32128
65.8826,9.8345
47.2156,10.052
59.2653,-3.49868
56.5981,11.0529
65.6324,10.8324
42.2364,-0.761616
59.5875,-2.40897
59.626,-10.4603
96.8486,-3.0481
46.601,-7.94874
79.832,-16.5334
41.3586,9.24681
98.219,9.29265
34.2287,-5.80139
71.4185,-7.89936
64.4947,5.25656
43.8932,-9.23537
79.4544,-10.1733
61.5368,-8.81467
63.9455,-0.320365
39.8837,-3.91723
54.9155,-8.58342
60.7551,9.67533
62.6234,5.4323
61.2935,6.59231
153.533,15.5636
95.3771,-1.38607
71.4564,18.414
42.2347,-0.3356
47.3439,-8.78018
53.045,-1.85521
72.0277,-4.64035
120.948,-6.7324
116.16,-0.12982
96.2384,29.4941
42.3101,13.4493
69.5867,8.0644
76.4769,4.19219
76.3282,-4.97582
66.3208,2.86028
60.342,4.76943
54.8871,-5.23187
54.4316,5.74576
43.9977,8.04852
43.8026,0.370126
73.2228,-11.8421
59.3086,1.65858
72.5848,1.90937
38.5425,5.46946
73.5125,9.78159
56.6308,10.8031
109.255,-2.90335
45.7592,2.49326
47.3281,12.6745
49.0852,-3.96108
50.773,16.6277
47.4923,9.03037
74.8799,6.70094
42.1373,4.15304
69.8154,2.42196
61.6598,-10.3516
60.5253,11.9977
58.992,2.44048
51.0041,-4.88268
47.167,-7.00219
27.5042,-17.4557
79.1509,-7.11198
43.838,-10.5088
50.6294,10.4508
83.1904,4.23656
44.8061,2.51717
70.279,3.68646
78.1176,3.19022
56.417,4.22814
120.012,-2.5444
47.1857,-10.0984
62.1962,-14.4212
59.8457,3.10386
65.2136,3.74964
46.8706,3.69431
89.4528,-2.3757
137.961,3.6745
91.9015,6.40785
50.6496,3.32522
94.8057,1.24792
55.5912,-4.64859
55.8732,-8.32141
38.0532,-0.299735
71.152,-8.17122
58.6693,1.38543
61.0575,17.8519
70.8348,13.3172
78.9524,5.17715
66.7476,0
79.1286,9.58858
64.625,-15.8757
52.7954,-4.25662
63.9944,-6.37005
32.5126,20.0335
93.9948,21.4223
50.2248,2.38152
47.336,-0.977278
63.2485,5.34913
93.4157,2.18929
88.702,10.3519
61.9291,-9.49027
100.077,15.9065
50.9347,1.11452
55.4316,0.427138
55.4815,5.32298
80.0004,15.3609
75.4911,11.2332
72.5008,-3.87364
43.4039,-3.77489
104.292,-10.1786
38.292,4.86252
25.0768,17.5924
91.0484,-10.4064
37.6873,-1.79966
68.7699,11.4346
78.4067,-4.83814
69.814,21.3881
49.8395,13.568
50.4128,7.55733
117.455,-13.5789
62.1226,-2.44242
56.5702,-0.188991
83.4168,-6.64177
46.6018,11.7675
33.1586,10.7404
137.467,6.10825
51.2209,2.78989
83.8161,-12.3461
39.9402,7.63416
45.0277,-21.7877
63.7244,-0.137805
66.533,15.2091
48.604,12.7458
66.7787,0.415788
71.7813,20.7585
75.7511,-3.05829
53.6647,-9.06416
124.437,15.322
70.8565,-17.6084
72.0028,-4.3132
48.4054,17.2196
55.7356,-0.247341
65.3612,-2.53629
57.3844,2.33992
43.3496,7.4014
78.2732,-0.41527
61.4288,-1.68244
101.787,-5.10611
44.2331,-10.0411
42.9294,-6.51571
59.456,-8.72127
54.3843,-9.04362
69.9343,-3.95896
55.4932,-0.410695
77.4131,-3.57036
27.5204,-7.68707
56.1991,0.811118
56.9783,-5.91982
66.5214,3.45513
54.4467,7.64982
79.7579,-2.19529
83.9633,-0.945039
87.5409,5.19877
57.1282,-3.39423
39.5044,11.7129
95.6369,5.74136
57.5711,22.1727
53.7864,3.19562
68.3447,0.169526
58.3719,0.705855
80.7282,-4.3091
45.6823,14.9051
50.6915,9.90347
46.9308,16.8836
63.053,-9.68228
79.7512,-9.0453
61.8327,-7.15372
94.1155,3.67688
63.0492,1.25677
48.7116,8.06699
93.3044,-7.05652
119.407,-5.5421
74.714,5.25099
57.5122,-5.6632
76.5949,0.964201
56.6771,0.59524
56.9084,-5.24965
36.2652,5.78197
51.4647,7.25052
60.4772,-6.32352
48.9446,3.19778
79.8625,-20.2818
44.4913,9.5071
56.729,-5.86691
52.6288,2.8658
66.3356,0.874993
52.297,11.7012
58.9249,12.6107
62.0262,-1.61745
121.19,20.6726
88.1917,-16.8895
54.7059,-11.2187
100.995,17.6638
108.26,1.52625
45.4045,-0.131892
55.34,1.21051
111.772,0.820872
73.5378,1.90954
64.1787,-2.9084
72.4018,-3.19545
49.9022,-2.08817
85.4405,-5.09493
54.8793,10.0505
88.2947,-2.90473
52.5311,9.17504
38.3072,-9.17534
48.1851,15.5655
53.1012,5.19588
45.1551,-3.23196
54.7171,-1.82335
60.1747,-8.59736
82.7621,-3.92016
58.7912,-1.35712
61.1973,0.655576
72.6786,-2.21994
64.0993,11.2252
61.7439,7.56281
42.1919,-19.3047
77.7973,-0.486611
84.2342,-8.09958
54.8294,4.98717
78.5514,4.57185
119.85,9.82902
56.6497,2.98414
57.2554,7.65379
67.3366,-3.10896
65.2325,0.450789
95.7681,-10.287
51.4895,9.45168
49.309,-7.98585
46.8612,0.608965
76.0547,1.9426
80.1125,-7.80114
51.7757,-4.44324
78.6001,1.58995
54.7509,5.46506
26.5748,-5.01474
46.1707,-8.71544
56.0739,-3.30144
58.4674,-11.4838
68.144,6.62183
84.1809,5.46963
49.0889,-10.2906
48.4399,-2.01291
52.08,11.6788
62.5421,-0.146264
54.8842,-6.94254
69.0728,-14.6201
43.5617,3.66799
65.2852,0.450876
42.5033,2.15024
29.7411,7.50075
56.7055,-0.00509269
57.7234,6.00475
37.7275,-5.58033
67.8151,13.7737
74.5909,7.52846
134.067,6.76823
87.8788,-2.49114
71.2097,0.156363
52.3255,9.17081
62.3762,-1.04819
31.6286,0.723248
51.3309,0.837747
47.8473,5.6468
35.0153,1.48495
53.0044,-5.56648
65.4317,-0.496753
67.0733,-1.8559
58.4014,-0.0110485
41.5329,5.32553
70.7838,7.33593
57.4548,3.64317
53.814,5.58992
65.8359,-12.8728
66.2679,-3.53264
144.784,-2.86481
58.5736,2.50672
102.298,-4.55951
77.5355,-1.82629
62.5236,10.8721
45.4642,-5.24603
68.4097,-1.23049
71.6079,-3.63018
62.8535,-3.11086
40.8794,11.5322
103.582,-8.49788
64.3588,3.97717
90.6041,5.00883
53.3813,2.73279
53.9925,3.32704
79.8476,-3.91844
80.1543,11.4255
52.1962,2.90978
75.7496,3.99884
73.8551,8.20656
84.1802,-3.08267
105.377,4.82532
82.9054,-17.6003
59.0135,-12.338
58.6999,5.51793
104.3,5.37033
38.0182,-5.96509
61.2167,4.11985
83.2627,-0.984313
156.614,8.3593
55.7596,-7.92396
61.8612,3.41042
56.6215,3.82116
55.4579,-1.98054
52.1673,-5.58236
47.6449,-4.8756
62.7261,-2.78315
145.072,-3.42997
72.4592,-4.18338
63.7332,-1.41313
50.0643,-1.24922
70.7519,5.11552
47.8895,-9.29446
63.5386,1.01521
63.702,2.10617
61.9735,2.94508
81.1458,23.0189
47.9737,-32.6118
88.8567,16.1102
82.1008,-1.38396
58.6335,-13.332
76.8464,4.5195
65.8144,15.8793
48.661,2.34035
66.3614,1.09415
61.472,4.45377
58.0869,1.54645
69.5601,-4.3328
63.8235,-13.2828
57.7223,-8.19854
50.2322,9.426
61.8973,3.92215
71.4746,10.888
52.262,-12.6771
28.8588,-26.4988
44.2154,0.625106
29.5263,5.82491
47.6878,-3.47257
65.7216,-2.20371
82.9983,27.3904
60.536,2.43327
35.7159,1.40273
51.9274,-5.65599
56.6146,-7.01091
88.0563,44.2719
35.1612,-4.96874
65.2894,-5.98382
55.9817,5.01323
57.3469,8.917
71.6491,-2.33586
61.7516,15.7209
72.2933,0.770722
50.1217,-5.09623
42.7408,12.457
73.3307,-6.4315
40.7789,-2.31394
51.1852,-1.97678
55.8737,-6.30846
49.1259,0.174791
51.9123,8.69555
42.068,3.26238
39.1991,-10.3876
42.886,1.88201
37.0951,-7.6736
44.8721,-1.17857
83.438,11.2098
57.1328,-1.30606
54.2744,4.04454
65.2816,12.5759
60.6517,-17.0457
49.9341,16.3477
62.834,-1.80777
36.4359,-3.70782
55.046,-8.19297
63.7778,7.01065
43.0038,7.3074
66.271,-16.3075
84.6329,-0.458558
72.8438,-1.57752
54.222,-4.66948
92.9238,-5.91503
64.8227,-16.1113
92.8906,-11.1358
55.141,-3.37662
69.8104,6.36923
41.1596,-7.81546
260.005,-1.17248
69.0483,10.7905
100.42,-6.64807
97.4095,9.9045
26.1434,-8.0111
62.9438,-9.18151
49.8172,7.52082
59.1721,-0.204614
81.7455,1.60256
90.0059,6.95463
96.3403,3.29928
46.9355,8.08162
60.3415,-2.95298
45.3816,2.44855
72.9152,-16.1646
41.6708,4.85221
49.0656,2.88181
65.1874,-15.6573
56.3671,-1.39988
49.6215,7.27421
44.5123,8.3243
39.8528,-2.18942
32.5821,50.4459
38.5954,1.66294
55.7247,1.18888
76.3402,4.25395
62.7391,-4.09603
54.4188,-0.135517
71.757,-1.03835
61.7559,4.08434
64.3186,1.19626
51.9461,14.7904
46.4119,-0.573661
41.7654,6.81656
52.5624,3.65271
35.715,-1.70588
52.7693,-12.8235
42.6757,4.52559
68.6229,0.484323
74.1255,2.88427
79.7312,-13.8722
43.7605,8.79024
90.3732,5.26131
73.7965,1.92819
46.3493,-2.95717
95.5054,-3.0983
79.3034,-2.44203
52.6589,-10.5986
46.1001,7.79047
44.9885,-3.17909
55.0243,-0.837186
65.5952,5.83152
50.7092,2.32201
94.4189,10.442
56.3101,13.9929
90.223,-15.5482
61.6709,-0.429685
37.3468,5.4604
41.2615,7.2185
75.7928,0.317128
64.6857,4.25494
57.4744,4.25123
61.5401,-8.07126
44.3371,-7.19895
64.8366,10.9965
48.2425,3.94847
39.1997,-9.5033
67.0155,6.39322
65.901,-2.99696
92.3939,0.584839
107.059,-6.06483
43.1746,7.82712
100.318,-9.97153
61.5036,1.05686
31.8705,-18.776
49.1605,2.45347
74.607,-3.03252
60.6856,3.57317
62.9568,5.9436
119.823,-12.9733
53.8528,10.8154
84.7343,-2.41454
54.3032,2.20099
68.575,0.997994
63.9424,1.76414
52.9475,-6.40285
49.5901,10.5002
129.827,12.5326
48.8917,14.0757
85.0531,-7.19713
44.1371,0.148422
95.5166,-15.7141
62.3464,8.40237
43.9517,0.486309
84.5127,-4.04092
75.2493,6.071
87.8382,-5.97023
78.0403,2.53072
36.8873,-3.32609
51.7165,3.41508
71.2576,-2.69507
54.5928,4.94746
89.7537,-20.976
56.1074,-5.80036
43.1645,-11.4752
40.4687,-11.9439
80.2427,0.274315
44.7826,-1.95084
48.6717,2.33724
52.6278,7.06938
55.1835,0.0499342
71.0976,-7.2421
54.6807,15.1828
98.9766,8.75023
40.6691,-6.00562
59.2328,6.67215
79.884,13.1055
41.4957,0.577071
52.4565,8.91548
44.2753,-16.3539
64.0892,-20.8557
44.4262,-1.33355
78.3309,7.42134
55.3513,10.9491
40.9853,-2.27406
63.4582,-13.5123
52.3229,-4.60578
80.3313,-13.31
51.3525,-6.09206
59.4334,-8.69408
47.9716,5.12506
72.9065,1.39557
109.66,-8.74531
59.6973,-8.16345
80.7658,4.1574
85.0697,-5.70489
47.288,8.27665
53.3226,-4.85376
65.5285,-4.63046
62.7952,6.6747
73.9639,-1.37934
100.993,-9.04375
50.5521,-10.1339
66.9588,4.28196
56.5466,0.934767
54.5541,7.30127
71.8048,-9.38638
57.7396,5.19972
40.3288,-8.34165
60.1051,12.0623
74.1149,0.684751
56.082,-10.0846
58.3886,-2.14795
42.8445,0.40297
57.863,15.812
56.8064,7.4661
67.324,-6.18671
50.3618,0.617467
48.0049,2.14493
45.6666,-1.42315
47.9346,-0.579487
42.6712,21.0327
78.1554,-0.375348
53.39,9.18121
42.8339,12.7604
79.5404,1.01262
90.1656,-4.1401
102.755,-5.26757
36.9825,10.516
54.6184,-3.70713
144.147,19.7504
41.12,-0.213893
71.2263,1.29039
29.4493,-0.157269
57.327,-9.40585
152.904,12.1184
50.968,16.3018
79.603,-1.93941
54.9138,14.1033
67.1624,4.05015
56.9038,8.61307
84.4248,-11.9223
56.1191,12.3481
51.7257,8.22819
47.6195,11.7588
47.8015,-0.537408
46.3117,20.2161
51.4319,8.38153
69.8579,-8.85502
57.0531,2.19443
59.7966,-1.86582
71.6514,3.08919
169.891,-0.375219
93.3209,-1.94277
78.0941,-0.926222
79.676,9.56312
40.6395,0.772017
57.6531,4.04679
90.148,-1.5979
55.0505,-6.85981
124.462,-9.97899
90.4357,10.2412
42.9295,-3.64697
70.4047,3.95572
59.5353,-1.74938
64.7786,12.7703
38.1223,9.39614
154.513,3.48318
79.6164,2.30069
72.4821,-2.59062
69.198,6.16435
46.4949,0.205304
50.7025,-3.27227
44.349,0
85.5053,7.09187
78.4042,14.1791
68.877,9.22312
61.994,-7.98594
68.1938,4.33116
61.7599,12.0651
52.8022,-4.35054
53.9878,7.99768
45.2051,5.47024
65.1151,0.801063
56.0581,6.36107
57.1404,-1.21871
99.8867,8.5375
60.1568,-4.80616
47.5551,-6.32413
54.3369,-11.8324
64.107,2.09003
84.8283,-1.29786
37.7938,13.3339
34.6351,12.4825
86.4524,3.53117
75.8562,15.7484
63.5713,12.101
59.8482,-5.25056
57.9985,11.3472
52.6374,-6.99679
111.118,-7.39709
79.593,-7.26817
51.0334,0.0867483
56.6081,-22.2214
72.7647,-1.72314
43.1651,-3.69276
127.141,-4.50634
61.3405,-8.68601
64.2318,-1.28129
67.458,6.00639
46.7662,-6.34644
78.0206,9.49894
76.7223,-3.64995
43.1046,9.04953
71.8334,0.357006
113.28,-3.70726
59.7714,-9.31431
67.6466,-11.8807
46.3045,5.84084
43.044,-11.2071
24.7368,-5.23632
92.2096,1.55469
88.9678,-4.26642
62.4821,-5.75767
45.9274,-7.91973
43.2153,-5.90985
80.4568,-13.6809
46.9463,0.473922
58.7372,19.3693
61.0469,-0.141603
75.0024,7.86902
69.5914,0.253124
119.348,5.9575
73.1588,-4.84798
51.4662,1.56428
40.8256,3.06623
28.606,-1.15777
62.7558,1.53035
57.836,4.88259
46.1006,6.10816
50.4909,-1.28772
46.6368,-3.64188
53.1095,4.08382
39.7253,2.51143
42.9663,11.4537
74.5247,12.1496
54.3038,3.77657
49.8957,0.191364
80.4585,14.8681
49.0704,9.55073
70.412,-25.4437
94.6578,-0.794459
70.5261,15.7516
63.1205,0.805163
61.4312,-2.6488
96.5956,-14.4127
81.2872,-2.15058
40.2556,2.5794
48.0958,5.02005
64.6335,-5.32661
64.1604,-5.29424
117.14,-2.78471
57.0858,-0.17682
42.6705,9.59277
45.4945,4.01101
89.7343,-8.33393
68.5113,-11.5951
54.9643,-1.86651
102.019,8.51894
57.461,-7.07409
68.4197,-4.65778
66.3439,-2.7204
76.4673,1.28638
49.7335,3.44378
37.2855,2.13435
114.894,2.76468
71.7916,-10.4427
60.084,7.84779
37.7059,2.54354
49.2095,3.73821
80.2231,14.8987
36.4087,1.31693
99.5324,-3.53756
40.0264,9.53023
51.72,-6.56335
45.9501,13.5721
61.4664,-0.473706
50.3882,-11.6735
60.8393,-6.64251
68.6635,14.39
72.5232,7.62807
57.7556,-16.9533
48.4795,-1.35496
71.1092,0.138668
86.7679,-6.75083
44.2734,-10.4063
79.6771,11.0329
78.1906,6.88139
44.456,0.0231329
77.9992,2.082
69.4474,5.10261
49.5747,5.52837
50.3656,4.08982
58.236,5.74205
42.9402,-37.7226
61.5664,5.16847
39.4673,7.12001
79.4218,1.41659
83.0107,-13.7162
56.5126,-1.90117
53.8662,-4.46201
88.3194,-12.8614
36.4148,15.2204
124.815,1.52643
41.8146,5.04133
69.7359,-9.15752
40.5257,1.32371
59.2158,-13.5492
57.282,6.46232
74.4619,-6.4303
53.233,7.63627
54.9996,23.6034
59.1563,-5.9849
56.5362,4.42537
65.2341,0.208369
58.0636,14.073
66.7455,-9.88141
49.8666,-1.93488
51.9343,-11.0727
41.7475,2.48243
48.0748,15.3799
112.259,2.89006
44.6264,-0.687556
78.851,-5.05393
47.1395,-1.68978
50.6553,-3.66199
102.057,2.6898
63.4109,-13.9985
47.0125,-6.52805
37.8961,-9.71124
75.9713,10.8274
55.2915,-8.78044
55.1771,-2.47656
69.2278,-3.10343
26.1622,7.66221
78.8056,-7.89587
57.9046,1.54447
47.0507,2.13733
43.8892,-4.54872
42.1592,23.1402
139.73,5.85163
67.3152,-11.6076
82.0161,-0.617769
42.3515,-9.98072
56.6745,-16.3088
49.2418,-5.84416
82.7621,-6.16427
60.2268,-4.32218
72.3562,6.15141
142.347,-5.85879
49.5246,5.52928
43.3671,-0.0933084
49.3824,6.79166
82.4275,-20.9082
55.3909,6.11675
56.2064,-6.0108
64.2201,9.21185
53.3705,-3.53286
82.1633,12.0114
70.744,-12.6118
60.9545,-0.164304
127.647,9.7282
73.0963,3.54421
34.9088,-8.32206
56.7257,-3.35414
40.8537,-0.937616
43.1098,2.35938
47.5367,3.58439
58.8303,-1.81688
41.697,2.00134
93.1878,-4.69723
78.4873,2.54293
69.8636,0.115319
66.6609,8.24273
45.7098,-9.77209
63.4592,3.81943
35.8542,-6.57341
93.2745,9.96488
58.2475,-10.4442
81.2435,1.32595
85.8776,5.23446
27.3102,-9.89022
88.9851,0.556959
48.991,7.07167
39.8716,-1.98636
43.1532,-0.450746
60.9484,11.275
45.7385,-6.20937
64.6885,-0.0907621
74.0376,-8.56241
56.3793,7.00141
64.3664,-0.881985
69.4701,15.789
62.8514,1.58547
60.8408,-4.39577
30.0029,-2.1382
51.7601,-4.72528
51.6578,1.3052
78.8443,7.61176
65.8897,1.63264
56.9997,-15.2605
46.3746,-6.0483
100.543,3.3872
73.5744,-5.22721
67.3763,1.54347
60.2607,-2.93654
66.0479,3.48638
49.6348,12.8882
53.8715,-1.80475
50.1575,-5.06062
60.2324,-5.25855
59.1305,-0.987981
35.8092,4.22149
55.3981,3.92271
62.0637,-1.08975
68.0429,3.28785
68.0627,4.22879
50.0814,0.830799
54.5663,-13.4808
85.4766,1.29311
74.9134,-11.4081
41.3709,14.7235
91.5092,-7.95724
80.6305,-6.31765
54.5173,9.41798
62.711,-2.66512
85.1011,-2.3523
61.5552,1.69923
50.9532,11.0079
113.461,-4.17083
57.4458,-2.10194
38.7926,-6.07355
151.122,2.26625
44.1255,-10.0859
42.9463,-22.3564
23.0293,39.2029
63.8457,-4.37013
101.54,7.04189
73.1701,19.1183
44.5516,5.68577
79.3161,-1.87726
80.9652,5.34624
69.4884,-5.88693
63.8613,-8.03661
77.7636,-1.57873
63.5176,5.5244
76.0334,0.823807
59.7676,4.01541
100.022,-3.96958
67.1503,-5.37814
39.6745,-4.89563
64.9001,-5.52837
47.3511,0.0483374
145.713,-3.45526
71.8115,-22.2928
51.2965,-11.4483
35.3682,8.41606
78.1642,6.90862
56.6681,-3.07076
59.8383,11.6909
54.6826,-9.37741
73.7525,2.59222
43.7802,3.04521
91.9952,2.98911
58.4896,-6.99187
66.5706,-3.27632
73.9618,0.303964
47.0389,-2.88315
35.3274,-21.3809
60.6033,0.498436
51.5695,-4.15244
34.8888,23.1376
54.0199,-3.89647
56.569,3.50571
70.7357,-3.5026
42.7471,16.0355
45.0912,-0.186574
87.0315,-6.11679
93.2562,-1.40355
57.4198,-1.82258
39.7995,-5.96988
38.638,7.80325
90.5389,12.5704
65.7422,3.33308
81.005,6.64104
52.6317,-8.38839
44.7236,13.4559
60.0412,-3.46842
49.4519,-3.1752
66.0907,1.09601
54.55,1.54792
51.8185,13.7427
92.9226,-6.96913
60.1282,5.12717
90.6599,7.10577
217.814,-6.32231
117.894,-4.41994
67.6974,2.92286
119.572,-2.43603
53.9573,3.92922
64.5949,0.38657
51.0901,4.50686
36.3103,-12.8508
43.9548,-3.87614
80.229,-8.4101
74.9317,-6.01904
48.6275,-5.52738
41.4427,-22.3894
95.1338,7.32018
55.8227,-8.17061
43.702,9.37793
66.0828,-2.4309
44.1915,-13.8659
57.4702,-3.02311
43.6201,8.24847
52.9398,1.12695
79.4462,4.97871
87.7822,-4.04144
66.6228,-21.2195
117.488,-2.07039
52.6803,-1.93151
81.3385,-0.166678
46.9717,3.17115
82.3656,5.02609
29.6525,-19.705
49.9991,-2.25636
29.1291,13.5014
146.316,3.11418
87.0983,-9.44215
88.6053,2.02637
81.7191,-1.48163
45.7685,0.499774
83.1653,3.25643
53.1126,-14.0143
53.0603,12.8794
76.0243,0.330507
38.8115,4.99748
51.5276,-8.23855
72.2714,-0.0549838
57.655,-7.61879
83.1909,2.72152
57.8667,-7.23951
92.6519,7.76147
85.3334,1.12596
39.8837,-11.2262
40.3461,12.1326
75.5044,-9.74693
65.1348,3.36881
77.1822,-0.431713
67.0883,5.40244
49.6147,-3.63808
53.2419,-8.15896
63.3972,1.82633
55.1247,3.50519
49.4747,0.42183
51.4297,5.07534
53.2603,-6.92839
53.1714,-10.9059
41.1983,17.5071
49.6209,-5.62608
63.0801,6.69581
61.7121,-29.9625
69.4522,3.96604
41.8765,-5.54982
49.4046,-4.61454
58.6021,6.25197
49.4624,14.1366
51.3479,-2.16724
49.7597,3.19014
65.154,5.42807
72.7229,-25.7419
58.9196,-2.19482
120.932,9.41081
39.6777,-12.1787
42.5386,-4.61337
45.283,-0.655317
73.5095,9.35039
28.488,0.0184286
50.5801,4.90076
51.5707,9.75073
66.1957,-8.69689
61.4922,5.80963
37.8262,6.40354
73.4408,2.02003
54.346,-0.722212
50.7775,17.7988
53.0289,-1.16588
47.0986,-2.01614
78.2744,5.09325
48.1921,12.3942
36.0223,-5.72504
70.5671,-12.0786
64.8602,-10.5469
64.8881,-11.3452
31.8206,-11.5705
100.993,2.47345
73.9577,3.71572
47.1244,18.1897
116.827,8.85286
56.4882,-3.61969
62.6704,-21.0143
94.8879,-10.6977
73.3273,3.49272
77.4538,8.26906
68.1283,-7.46774
65.7005,-1.56367
81.1921,-0.777714
50.9464,-2.6983
41.1281,10.9589
70.0704,-4.50975
70.4163,0.839473
74.3018,-5.20943
76.6196,-0.478928
100.215,2.11938
53.482,0.250189
84.7201,-4.31148
61.5144,4.03104
57.3682,6.72308
44.701,5.1737
62.9912,11.9145
36.3824,-7.05747
46.3474,-13.2185
31.0688,-8.20264
78.9814,8.59374
35.2418,-15.0014
78.2006,-4.50962
79.251,23.4662
68.1631,3.74943
69.4978,-3.62496
80.9395,-1.26834
79.0787,6.56694
66.5,3.02419
60.7952,-0.719105
36.7659,-12.7249
35.8901,10.4678
66.6754,3.2131
143.426,-0.778879
74.547,1.77605
52.0742,16.4128
56.735,3.5556
81.651,-10.7843
36.23,-6.5416
50.8861,-3.95672
40.9254,7.92509
60.5624,-1.84355
46.4314,-0.901492
85.3594,4.01252
65.721,-10.3751
35.285,-2.2205
65.0722,-11.5077
39.5387,2.23802
87.2555,3.6878
79.2443,0.347339
69.4874,12.3466
46.735,4.18727
43.9068,22.6026
49.6313,3.96513
107.334,2.8699
69.2958,1.9581
54.2635,-3.38245
125.338,-4.37237
70.3788,-9.65621
85.447,4.05594
59.7227,2.99614
48.3163,3.47408
40.8467,15.1995
53.119,-11.7464
43.0168,0.268575
62.4666,6.21235
63.9562,1.66691
70.6015,-14.3564
63.4043,0.727305
55.391,-9.79505
82.8124,-0.676119
60.6625,-0.494509
48.1253,-1.60161
35.068,-0.842192
63.7869,14.5215
87.5763,4.6864
32.8447,14.3185
54.8216,-4.75057
45.966,0.599945
63.1878,-15.6899
56.6984,2.59982
120.591,-8.76426
65.8776,1.61956
83.8119,-4.4883
80.4778,0.00496321
51.7142,-3.41935
52.6456,-3.32807
44.5074,3.91477
58.2908,2.51553
63.3342,2.42334
47.7004,16.4739
127.591,-12.2454
83.2271,3.02885
51.167,7.00646
50.1347,5.57593
62.8564,3.06196
52.795,-6.5378
77.2138,-0.79666
76.3508,5.75223
88.3554,-5.74813
41.7818,8.5025
51.7034,3.00007
100.488,-14.4658
60.4467,-0.460241
83.2414,0.596664
97.1416,7.09062
106.64,-0.11601
54.1441,-2.58471
54.1554,5.42281
66.4967,-7.40429
52.01,0.86593
153.509,-7.41517
44.0535,4.38817
63.0557,-0.798905
50.5895,-16.9566
57.4245,-11.7415
70.1209,12.8315
74.7306,-16.1718
96.8686,13.7602
54.4079,3.27658
69.8922,-13.5011
69.7545,-3.44844
52.5239,-4.54501
51.2493,8.03462
62.3223,-2.59287
40.5441,-6.64402
63.7564,5.11811
108.801,-12.5754
22.0446,18.0591
78.1196,-5.30641
40.7377,12.3068
47.3121,-2.07113
64.3823,-1.57058
53.8554,-3.25349
40.6155,1.64528
80.7883,-23.1502
55.2305,1.81153
92.174,11.3903
99.6144,-0.567533
54.8281,4.16008
44.3854,9.62427
64.2852,1.38927
61.2072,8.90409
93.5486,10.6384
38.8266,-1.97605
61.8285,-4.80426
84.6454,9.62678
49.4464,8.07718
104.521,8.3615
39.1682,-2.3107
80.7767,-9.58245
46.0098,5.01798
42.6102,4.91047
158.714,-2.69282
39.5476,-8.50708
54.7247,-10.3912
73.6837,15.657
54.7865,-4.4416
101.002,-0.519152
61.7727,4.49572
35.5228,-3.41081
96.6652,-2.40673
77.6432,-0.897478
60.3053,-8.23509
60.7837,-10.1988
58.7006,-8.03199
61.6304,-10.5329
70.6465,2.69269
56.4874,6.84155
86.0106,-2.07514
41.1012,7.05803
49.4894,-1.60601
81.9806,-5.28781
44.9758,3.94968
48.9084,5.81952
55.8527,8.72947
51.4896,-12.6261
48.8157,3.53307
93.5988,4.96179
95.9882,-0.875381
45.3267,-8.27286
55.0874,2.25403
47.8492,-13.1998
51.7787,12.7912
100.786,-9.78482
40.1144,-1.61404
34.2543,3.70648
70.6516,-1.00753
63.5691,-13.1697
50.7763,-5.18052
48.3009,-7.8881
74.4794,-4.07035
80.8259,11.7759
46.969,2.73382
53.6779,5.29605
87.3417,9.48599
88.9006,10.1602
72.6709,11.1945
82.0036,-0.210656
76.2237,5.90722
62.2427,-5.38405
49.3436,-2.85281
55.5786,12.4547
68.2038,-7.01345
36.4585,-23.0498
69.3163,-8.73819
65.1773,0.672753
76.4294,-15.5462
79.7323,11.7937
43.506,-9.11958
43.6684,-6.97521
51.2188,-2.91051
63.9582,0.363091
52.2058,3.57632
54.5804,2.03129
34.9667,-3.23878
77.6281,15.1775
46.1976,-14.383
48.8168,10.3674
45.7097,2.02568
84.1721,-4.27691
60.1818,-12.0336
40.9033,13.2524
47.0253,-3.11944
75.3444,4.98272
43.3104,-6.55843
65.3062,-0.437237
82.624,-2.03479
66.2506,-12.2743
39.345,1.06739
65.8384,-3.34421
30.4492,-1.4168
60.9192,7.08121
68.7881,15.182
60.5716,-3.59803
82.5118,0.313761
52.4045,3.13347
77.57,6.31731
47.9925,1.83842
91.7297,17.6574
57.0434,-10.4435
77.9977,12.1817
56.3608,-6.42309
52.783,2.32447
74.1463,5.25004
60.318,-4.09957
69.0781,5.26951
78.4035,-2.74984
51.5936,13.6816
64.3248,1.94441
55.8295,11.8964
65.3332,12.0708
63.4714,17.7945
39.6809,6.37056
86.4946,-2.08869
49.0642,2.43953
65.5416,-3.92305
49.1869,0.937918
117.729,0.464859
66.1297,8.85441
62.4042,1.08548
58.5829,7.70153
38.2975,-7.04004
54.4559,1.46769
59.6468,7.76959
31.003,7.22605
88.7079,2.43003
44.8555,-11.7379
62.5673,5.20978
61.7267,5.99824
45.9264,10.0342
32.4864,5.29307
63.8295,4.1259
64.9125,-19.424
58.9733,-33.5015
60.9101,7.89405
85.3113,3.38418
47.7194,-12.1455
49.9484,0.52787
56.7641,2.17069
53.2921,5.98853
104.772,4.94245
75.858,11.641
49.2622,12.901
51.7941,0.702187
84.986,-15.8555
125.191,-6.33276
47.0453,-0.308064
61.7716,-2.94133
46.1882,-0.537322
108.831,4.55899
53.8352,6.5804
60.8523,-14.2765
45.7352,-8.27873
45.3694,-6.79913
65.7565,2.16823
62.8914,0.089381
49.3109,-3.44689
42.6079,12.4297
52.4487,-0.461277
42.0094,-2.41389
80.1607,-8.69969
55.514,3.16826
39.6232,-0.671415
44.072,11.1511
71.4859,-6.43474
52.6947,26.6679
61.2579,-0.549449
49.3138,4.37112
85.4073,1.42414
54.28,-2.8942
83.3271,10.1988
68.5022,4.29245
62.6266,1.53251
83.43,-0.437971
48.0623,-4.12426
53.2259,-9.87373
47.7886,2.55049
46.6977,0.506334
47.3326,0.870634
77.3031,-7.61374
97.5645,-11.4536
88.0212,-6.86033
57.3635,-4.12326
50.079,10.4868
30.5673,5.05091
63.9353,-11.0226
68.7583,5.6897
92.5787,1.42617
57.3393,0.518591
69.2708,0.680262
57.3448,-5.35841
61.2837,-5.37235
39.0215,-8.91682
76.5739,17.2126
122.476,-4.99299
86.9537,5.94019
60.2339,-5.5556
71.6145,-0.566238
136.476,0.441035
61.9887,-0.290326
65.239,-0.555319
117.165,-4.31812
54.2255,-0.968344
72.7093,1.75719
92.2962,-3.16942
51.1871,1.50377
69.2357,-6.3691
137.721,-10.6008
74.4668,-3.07736
76.419,1.36989
52.8988,3.02778
61.565,-3.42388
83.727,-5.81805
51.7134,-0.424074
49.0725,-3.25967
56.8084,7.19752
51.8058,-3.14866
70.2329,-4.74168
59.1105,2.34255
53.1303,-1.40222
67.6557,-0.143458
61.8621,-7.47067
56.1511,-3.24111
78.3925,-14.1365
61.197,-5.08902
49.5188,-5.57619
50.1069,8.66594
69.6951,-13.4888
47.9227,12.3333
113.824,1.9379
135.111,-2.70538
64.2053,3.1812
58.9503,-1.97303
41.0734,4.8788
51.4641,-0.519454
79.1447,5.34944
34.0817,0.680823
61.627,4.06703
45.5,-23.2234
80.1493,-5.92504
54.4041,12.0918
58.4012,-0.929027
42.543,-3.25664
56.6208,-21.9314
46.6744,10.6337
126.684,-15.4645
53.1616,-10.1132
52.0856,-11.9411
58.6301,12.4184
57.9962,-11.4614
47.2251,-17.9352
59.5268,-5.36044
42.8306,7.62513
66.1668,7.06282
50.5615,-7.96997
49.9406,4.61618
39.5034,-7.10603
85.284,-3.05121
49.8174,-8.59637
83.139,-28.9193
64.4534,-17.7121
112.965,-0.633867
52.1661,2.04303
58.4676,-30.6133
118.123,-8.1294
65.7831,8.34471
85.3261,2.97391
75.0146,-3.91848
52.0922,-3.16057
59.0863,-15.4907
67.264,-5.6673
80.8578,-5.37576
122.541,-12.366
38.1336,-12.7889
66.5323,-3.37356
57.2138,-4.84923
58.6829,-6.73219
55.8274,-0.0625365
87.8202,-3.9048
82.4158,-15.1741
48.826,-3.4134
56.6534,7.7364
74.9041,-1.07179
52.4481,10.4857
68.2044,-0.765241
58.2778,15.3981
67.221,-1.64261
114.441,15.7129
39.7971,1.75983
52.6406,-3.50183
50.9614,9.62514
45.743,17.3879
69.5381,0.0674565
52.0783,6.42494
44.061,-1.30515
63.5639,-3.37801
65.1688,0.661704
53.6457,5.51793
67.477,1.5723
76.4614,1.50489
72.1071,-0.441165
59.2796,3.48318
72.4221,-4.10984
86.4756,5.16088
45.663,3.07236
72.8405,-1.29402
51.8202,-1.14417
63.8826,-7.31927
60.1831,6.82705
42.3943,-1.33485
55.5004,-5.8963
37.4909,2.06284
51.8826,-5.86963
64.544,0.0198097
29.4385,-9.03184
86.442,-13.4956
43.5397,-5.32294
62.1267,5.51089
59.1448,-3.24452
31.2839,-4.50763
76.5166,-1.26825
60.229,-2.76347
61.0085,11.069
54.3699,-6.92865
92.1042,0.312553
49.7502,-0.939256
52.8355,-2.43871
68.4738,-0.574179
108.488,1.72806
45.1178,9.52384
76.431,8.23725
47.8737,19.5109
40.8859,-7.12808
69.6415,-10.5834
45.8891,-6.77949
121.862,-2.9336
54.9834,-0.903175
49.9383,-6.6719
61.6204,5.18815
60.1373,-0.931832
49.9639,-4.62425
87.7438,-6.08865
46.0893,6.24342
172.553,6.81363
60.1462,-1.77886
51.3427,1.98075
61.3475,2.38713
71.9425,6.76486
78.0981,1.51154
63.0528,2.68057
48.1325,-1.14279
48.4461,-3.76246
60.4755,0.381434
62.8039,2.33379
62.0546,-3.10032
64.0917,31.823
53.8888,3.79172
117.622,-5.69962
84.9142,7.74641
53.7553,6.1543
43.6283,-7.36899
84.1064,-0.636715
53.5224,-0.530201
51.7371,-3.93708
55.5561,5.06597
49.358,9.81754
51.0883,4.99234
41.0923,-9.21733
48.2665,18.638
67.8414,-1.55724
52.5527,-15.8478
88.3109,7.70459
78.2967,12.8776
46.4606,-7.55988
75.3419,-0.367019
68.9518,25.6131
63.4149,-5.85478
75.1273,-14.4289
38.0263,-14.946
50.7972,23.8324
65.688,-5.8786
35.1315,-5.76626
57.7824,11.1081
66.1042,3.26588
87.9743,-1.06476
27.9084,23.5031
46.6341,5.80722
110.681,-4.29598
109.68,-34.1836
58.3896,-4.93059
45.345,18.4294
47.3856,-9.38686
52.1591,18.7495
73.5697,-2.13151
63.9935,8.47285
60.6746,-8.50181
77.0142,2.28748
42.2634,-6.57358
102.531,7.23615
50.1767,-5.86682
102.147,-104.93
102.134,12.6173
84.4075,12.7745
27.9513,9.3683
35.8437,9.82885
110.16,-0.530244
77.8078,-8.8255
46.1803,-9.01501
63.3354,6.18334
47.9554,-8.62032
64.1304,2.4482
60.0105,-6.5687
94.8121,13.7854
95.281,-13.3308
61.5519,-5.84408
58.49,-0.808097
82.0434,-3.04547
120.64,-10.7
41.3187,-10.2644
61.6833,4.25775
57.9532,5.07266
47.0791,-8.24584
51.249,18.7538
61.6035,-2.17341
76.8208,0.748539
48.9837,-1.53368
125.368,3.68296
58.3698,9.41776
49.9777,-2.3921
62.2481,-7.13265
54.8487,6.11593
50.5771,-2.77357
95.8066,-7.04983
77.0852,-4.9324
38.3361,-5.0579
30.6876,12.2168
44.7287,-5.07465
108.247,0.0872231
51.9937,-0.380268
77.2833,-8.1272
55.7861,4.2312
60.228,2.28351
50.3059,-8.99343
73.4737,-1.69647
62.7854,-4.7318
51.0328,-2.69248
50.8039,5.41033
95.0881,5.92586
89.1489,-9.92151
69.5965,-5.27309
103.955,5.54348
111.053,0.905161
50.953,-17.8106
36.5188,-1.10969
58.6059,1.04422
56.3908,-0.902442
71.1946,-12.1929
174.997,5.97627
56.8121,-7.19178
41.0596,13.9264
59.792,7.71844
54.6732,-4.96878
80.1567,7.83704
54.9415,1.32751
36.8465,-1.6846
37.9733,5.28051
58.6176,2.75299
37.4273,-1.92206
79.0014,-6.88963
96.4796,2.86269
72.7442,8.72697
62.4946,-0.939817
55.0061,-13.6933
47.2552,-0.069226
36.3433,-7.38094
103.364,2.35468
99.0501,3.99651
60.9787,-2.47893
68.4404,1.45612
47.4702,3.84532
75.123,3.831
59.0439,-4.20712
46.3765,-3.52341
70.2203,-14.1378
65.9443,-0.632874
54.7522,2.7488
57.1109,1.68076
57.2856,-17.7153
66.6823,-4.12629
94.9305,-0.329687
43.8829,-6.69222
76.2994,-0.543278
88.9684,-6.8545
50.9467,-2.32883
64.9845,1.3881
37.8616,-1.89746
54.8012,-32.0643
175.92,4.46357
46.9601,1.86474
65.1921,1.91032
53.962,4.11468
66.0544,0.813104
82.7443,-1.9508
75.3405,-4.95596
78.9132,-0.0236508
46.9762,-0.614705
58.1878,2.0262
42.3303,-5.67895
69.4541,-1.62198
46.845,-4.31005
77.5242,-0.56408
58.4991,-8.7936
63.7942,-3.65936
119.142,-8.70759
47.866,5.14599
98.3654,2.84547
36.0983,5.58862
66.8141,5.45017
79.9703,-4.3246
91.8164,-4.20708
65.7178,3.24081
60.3887,-10.5252
51.3351,6.03285
51.3676,0.478713
36.8776,-4.63702
50.6858,10.1801
52.3119,3.53847
66.5066,10.7069
44.829,-9.10672
47.5279,-1.17853
44.5192,-5.9956
47.157,0.681125
77.782,4.16427
88.5012,-10.0086
53.4208,5.54732
40.1877,-12.5851
48.9977,-1.33303
64.491,5.62397
86.5542,17.9916
54.6924,-14.0207
38.0946,-5.83462
80.2059,-2.43344
76.5453,-19.4893
72.368,-4.11334
31.8629,12.3871
94.8016,-2.78182
80.0959,-11.041
71.7222,5.40597
65.14,0.113938
61.0231,-1.13399
59.5288,7.41081
40.2189,8.44609
44.9852,-0.756782
50.2473,12.9987
39.7227,-1.37213
62.5615,8.06086
125.933,8.74251
73.0127,4.17251
88.3734,9.40007
50.6871,13.0785
56.4169,3.25544
41.4864,1.55517
51.5366,-0.838395
64.4326,126.005
35.2616,1.3815
47.2083,-9.03331
44.8034,-11.4556
59.8632,2.31825
70.056,3.42958
62.5701,-8.22991
49.5598,13.6791
95.1155,13.7954
46.0172,-13.5737
81.1608,-3.81477
72.9554,-7.98719
51.7278,0.981378
113.241,-16.4826
56.3242,-0.241946
89.8652,-3.26942
85.0252,0.733433
72.5593,-7.6055
93.3739,-14.7707
68.2414,4.98246
95.7336,-0.749618
53.0098,8.43884
65.9781,-0.117693
56.5369,-3.87519
31.2573,-11.6159
28.7376,-3.49591
44.0107,7.23831
57.076,10.3678
54.4269,1.36182
52.1334,2.22775
100.483,-24.6124
74.1603,-2.75493
82.9978,4.51018
63.2766,1.85633
97.3746,23.9643
91.5741,11.3225
128.42,-10.6945
42.2401,-10.9743
71.0212,15.9897
51.3289,5.2172
60.5797,-2.6901
75.0846,13.4034
130.775,-2.85704
52.2563,14.2115
79.7835,0.243974
45.1533,-1.70968
65.3,-7.86384
97.2681,-0.642671
41.0853,-7.40054
52.5784,2.03595
52.3601,-74.3728
51.4027,-0.882805
76.81,-36.0607
39.274,-28.8934
245.246,-4.51536
58.8518,-10.8727
56.1574,3.13459
99.1942,11.0968
91.4613,-10.998
94.1594,-12.126
67.8414,-7.77994
75.5284,-4.86222
163.45,3.08285
60.1903,0.949527
82.8456,3.5607
60.54,-3.61887
35.0153,4.03898
40.5838,-0.428002
86.7174,5.56001
66.2006,-0.446862
58.8926,3.53653
35.9019,-0.129648
285.342,-8.89701
46.9278,-19.814
37.2422,-2.02616
75.1351,-0.66766
28.3284,-11.1116
76.2398,-5.95568
39.4621,1.64425
54.2754,-4.0218
100.83,2.22084
45.7525,-7.34663
49.5717,-1.26838
87.0057,5.88326
47.3699,-7.9458
82.0809,0.775988
88.953,-16.2611
51.0685,4.74129
40.9129,-0.186876
82.6307,-15.6505
47.8982,-0.0186013
55.3605,-4.87249
89.9938,-0.822124
125.176,10.4968
48.0227,11.8201
53.2808,-8.87435
70.6227,-8.23186
80.4832,1.74843
88.6778,0.679831
47.0279,1.68201
40.6671,4.80525
52.7961,3.12786
49.9024,-0.224682
55.1281,1.83035
77.8326,-5.62008
104.579,7.48457
71.5811,3.75909
50.2533,-0.358819
58.7494,6.09418
74.7772,7.73838
48.3471,-10.8474
63.9498,-16.5177
52.3952,5.04875
51.5025,-5.37046
39.1291,-16.5686
75.8269,-3.95111
44.2706,6.50841
76.2297,2.24734
87.6824,2.31955
33.6707,5.92236
42.0329,-5.5733
65.4278,-8.31424
107.341,-0.786087
67.128,-15.2662
59.7657,9.17961
51.5969,-2.68704
55.5199,12.8582
71.5439,10.7019
55.296,0.310309
65.4858,-13.3251
39.4849,-2.20159
92.5443,-0.0842451
73.8302,1.11897
45.8221,-9.91201
44.5487,2.91233
74.8907,-0.672321
57.6867,4.28364
63.1957,0.0855831
84.8692,-2.5763
65.5915,18.052
40.9554,0.776937
78.5972,-5.20848
52.1024,8.53884
64.9241,-10.5995
97.6268,-1.82284
61.287,-3.45746
36.1858,-12.9507
129.366,10.0587
48.8898,-1.59967
66.519,-2.37384
37.6572,6.44143
51.1085,5.43377
56.1033,-9.57909
66.4654,2.66585
54.871,-7.77079
55.1158,5.04431
41.5696,4.52464
75.1796,1.09924
76.7755,15.5737
58.5496,12.6251
75.8094,6.59352
67.3591,5.27102
103.141,-1.80117
49.5169,25.4838
50.2754,1.01763
62.0016,-4.08235
54.0342,-0.710732
87.0545,-9.14638
41.3051,-0.467405
63.3947,7.90377
56.7256,-1.94558
75.471,-9.55988
58.1683,-7.7383
39.5589,1.92517
55.1003,2.47414
99.7743,-11.2067
63.8348,-12.5714
58.8831,-8.29284
65.9181,10.1417
61.4773,76.151
75.0202,3.01176
55.9284,-2.28558
45.93,-6.52093
88.0104,0.112816
42.696,-0.762091
68.4811,4.21416
80.113,6.87168
46.8717,-16.5218
119.274,6.08568
63.6907,1.22427
63.8489,-2.32304
69.1193,4.79187
71.7375,-6.60573
32.7705,1.73091
64.5411,-7.94554
41.3241,15.4522
42.8878,-4.28839
63.2193,6.24031
29.6421,20.8018
57.1538,6.87388
41.229,8.61243
55.3303,-0.313891
55.9628,1.34378
78.245,2.34669
48.2979,-7.61046
41.7729,-1.05138
82.7352,-3.99582
67.3797,5.13257
69.7406,2.67569
80.395,-3.5906
77.1944,-2.92933
38.006,-0.465377
72.9706,-3.68534
52.1407,0.150882
98.6637,13.8711
35.1435,-3.89578
49.7045,-5.74024
92.7486,2.28808
46.3111,5.66501
45.727,-7.84343
86.9255,9.61685
75.2201,7.36221
60.3046,-7.18837
47.0973,-0.33724
36.1432,0.749618
96.8189,-1.01483
53.3445,0.652986
39.131,0.988931
58.3323,10.7429
83.0946,-9.09619
55.6285,2.36111
61.4005,-3.08155
87.0799,-4.80232
44.1883,12.2591
83.4212,3.33459
49.0192,-1.89073
47.9487,-6.07834
66.0261,-1.8193
53.809,5.00685
59.4916,-5.48651
85.5883,-6.45408
64.3882,-7.48142
62.5871,9.91313
62.7509,5.46609
41.3196,10.0564
97.7642,17.9447
68.227,7.74291
89.2166,-30.9247
48.1315,-21.0244
98.7621,-4.90301
68.7895,-0.602361
66.8162,-4.01058
53.092,2.88311
48.1317,-0.848364
61.1603,0.732052
40.9045,4.61113
78.325,8.00316
90.8439,-4.59123
73.1373,-19.1331
64.4053,13.1923
32.4327,-15.8367
46.3595,-8.03518
39.9777,-0.856305
67.8879,-1.93302
43.2,-13.716
116.276,7.15505
59.0193,15.8567
91.3928,-7.88482
63.4446,2.45118
42.2048,2.58683
41.7083,-1.43985
47.0668,-11.7714
62.1138,-11.6736
72.1287,-2.09417
60.7029,5.2765
48.4027,1.24313
66.5227,2.30595
77.9117,1.59026
82.6785,10.9274
53.3637,-3.1781
110.683,-13.4654
38.6471,11.3904
50.9377,-1.37136
63.8845,-5.91775
96.0408,-2.98656
42.9933,8.45593
54.6011,4.27078
74.2522,-7.75599
44.4619,4.87478
120.88,5.98223
49.3665,9.18324
61.6435,4.2218
64.183,-8.5631
60.3121,-4.34933
65.5032,-6.79304
57.1659,7.36316
36.8222,8.60479
72.2856,10.8372
45.6698,-9.53658
49.5868,3.11936
39.7524,5.92228
66.7109,1.40299
35.6908,-7.73087
57.2894,-0.987377
55.9343,-3.22773
41.7629,-0.43987
83.7596,3.43787
84.6572,2.4927
39.4194,12.2819
47.416,0.677673
21.534,-4.47164
46.2791,-11.9538
86.8459,-5.17883
53.5031,1.51659
80.7509,-0.291837
36.3131,-10.4277
43.6875,7.00668
63.3192,7.48366
71.5742,11.6632
33.0726,-10.6955
44.1336,5.01953
66.2443,0.658338
59.6895,-3.96638
80.2656,4.91561
85.5762,-1.60994
80.2905,12.4581
45.0039,-4.83093
37.0606,-7.46903
110.918,-16.1243
68.7861,-11.9052
60.3954,1.96474
34.7971,11.8063
70.7469,-2.51773
41.1284,-3.60489
75.5543,-0.211044
63.3473,1.89293
79.1176,2.98505
47.8125,-17.2708
57.8153,-0.0682765
57.9988,3.34719
40.8168,-3.86634
96.5576,-9.08803
60.1231,-7.55263
55.2786,-1.09281
86.7723,-18.6972
91.3837,5.00987
67.8433,-3.83376
50.512,-7.40296
57.3795,-1.4916
45.27,2.36512
98.8535,5.3815
47.8656,3.03619
35.5345,1.54485
95.5097,-29.0692
76.0815,3.6351
41.7684,-7.75457
82.9564,1.15725
74.074,13.7198
50.4062,1.87411
60.7786,5.76479
76.1359,-6.18744
57.3579,15.3174
39.8388,0.890444
78.138,-7.14422
70.7003,-5.76484
77.307,-5.89043
75.6778,-0.579444
48.765,6.2161
61.5438,-10.6729
57.7554,-10.2426
36.8218,1.24175
50.7664,-3.82072
47.2041,-1.30623
62.2602,-0.52705
42.859,9.69281
61.6215,-3.69885
96.0116,18.9042
45.1046,-2.75899
69.1386,-3.85309
47.8362,-3.05794
113.855,18.4127
39.2232,6.97694
72.5226,0.706157
53.1194,41.4098
55.5301,5.29808
54.6921,11.7568
33.2497,1.66716
72.3619,6.16729
43.1406,8.23703
38.9179,-11.3109
63.4979,8.05931
50.5645,14.7723
60.6295,-14.5619
60.2866,11.8235
40.4089,8.42866
98.4834,-2.38027
51.2316,-4.53599
110.273,1.71386
51.2676,-6.46141
56.3634,14.854
71.2171,6.80405
56.2569,-8.28192
46.9262,-7.88206
76.3576,-2.97098
64.9694,1.86492
69.5655,-52.0109
52.5389,-4.60405
56.8727,7.84119
51.002,-7.95638
31.6844,-10.5265
69.6897,11.9186
49.5777,-6.12706
48.586,7.16308
58.8726,2.36318
84.9912,8.35266
60.4733,11.7012
40.0542,-17.6112
64.7673,-4.95808
75.2676,-5.55699
42.8521,18.8027
45.7761,20.8373
55.4843,9.74015
79.4971,-1.96474
66.0831,10.4204
65.2395,-14.3528
67.1372,-9.72393
53.9129,-2.22369
33.4165,4.34752
111.29,-6.92178
35.0494,-0.234566
50.7575,12.75
48.2724,-2.66563
64.1163,-5.35142
65.0451,2.5428
74.7102,-7.62777
67.2309,26.2874
35.0132,-2.87569
53.0961,6.01028
48.4973,-16.1742
67.1337,-1.96945
80.4172,9.97917
65.6454,-2.87689
73.08,1.93984
123.383,-4.89895
51.6403,0.969078
38.197,-8.81626
59.7482,-1.82724
85.5354,6.11852
53.783,-3.3184
55.2525,4.36366
60.557,-7.02441
119.579,-0.840423
87.323,-8.69801
48.3206,7.14496
54.7443,3.24197
89.1871,-2.16482
74.3576,5.1841
40.9445,8.19776
33.4806,1.41948
65.6048,-3.00296
50.4851,-0.746554
82.1081,2.6274
50.4278,6.40643
46.3884,3.19963
77.2772,-0.482942
65.1373,4.28658
68.2787,-3.58508
50.0858,11.4725
56.1976,4.3426
38.7739,-2.48187
68.9777,-3.1743
66.1404,-5.40766
55.7254,21.1389
59.6541,0.437237
73.8248,-3.75016
44.9367,10.6465
44.8179,-1.74425
49.7462,6.34782
39.568,4.55502
143.199,-8.42797
50.4738,14.2459
59.2306,4.83611
85.6631,5.96168
66.1471,0.483719
75.6259,-1.67183
51.6747,8.35473
60.8962,30.049
75.7339,-9.87528
41.9139,-13.2951
80.0504,-5.48405
64.9705,9.04474
45.9643,0.293865
70.1283,-4.4949
117.332,9.22355
70.5745,-8.84747
88.0099,-6.35727
95.6642,-0.801106
60.7306,6.02737
57.7948,-10.3849
63.3235,3.15919
40.2446,6.32054
44.86,7.55997
69.4143,15.9966
61.6378,-0.798214
60.1758,5.55107
93.0253,0.783627
88.4056,-4.43552
80.6083,-9.78836
53.446,2.44825
73.2477,4.96589
102.418,-1.34512
39.6486,-11.659
54.9227,5.6654
57.2273,0.498004
127.196,10.5055
56.0505,-15.8734
146.215,-7.19856
77.421,-3.08729
69.9661,-3.35284
32.097,13.296
60.8633,7.11323
105.986,-0.135647
49.2983,-2.79006
46.2195,1.81783
81.4268,3.96151
72.4688,6.95618
39.3736,-5.52306
48.9149,3.39302
83.1574,-2.51872
90.0082,3.62116
68.0628,0.40297
50.6643,-10.4082
112.044,5.84554
86.8978,-2.34816
134.063,12.5587
33.952,-0.0696576
72.4608,-2.49766
69.0111,5.34201
59.6442,-1.73687
91.6626,-1.72301
44.0239,4.31282
52.8025,-5.0958
97.1864,10.077
34.3313,10.6555
59.8662,-0.825922
65.6277,8.33496
35.2839,11.7197
53.6607,1.14102
33.3522,6.3126
40.8628,2.0675
67.1813,-1.14974
52.905,2.68208
73.0866,9.58837
84.8212,1.98658
35.3071,-13.151
74.6954,5.45125
41.0966,1.70735
78.0306,3.07913
39.029,-4.3489
51.1192,-8.92955
73.0041,-21.6744
55.2569,-4.53154
51.9063,3.18565
49.384,-14.2688
51.1326,3.87316
63.9629,-6.75221
62.3917,0.616561
42.9475,-12.594
42.756,10.8479
62.9915,-7.78163
64.1168,-4.93434
68.2342,8.73349
32.7047,16.3191
87.0415,-3.87972
73.217,4.90844
64.0631,0.80909
87.1793,-4.2158
95.7802,-4.0896
43.9516,2.43737
38.9074,-13.1543
43.0122,-11.7218
67.5128,0.990873
83.674,2.05628
44.064,-6.42188
55.6583,4.33802
70.2407,7.17465
29.8889,1.78317
88.185,13.6996
77.3745,-2.68661
65.8115,7.88892
99.478,-0.918453
63.3267,-0.44725
83.1599,10.4088
82.5224,-5.58327
50.5745,9.65194
53.8079,-13.1614
90.9528,-3.7644
53.0353,-3.15604
66.8809,4.76058
55.5203,-7.11323
51.9382,-10.2035
65.2676,4.57168
51.9686,9.97217
58.836,-1.17395
45.0973,-9.68094
37.3941,-10.236
76.5708,-12.1319
88.548,-3.9742
54.1053,11.8781
33.4449,2.84116
75.087,7.66765
50.7556,-1.30563
52.8841,7.948
123.52,-8.22637
53.9108,-0.135647
60.871,7.74365
86.0051,6.81272
58.913,-15.575
51.2708,1.4512
154.173,-10.4302
50.5011,5.21176
94.2347,10.4302
110.385,0.932307
120.734,-1.99806
99.0609,15.964
57.1449,-13.2228
53.1746,-7.99133
44.5555,-8.61428
42.5132,-3.70131
50.0027,4.16124
90.3369,-5.58025
61.885,6.81082
75.4692,13.0064
84.1423,6.96818
70.8166,6.69399
48.3551,-8.58122
109.007,1.1815
70.3685,-7.82082
59.9731,4.54462
105.877,8.00903
39.5402,4.43638
104.489,-15.251
55.3564,-4.55304
63.1204,-6.95916
76.39,0.623077
79.2299,-6.72964
86.5093,-3.39605
73.2493,4.83374
60.8267,-10.0351
63.9813,11.5581
23.1313,3.11111
38.1125,6.80323
52.2681,-6.29426
121.165,7.8673
71.3435,4.48472
55.2111,-8.19495
56.8279,10.1184
67.0614,-4.1451
67.7995,-5.66743
43.6818,-14.0969
41.8779,-11.7336
44.1286,13.8446
35.9883,7.77278
47.3734,-2.54842
46.142,-1.60402
45.4307,10.5965
63.8938,6.13725
62.7914,-4.26733
46.7621,4.71574
63.7856,17.3558
137.926,8.60358
31.7618,0.966445
55.4644,14.6002
89.5334,-1.5468
44.2122,-2.58536
61.071,-1.83013
36.5132,-0.618373
81.5033,-1.29333
63.9272,0.996268
43.2905,6.57518
54.7314,-1.5263
45.7705,10.2443
107.543,3.96738
58.6354,3.45586
34.4935,-4.34713
75.6058,1.56557
93.3887,5.37222
69.7528,4.31407
47.8535,2.798
58.9816,-7.1551
53.7647,-2.57327
78.7573,1.6748
57.0858,13.1851
43.4828,-4.75735
75.4898,0.0560196
45.2154,0.221489
58.8924,7.09709
34.7842,0.876417
94.9697,3.4304
65.8,-5.98395
54.2758,-0.458169
41.6623,1.45414
42.9771,-3.87273
61.2078,3.75482
129.739,10.6071
68.3806,-5.68819
53.1053,-4.89748
68.9442,16.3455
38.7874,-5.15384
60.5293,-8.0177
50.2099,-5.59842
56.9336,-5.08186
46.3975,-4.06919
39.586,-3.48487
61.8721,2.66494
28.8044,17.4424
57.5618,3.4424
46.8388,5.21258
70.5981,0.756048
64.4399,1.87609
60.5911,1.03183
53.6967,-2.97823
72.1328,7.47598
54.8256,-11.7423
63.5781,4.02232
39.4729,5.1409
40.5115,3.33925
43.1182,-7.69885
95.6295,-4.24609
65.5224,-13.0696
43.0814,-5.58517
54.4128,2.08477
34.4035,-6.98177
70.2503,4.84435
66.4008,-4.86628
29.5332,-7.95158
91.3321,32.3913
53.8978,4.48467
78.0147,-5.37369
60.3419,-7.20287
62.4762,11.0055
43.6241,3.6767
42.365,-2.26538
62.2213,0.866534
63.6771,-1.96901
54.8857,0.124555
43.7601,-7.16593
52.4048,2.82925
34.1895,-9.51845
105.942,-4.51717
93.8255,1.99633
49.7502,-2.13358
79.2848,4.9122
96.5106,7.51707
43.9533,9.34815
84.5794,-3.41404
52.5773,2.07113
44.8428,-5.75366
57.4459,-3.4361
77.0786,-4.97871
38.2832,6.47604
55.19,-11.1021
86.0722,-15.7699
87.6994,-4.23776
85.6824,19.0578
49.9317,-18.0418
69.573,-10.4977
46.7927,-1.3894
59.5221,-5.79872
39.6368,1.37036
28.8703,5.51033
37.9789,3.56013
89.8365,2.37134
62.617,-4.30121
39.1001,3.61805
86.4446,20.5742
42.395,6.01602
59.0956,9.36822
38.3599,4.0161
130.092,-15.0454
95.2814,-4.54954
45.8814,6.87668
81.2534,-2.06526
48.0408,-11.7885
95.6049,9.36157
49.4332,-9.19269
61.0703,4.37345
43.7321,3.95059
64.7632,0.495199
98.3768,-13.1615
62.3427,4.59559
98.1314,-3.32449
62.2581,-7.59406
48.8035,4.20354
69.841,-12.8907
66.2768,5.76436
79.2864,-0.4441
78.8291,10.9177
62.4739,-8.07234
58.3953,0.266244
33.5423,9.73234
40.2079,-1.11737
59.7677,2.93499
66.8798,-4.09569
429.273,-6.82183
67.7393,7.7014
109.385,16.3099
33.0725,13.2513
37.4673,-17.0326
39.9099,-7.67321
65.2974,2.32395
77.5118,-9.26092
35.5471,2.54924
77.5898,-0.306381
89.3079,0.826785
61.7043,-0.961957
66.0733,-5.29631
55.0466,-4.54639
51.5788,-4.43353
76.7827,-0.62735
69.0058,-1.89975
80.4593,-5.59876
36.5258,3.58029
33.8992,-12.8891
126.886,15.289
50.7517,-5.84067
48.7499,-12.3436
86.4957,-4.9702
81.8082,-7.10542
48.9818,5.51901
52.1538,16.5329
82.1277,-4.09866
37.2578,6.10799
68.1808,-3.35759
42.712,-4.10255
38.4702,4.04044
67.7369,-10.2609
71.3051,3.71127
52.8552,-3.55034
117.229,-9.09265
79.3979,-1.31637
47.4479,-8.07355
51.3227,4.24234
77.2294,-10.5608
64.6565,-2.11476
59.0717,12.327
37.8672,-48.9998
51.1008,-4.35041
41.6534,7.45401
65.6062,1.83397
60.8257,-7.12325
52.6822,0.808227
54.6129,4.90918
68.1637,7.34871
43.9398,8.6085
36.2602,9.76618
44.5299,-10.2061
66.8621,-12.2689
45.4054,17.686
61.8296,0.828986
39.3222,5.14392
76.9645,-5.54382
59.6734,5.88486
64.6621,5.49048
59.8117,1.52932
67.4652,17.4472
50.4248,13.1645
67.476,-5.78357
69.5124,0.330248
62.5755,-4.98397
35.7105,9.90515
59.6046,0.399301
61.4739,-5.88697
50.9318,-2.69969
35.7707,-5.14629
47.6745,-14.0919
95.3588,7.52406
69.6772,4.38511
80.6797,-4.96166
76.5863,-5.30157
50.9202,-5.07197
55.4248,-5.4061
71.5814,1.76328
127.421,1.17822
39.2444,10.5888
85.633,8.26254
72.181,-1.44865
51.849,1.92107
70.5044,-5.78857
70.5315,-0.159729
68.0562,-7.84127
44.3949,4.51575
64.6365,-10.2495
85.7538,-1.7827
107.394,-21.8755
54.5244,5.36769
75.1989,-1.51227
62.5428,-8.64082
67.9907,22.8845
44.1162,-2.50107
39.8273,-3.1705
96.4114,-3.42872
88.6757,5.97152
69.9268,-7.10452
66.8425,-2.29585
37.8224,-8.40794
66.565,-12.0276
42.8228,-2.84992
50.6718,5.82638
48.4491,-0.3602
71.6888,2.3747
61.7793,6.04105
40.0878,2.68298
61.0881,5.48953
51.631,2.88048
56.2918,-0.715091
67.6492,-11.3551
65.2222,22.8619
73.9993,3.56337
46.8881,-12.1938
67.3851,4.65027
40.8372,10.94
70.5028,5.22665
89.1543,19.8783
55.4299,-18.2483
86.5047,13.7956
62.1695,-2.88876
54.7422,-2.42196
56.5918,2.79593
68.7794,2.07324
44.6656,-2.27276
31.4913,-4.48381
53.0369,4.30254
61.1414,-7.47525
68.0933,-2.83559
43.7803,8.86085
79.9753,-5.73165
87.3059,-1.14598
62.6933,-3.92737
91.0746,2.67716
66.7659,-8.01037
63.9346,-8.16535
71.5068,3.48271
74.3093,-0.748366
51.35,-7.10016
45.3857,6.98553
75.1908,2.01657
35.3318,9.4916
69.1909,-9.36282
76.9415,9.43999
59.7539,0.583415
59.2594,2.74837
64.0277,-0.657302
123.326,-5.33576
49.7193,-6.90668
54.026,-8.01757
63.9712,6.2937
52.1822,-15.5652
55.482,-4.67949
40.7986,0.463564
97.926,-4.66745
48.0154,-4.67081
80.0188,-5.15872
49.4313,-17.7809
85.9283,12.0099
52.1293,17.6768
54.0699,-13.7063
43.909,-1.98002
51.0314,6.60539
51.8267,6.08658
109.371,4.27855
54.5665,-20.986
77.9624,10.8776
42.1307,-7.27037
48.8774,-3.39613
42.2105,-18.4733
45.2233,4.27717
34.7431,-12.8839
107.966,-5.84274
107.709,-5.88309
56.7291,-0.124943
71.0062,5.88922
60.7713,-4.04239
60.8141,2.60806
39.6934,8.64803
78.7213,-3.88054
61.6153,-1.72875
61.8392,-2.16478
47.8288,5.96764
71.8847,1.58296
53.2287,-5.18738
61.0647,4.21338
69.6164,-2.64129
52.9118,-5.93557
78.8887,-1.16597
49.503,-2.13371
49.1786,5.09696
85.2659,14.8374
54.6093,1.09592
83.1218,4.63581
102.811,9.00845
53.8644,-1.4411
52.9451,18.4768
53.7335,8.26332
107.12,-6.31161
103.198,1.45776
65.2368,-1.81563
81.2765,-3.49328
62.2939,-13.5599
50.4751,-2.99662
113.198,6.62067
57.7431,-6.01179
54.3703,-2.03272
54.7715,-3.16951
113.586,5.36187
31.0888,-10.2463
159.312,2.28942
74.0654,-15.0572
67.4511,9.86393
44.5771,-3.31586
67.0814,-4.69559
47.5831,-9.20629
54.5399,-3.54084
51.0314,-6.97659
66.8956,7.97148
29.9722,12.214
58.6365,3.84813
69.6303,5.41284
68.1229,-10.3501
57.9221,0.684967
65.6822,1.47451
38.1611,-1.9101
81.7591,1.75896
70.3552,-9.52704
61.1126,5.99638
51.1361,-15.7781
56.369,6.11882
59.9545,-1.24503
78.1922,2.73193
72.1374,8.27001
103.857,-3.21495
72.895,-33.0157
38.4992,3.57511
51.8402,-4.11588
76.6488,-2.57655
49.3603,1.00244
67.1477,0.359768
59.5356,10.7678
81.6581,2.86692
39.1757,-0.450876
69.0113,-2.62938
86.1526,-5.46165
43.473,13.7905
84.9458,-5.39851
110.782,0.818844
101.766,9.5847
37.4001,17.9723
101.528,0.44164
43.562,-4.45899
51.0055,14.6065
56.203,-1.05962
46.6096,15.3017
81.7311,11.0118
61.908,-3.05941
47.8386,6.39495
74.9327,-2.60262
55.7322,-6.93447
60.4552,1.47097
60.715,2.55942
97.9405,0.451437
51.5344,6.42132
36.4745,-5.79552
51.3371,6.98423
45.7115,-4.61997
65.0775,8.4019
69.3876,1.49211
49.3646,14.81
40.9069,4.42809
40.7825,0.98427
59.2783,-6.02102
48.0618,3.72681
71.0486,-0.147688
49.1274,9.14068
81.4676,5.09429
116.034,6.08369
141.496,-0.0317646
30.8085,0.920352
61.3557,8.07092
86.4487,3.58322
122.606,4.00838
57.859,-13.4293
60.1201,-13.4929
67.2922,1.51473
66.9201,-7.40114
65.3578,2.07419
56.1412,2.15037
75.3996,15.4032
76.6061,9.1188
51.1189,-6.86658
71.1005,-4.75985
85.1822,-5.42583
50.4085,6.36223
59.5334,18.6474
64.8435,2.82359
53.213,1.02147
42.6156,-1.94709
46.6471,-7.08958
51.997,0.441812
61.2655,5.15406
50.0316,-2.9532
81.9869,-8.54622
65.8985,-9.58884
70.648,-2.80987
84.6397,-14.9713
66.4604,-8.29823
53.3172,-2.26676
92.8994,0.265553
74.5929,-2.42477
55.837,-1.62875
71.0827,12.8336
83.2599,4.757
49.7346,3.58883
35.667,7.82634
55.1286,6.6173
116.173,-5.13757
66.0865,-3.99319
117.935,-5.29609
72.2715,-2.72826
85.7024,-1.1834
61.8114,16.7385
64.312,5.21957
55.0625,-5.07681
33.6791,-0.695842
47.989,-5.01237
60.4774,1.52927
65.5082,2.55631
112.709,-4.153
81.4929,0.52964
52.8933,-4.29961
48.4735,-7.40952
62.6299,-4.06051
52.4043,-8.76495
68.6664,7.65418
106.881,8.38118
34.9549,-19.2098
72.0571,-2.14743
50.3147,-6.18382
47.0187,-5.26606
87.6564,-0.980558
19.7133,-3.71356
75.1985,4.28968
81.2649,14.6249
64.5025,-4.87323
40.3208,-3.75357
43.3533,6.9608
77.3681,-14.5205
62.5287,-12.2155
28.0667,-5.17158
61.1265,-0.979263
54.1955,2.29818
34.6495,-1.3925
46.4184,0.455493
56.4998,-6.40198
51.0621,7.20318
58.9785,1.69984
54.8904,-3.71365
67.8972,-12.4355
141.889,7.9237
68.9139,0.0749229
64.9514,-6.33435
75.6851,0.939515
61.8719,-30.7468
62.6725,-2.66878
37.7987,10.8885
74.3424,2.74371
49.2018,-7.55759
54.2425,7.47391
68.6642,2.47893
56.4311,-10.0641
48.403,-10.1682
68.3287,-0.214066
55.2601,6.75368
43.4946,0.399819
65.3537,12.3164
72.6284,-4.74531
43.4529,-13.0782
57.3197,0.918281
46.984,0.111521
54.073,-1.34443
46.3336,-9.45298
64.2253,-2.91841
47.7093,-19.9827
60.5177,-0.445135
67.9168,28.6555
70.9835,7.25492
52.0384,8.75735
60.3944,-24.5794
53.0087,6.96602
60.3259,0.847026
75.3589,3.12864
35.2403,-0.634601
72.075,12.5551
49.5647,14.6133
50.2677,4.00825
61.0289,2.80788
77.4314,-0.231243
43.3115,8.40816
43.0271,-1.57891
186.268,4.78121
85.3097,6.81272
96.1219,3.63734
45.901,-6.50233
43.7138,-2.65856
70.3376,-2.47621
53.1094,-1.4881
62.0952,-7.13844
40.6622,-7.82315
51.0002,-3.98447
69.1241,1.69505
41.7825,5.56001
87.828,4.14139
87.6985,1.25133
70.3137,1.74278
82.5915,-3.13593
69.1159,-3.22872
55.0681,2.28834
70.1268,-7.76186
82.8061,-1.96539
100.413,6.81678
64.7712,-11.7907
59.0584,-6.04127
71.1474,7.79293
70.9888,9.79272
51.9685,24.3298
88.8108,2.50465
41.7541,5.1633
71.153,-13.2202
44.8018,1.00209
43.1652,2.53357
62.8896,-4.38269
54.3904,-9.43882
57.0937,-2.80655
65.2003,-2.50806
38.5443,-2.53374
61.0108,-1.76371
59.8316,-0.22356
70.6513,-3.29385
77.9683,5.43398
31.7925,10.1595
57.4905,5.70826
42.848,5.57222
61.985,2.45191
40.1964,7.84727
68.3455,-12.6268
56.1913,-1.95136
43.6107,-3.23295
61.8183,1.2683
51.0427,4.76779
69.6566,-8.06207
31.2418,-2.49365
59.2399,4.69895
71.5483,-7.31992
62.8866,1.69772
62.123,-15.067
46.7829,6.17065
59.1204,2.24933
56.8242,6.17143
59.5417,34.7866
49.7248,-0.253728
50.8632,-6.85018
103.984,21.0595
58.8854,-2.71764
68.0398,3.0983
45.4105,6.86058
99.9604,-6.29853
75.031,3.79962
76.7903,-6.63556
58.2169,-6.99239
54.9077,2.34462
54.9484,-7.14858
42.9448,12.3794
44.8251,-6.4754
59.4053,-0.933731
44.8559,9.29463
66.7206,16.23
53.642,-3.58922
90.1659,18.4056
55.8035,-2.97348
114.107,2.06793
61.0903,-16.2699
46.8064,3.60631
64.1619,-9.8405
34.2663,-1.15431
75.5011,5.00689
68.8752,-3.37343
47.3649,-6.75316
47.9658,-0.110572
48.3866,-2.07829
85.1524,22.0823
40.4414,-8.41696
98.9879,-2.74988
71.7092,4.54406
54.432,5.77506
56.3136,2.26193
41.5193,1.15936
70.5443,1.72949
56.8375,2.33254
46.8189,3.30818
87.5181,-2.65394
31.0955,-3.76423
55.1264,-22.2872
72.3589,0.372975
115.184,4.01554
58.8333,-1.41223
107.999,0.723334
58.6244,-11.4163
59.8037,-5.98037
86.4765,2.84569
95.9553,-6.37488
51.3067,2.09914
79.7729,6.83637
95.6192,-4.72593
40.1893,-14.52
72.7253,-4.62874
75.9895,9.76523
99.4185,-0.352345
69.6779,-15.1649
88.2766,-5.47921
120.837,-6.5473
62.0154,-0.0641765
29.4241,-17.7961
66.1985,8.52576
65.4543,2.1369
73.9262,7.70528
70.334,3.02057
77.6685,7.52376
60.2093,3.08108
88.0793,-5.27732
88.0324,7.48798
44.414,-6.03859
74.3577,1.67994
54.1561,-0.711768
116.679,16.0186
67.7337,-2.19516
53.7784,0.355711
50.0796,5.99707
100.029,-21.7989
69.5132,8.40889
59.4998,-4.95117
58.659,5.16735
69.8382,2.5312
61.3602,1.84683
77.8244,4.81915
50.752,7.09726
92.9589,5.95547
89.995,-4.89351
63.915,5.09334
47.0843,-0.345871
55.4042,-1.38789
78.338,-0.197406
65.2512,-5.80299
91.8335,6.09232
73.7208,-2.76075
59.0078,1.22548
59.9569,-6.20669
40.3604,4.01023
54.6825,20.1817
45.1403,-0.231631
113.692,-16.0943
63.4115,2.00859
53.8505,5.49303
44.6071,-1.18051
50.4778,25.6181
38.2339,-1.60018
69.4918,6.94077
39.0301,-4.83866
154.569,0.97197
64.8152,8.85463
45.5028,19.6346
60.6875,3.89642
52.1606,-7.84917
70.829,-4.58994
106.96,-2.59533
80.67,4.54233
54.5957,3.19411
76.0374,12.4824
60.4064,0.491142
48.4264,-1.25263
44.7722,4.43871
53.8852,-6.90055
42.468,4.21411
67.7634,-26.6142
38.1927,14.2057
63.1283,-3.2522
101.253,-13.5741
88.4821,-9.29234
65.169,20.6332
60.74,-4.08028
66.3819,-0.459939
40.4235,0.842969
65.8393,-3.32108
53.5587,-6.66883
53.421,9.94041
70.3975,0.832827
39.8235,-1.98291
44.0241,2.55964
85.9802,-0.614748
71.9113,1.73704
62.7652,9.99185
49.9446,3.12208
58.9966,-16.0001
38.4411,5.4932
47.4755,9.13382
99.7683,10.7554
63.8688,7.09014
62.53,13.6664
117.583,-0.760666
80.9485,10.0114
59.9592,0.35856
87.4431,-6.16474
95.2293,0.619582
66.6812,0.650181
49.7495,-4.12257
64.197,-6.84738
76.8755,3.24857
59.7384,-6.71864
53.2243,-0.246736
64.608,2.26331
68.4643,-0.448718
25.0647,0.0597743
110.882,12.6931
87.2974,-3.15721
55.5976,5.48072
88.5254,-2.247
66.0415,-2.92074
47.1574,1.22039
62.757,-3.45871
82.3644,-5.42216
64.454,5.48785
65.1123,-12.0415
112.354,-3.19791
56.4285,2.38787
53.765,-0.976717
63.5692,-0.248161
35.564,-2.98056
46.6911,-7.53899
62.7168,9.82725
46.7904,18.5442
55.3951,1.34071
61.3561,4.92735
49.3271,13.8961
78.3997,-2.68031
46.7748,-2.63024
45.9394,-0.829202
42.0656,12.9514
66.0051,-9.34443
48.2674,16.083
32.7304,7.76959
59.1595,6.15943
52.9042,-0.239399
53.3092,1.47265
54.8251,4.21407
89.121,-6.92662
56.2468,-0.490279
53.2477,-10.4765
50.2147,0.596492
63.2399,2.50983
44.1971,-1.97299
70.9632,3.84459
51.4729,1.01625
63.0388,-10.6043
44.9024,-12.6811
62.5888,2.92916
50.4205,2.66313
63.7085,5.08552
67.0042,-14.72
58.8765,5.1374
55.5859,-1.49026
51.6273,1.26799
76.9161,-5.28172
52.6435,-4.38394
49.7059,-3.33394
55.5797,0.655015
66.3222,-7.38267
41.1472,-3.03347
114.231,-5.13006
96.1508,6.27691
53.8209,-3.67494
52.6675,-9.2144
63.0475,0.864505
62.5887,13.3113
94.8158,-6.40807
70.5593,-3.49255
28.0692,6.12081
53.2096,1.91451
73.3759,-4.10263
87.4927,5.61486
72.3688,9.45384
76.2864,3.53247
35.6091,3.8105
122.997,3.75301
51.6243,0.443539
77.0393,-11.5701
76.1698,8.10976
69.1608,-1.22622
40.0737,-13.7795
56.2047,1.97985
82.0426,-8.35507
33.0511,-14.5063
48.0311,-13.4489
67.6444,6.03535
85.5944,-8.28054
28.0348,-3.57425
52.2535,2.05809
73.1429,-4.63797
46.8798,-0.918022
57.4204,9.55764
113.383,12.4758
42.1491,-7.732
26.8191,-16.2442
99.2249,5.30593
67.9142,-1.22686
76.1818,-5.05423
30.2981,-2.71958
41.6163,4.54169
67.636,-11.393
54.7444,-3.92305
41.6985,3.77325
47.2741,-11.5347
72.9954,4.06267
54.3525,2.42982
64.0857,-2.98444
78.0152,0.852982
61.0629,-3.51603
53.3151,-0.559332
76.5121,-4.1183
52.5114,-6.41519
50.3426,6.11179
92.5931,5.58931
55.9517,13.7295
38.5504,1.45133
51.3642,5.66108
62.3535,-0.803609
81.8175,-14.5486
107.921,-11.3087
59,4.96559
49.226,-4.49943
71.7858,10.021
40.0727,2.53258
76.4846,20.9914
60.8976,12.2455
86.6345,23.979
98.1934,-14.1182
53.3401,15.5296
75.9992,8.03894
60.3736,6.50099
59.9525,-2.43051
70.5633,7.54033
55.4655,3.56963
56.2129,1.06916
82.5121,0.185106
84.3487,7.79561
45.4362,6.15598
55.7987,4.15136
40.4326,0.295505
67.6647,-10.9623
128.68,-1.00309
107.595,1.27196
79.6543,3.36048
39.4364,-6.71777
53.9564,0.564943
44.8472,1.90454
47.1162,7.22437
138.484,-8.08296
62.5011,-14.4022
82.8574,-8.32521
66.8247,-4.12987
62.0863,7.52928
110.644,-3.16338
63.3849,-0.787425
44.8255,3.27054
55.6545,-4.13703
75.8991,-4.67332
61.8572,-1.20041
74.2849,0.808788
53.7965,1.05246
35.3666,-6.6826
54.4606,-2.8526
55.9176,-5.26325
88.1209,-8.6331
56.8791,5.22471
60.8162,-17.0141
51.6823,5.70446
88.5291,-6.19849
45.5598,4.6523
44.7874,4.27863
70.5954,-1.13321
64.0336,-5.4099
73.3366,-4.9863
75.8391,-3.53208
54.4696,-4.99804
47.1332,7.99871
61.4566,5.31806
51.427,3.80264
55.243,4.13146
61.4356,9.23581
55.5789,-1.59449
57.1459,-3.23532
64.0366,3.59237
53.3121,-19.3641
60.04,2.19465
39.3745,-19.4088
105.813,-19.315
69.1137,6.20069
64.4073,-18.6553
40.3231,-2.89178
82.6409,0.491488
45.8727,-12.2502
47.1015,-5.61559
85.145,-1.83609
68.5898,-2.53676
61.864,-7.596
58.987,1.83656
67.7023,-0.0860578
72.0278,-4.22011
105.255,-13.1411
33.0157,-6.38813
93.4209,-3.1156
82.9152,2.18066
40.91,1.22104
68.5607,0.994196
57.9346,9.8272
26.8446,-3.09471
27.6023,9.91331
54.0541,-8.53923
73.08,6.15123
68.2391,-0.0770377
71.7428,5.0437
63.0961,2.74543
68.0683,-5.27982
50.2062,-5.08108
56.2655,-4.86162
39.9816,1.63311
72.3905,1.97812
79.6343,-19.2995
64.9144,-0.0716429
78.5903,0.456011
84.2006,1.32621
86.8084,-8.59874
52.9331,-6.76261
71.0994,12.3956
47.1289,3.58935
61.2601,2.40336
188.221,-1.25949
85.4678,1.91429
55.9776,-2.24096
78.0094,-13.7697
55.392,-25.6412
64.334,-8.03294
45.5978,-0.514836
42.4628,-7.66842
89.8579,6.45157
72.9261,0.21631
108.136,-6.70129
69.522,3.60485
49.0251,-10.5596
55.8522,-1.11625
61.8895,-0.0166591
45.1198,2.50215
44.833,1.19156
44.2606,0.137934
76.5968,4.99506
54.4094,17.9128
59.9252,-5.43485
48.4423,-14.7056
78.4785,-3.31763
40.1974,1.49116
97.827,10.132
52.5728,-5.85042
69.5341,-5.23213
99.6973,-9.18168
59.5767,-0.168016
79.2886,-1.23701
113.132,-1.10809
43.8035,3.1298
58.0216,-0.703007
56.2369,-5.14141
61.8296,-11.9436
42.6181,4.33815
71.4799,3.3686
53.9466,-5.52518
59.5359,9.77917
44.69,-7.76367
50.2091,-6.57436
56.7505,-0.314668
70.5241,0.909347
34.725,-21.7841
22.601,5.88818
63.6599,-2.58691
18.6777,9.06287
90.9214,-133.779
50.1746,4.85916
67.5932,6.07847
57.5707,2.41514
58.7108,-6.22158
67.9601,24.0648
107.898,-4.53232
53.5642,1.21055
47.3439,-8.124
72.0087,6.85398
99.3487,14.7513
59.9135,3.86233
37.7513,4.13172
56.4266,-4.29193
29.8311,-3.18073
53.7341,5.24059
42.6335,4.60107
81.7403,22.2925
61.0563,6.38463
75.0092,20.8403
86.3693,-3.14335
39.3122,-0.701496
60.1805,2.37876
55.972,2.7072
81.9694,-0.0757429
67.8894,-1.86876
55.6542,-3.51585
41.4112,-7.29131
88.1395,3.18807
43.5985,-6.05887
78.7815,1.82249
70.8415,2.47587
106.094,-3.36135
63.496,-0.409918
40.5161,-3.28215
52.7608,-4.59011
84.8843,12.0704
55.5989,0.734253
44.2917,8.406
63.5656,-1.89552
77.0069,5.75737
36.4174,8.82136
58.3974,4.27721
60.8604,-2.46559
61.6886,14.7419
55.3213,0.0154075
55.8483,5.64102
43.6935,-3.35448
70.8155,1.17585
33.3857,9.55885
61.7373,-2.60228
50.0682,-7.03658
60.9959,2.73361
118.314,0.960792
71.4144,16.1314
59.5598,-5.95577
36.4167,-8.05124
66.1909,-6.88333
74.1017,-1.24244
64.7948,-5.08091
37.4292,13.4609
49.4828,-8.92489
66.8352,9.68228
62.305,-9.67537
69.0027,5.37917
46.2531,6.72856
131.361,5.53213
83.2244,5.88119
71.7791,4.55386
116.814,0.459205
34.9018,1.55582
94.3646,0.357136
56.9574,4.56521
63.6809,5.53264
62.6005,-0.061328
61.6112,-0.999591
50.2644,4.70124
45.7424,0.191148
52.206,14.9281
64.3859,2.7444
78.4668,13.0821
110.918,8.18671
53.9361,5.64913
68.0458,5.40774
47.8681,-8.23678
46.8854,-4.83382
171.938,1.80523
71.7018,-24.4351
60.3202,0.775858
84.9245,-4.26094
55.4069,19.3595
37.1922,2.2542
60.8896,-3.47822
58.187,-7.10033
75.0494,-2.89222
75.9591,-5.52095
49.0616,5.95283
72.2216,5.44974
62.8375,1.87735
52.7576,-8.5886
42.6684,-3.85331
76.878,-24.8441
52.4689,0.727089
59.1675,-2.72139
59.024,-4.61285
40.2247,-0.233271
40.7918,-13.8098
59.3343,0.961871
62.0302,-1.06636
67.2586,-4.0111
62.0972,5.11263
112.411,-9.7481
65.5654,4.99722
30.4097,15.6116
54.6203,-2.47807
52.0924,-3.9893
69.7651,8.58118
70.284,-19.806
55.7597,-10.0864
54.1732,-2.54578
52.1293,-2.12456
54.852,-29.7911
69.0618,-0.66438
34.707,3.69677
70.5824,4.95933
40.57,-12.1748
52.2446,2.70771
44.0782,3.2055
76.2223,10.0335
98.5497,0.581257
52.1784,8.07618
98.9328,-1.98822
87.3182,1.93056
68.6682,-1.13835
63.705,5.36247
45.5221,-5.66898
115.748,0.560929
69.2777,-5.30857
29.6902,-0.605167
43.092,-3.32622
96.9649,3.02808
76.5761,2.11204
54.0215,-5.91373
34.1799,4.66223
73.8164,16.4826
62.2132,-2.39667
47.1494,3.83018
52.2972,-1.43929
36.8644,-5.95296
47.8133,-13.0066
57.0548,3.04107
44.4544,0.0887336
69.7067,3.72327
45.99,3.78171
37.7241,-29.1877
48.4601,6.07614
62.5306,30.2316
87.8145,0.148076
54.2742,-14.5066
55.9935,-9.5762
96.7173,2.6974
115.246,0.285795
59.6915,-16.9535
101.649,4.98414
151.813,4.18662
92.6794,18.7951
66.7918,-12.5362
74.489,6.30302
40.0843,-3.12208
104.441,-3.9366
77.0669,5.3194
50.5864,3.8136
62.1213,5.09498
56.7608,14.6121
66.5978,-27.7974
50.628,12.5167
61.9077,8.78376
125.251,1.12264
48.6544,4.12477
43.6978,3.59181
42.7322,6.54238
49.8619,4.19966
66.4067,13.1602
79.4078,-6.29745
62.6528,-1.80316
63.4404,4.32218
44.5513,-12.125
57.9846,-7.45263
59.9427,-2.27548
52.4354,3.02773
85.9812,-10.1719
43.1551,3.2771
83.6684,10.6404
49.5974,16.0609
90.8325,0.105738
61.0509,11.8203
56.4877,-8.904
61.5656,1.713
57.4743,-2.40539
57.6283,13.9229
44.8417,5.57593
96.4328,0.0804472
38.0145,10.6644
65.0518,-9.96229
63.5166,-3.5651
55.3219,-10.0361
56.561,2.95385
74.7021,3.64952
75.5759,-0.658985
52.3471,-11.4666
59.159,-8.45952
79.0655,-2.3069
69.7154,-1.68149
99.6737,-8.93141
65.2921,-6.01377
49.5348,3.02721
51.4215,6.88773
75.6668,11.5389
80.3663,-8.30976
80.8003,-1.52781
79.2045,-12.3359
46.2921,0.675731
105.292,8.62598
66.7701,9.76885
74.3791,2.71626
40.6827,-7.64728
62.2213,3.93794
41.5165,-4.41027
55.0264,2.87862
133.307,-7.64179
30.3506,4.38938
103.511,9.22001
55.065,-0.50901
80.1432,-4.16323
48.4312,-0.191451
52.4177,-14.5954
38.6011,12.4113
40.9482,-2.43944
52.9066,8.08516
63.5128,-0.968949
68.6167,7.26537
65.4782,-4.97905
62.7656,17.0214
72.0513,-3.5067
78.3142,-5.6947
28.4241,-7.72574
73.8515,-5.83251
64.9296,25.441
62.3823,-3.00883
45.904,13.6055
53.5885,5.18466
74.6845,11.1017
67.0531,7.12182
73.7682,-1.01638
69.9124,-2.61604
41.2089,18.4189
108.17,-3.78905
58.5141,7.19148
85.1863,-4.64609
68.9716,-1.14749
45.0414,6.12797
78.7855,-1.3039
69.2231,6.88799
69.71,-4.02171
89.2035,-1.47123
49.9446,16.6578
65.3666,7.26813
84.9909,4.32382
61.0207,7.83316
29.3597,16.5966
60.0071,5.25194
64.086,-3.50899
60.5731,-14.6157
67.2828,7.39221
78.1459,8.65438
63.1331,-4.42537
94.3517,4.93309
88.1275,2.47677
69.4021,4.27415
23.3062,-6.089
36.7848,-12.2578
51.2978,4.42399
62.4306,-9.65487
67.9666,2.95592
81.5627,2.95907
62.8055,-9.61383
54.8593,-5.73747
59.3825,6.89753
57.8362,3.21172
77.2231,-0.553334
82.0255,-5.63217
52.4213,36.4113
134.131,-2.19611
73.1272,9.0113
62.8146,-2.23552
61.7852,-6.69598
76.2762,-5.09726
55.4888,8.15805
74.4158,4.95048
61.2923,-1.11409
64.9367,6.47712
62.1883,2.12952
93.2702,-2.79524
48.939,4.56322
108.047,10.6091
52.3744,-7.95771
51.5131,-3.67649
39.6039,14.9502
73.0776,4.41325
73.6629,-0.78449
70.8585,-5.87083
30.9448,-6.34817
39.6229,7.29791
87.0328,-4.25438
69.9173,10.0389
61.4406,-2.42938
45.7882,6.51894
54.1488,-5.81805
85.1373,6.7173
60.1185,-4.96593
78.6098,-11.0873
50.8355,-7.81602
60.0199,-0.596103
37.867,6.80241
80.893,3.59945
37.8795,5.12169
63.1143,-3.61991
58.7924,6.27303
63.8902,9.10275
85.5964,5.14733
64.898,-1.16791
92.2272,0.871713
63.1062,1.62616
49.2884,2.05576
94.089,-3.94424
100.086,14.8557
64.4855,0.136898
49.4419,-3.66518
41.3806,7.65578
83.3633,-0.128267
67.7766,-6.20069
56.2601,3.99478
75.5335,-16.2771
52.4813,6.58735
62.9539,-7.46981
49.0494,-9.48966
49.1047,-0.652857
146.977,-7.18906
72.6786,2.19512
47.6138,4.32253
99.1412,4.3189
79.6029,-1.00589
74.7427,2.08908
73.4457,-3.17728
46.7621,-6.46392
78.5385,0.999418
68.1639,-5.39359
78.4044,-2.59723
108.289,3.42945
39.8287,-3.96017
105.868,-6.25132
95.4376,15.4554
50.624,4.29473
113.47,-2.62964
72.7495,15.1419
52.9207,-15.7649
59.0666,-11.7332
47.5117,-4.74431
55.2073,16.1876
50.4871,8.93102
90.0285,8.45973
93.5119,-4.06897
67.6722,-11.0665
59.8824,-1.03757
52.3796,10.7616
70.8828,-0.879568
142.971,-2.81254
48.7718,-14.1177
46.4292,5.20404
79.2402,4.06479
61.6496,11.1374
56.5692,1.42267
36.7505,10.042
65.7354,2.9762
76.1724,3.4351
80.6631,15.0273
46.4922,12.5853
64.9516,-1.44089
57.262,15.2413
49.8053,7.86035
53.2185,-0.472843
58.1761,6.558
75.9343,17.9623
146.189,-3.12976
50.4753,5.43994
84.2981,-6.42529
64.6182,12.8019
81.1819,0.0273193
110.839,-3.21953
44.27,-2.61333
65.2668,-1.42846
42.7181,1.21495
76.7833,11.2506
39.0051,5.15397
85.1208,4.68933
40.5615,1.85335
51.8244,5.04983
56.9638,9.41681
63.7771,-8.60466
69.691,0.523856
34.4969,1.95939
83.4333,-5.36748
42.0219,4.34065
63.3921,3.63255
161.069,3.20973
52.8213,-2.75773
119.137,7.47917
54.9489,-18.0857
63.514,-16.8558
69.4335,-3.52755
49.1077,11.6116
75.8509,-6.36487
54.2276,7.85059
107.467,-0.679442
154.37,-22.3827
61.8733,-5.91563
61.0775,-7.73558
87.6245,3.31124
51.1166,0.337067
55.2015,-6.69076
49.7565,-7.3229
52.5852,-1.43605
64.3453,7.45121
36.1907,10.993
63.2151,7.58793
56.6834,2.58135
68.5797,1.01098
61.1589,11.9511
56.4588,7.51176
59.7401,-3.05397
50.3513,2.31851
52.9918,-2.18338
109.531,-1.1421
49.839,-2.21558
117.671,5.9688
91.0162,4.91522
116.082,11.069
36.4327,3.28647
82.5473,6.49197
49.7823,3.54421
51.8281,-0.976372
55.6115,-0.291017
53.6182,-2.48338
91.2826,-15.091
82.2803,2.97896
78.7232,-5.21849
66.8216,-5.9821
194.092,9.63554
56.2257,-38.9549
55.9778,-7.09847
45.6204,-2.23776
80.4227,0.0717292
56.9659,-6.38645
61.7316,-6.6621
73.2314,1.33083
66.186,-11.2688
61.6674,-0.888199
78.998,6.87107
48.5458,2.7986
52.1685,-1.32928
97.825,-0.298483
53.582,-10.5243
90.3475,3.5487
99.7034,-3.55323
49.3867,5.58672
69.8824,-0.272502
63.7955,2.80059
79.2787,9.53278
101.7,-11.9192
37.2016,1.82003
58.0396,3.32855
44.7978,4.28161
75.8193,-0.0688376
106.939,1.28375
79.1097,25.6277
92.6011,7.5834
42.6103,0.780433
102.97,5.25121
72.4144,-10.1212
20.701,4.82826
46.356,6.67841
62.5011,-4.26068
35.42,-5.07702
72.4167,5.8994
36.8922,2.12387
71.4965,5.39411
61.3346,3.10529
28.6964,2.1577
71.8952,3.83872
76.7011,13.2049
126.894,-0.854449
51.6723,8.80655
109.121,-12.9047
98.2528,1.58175
64.9057,3.26743
76.3236,31.5672
44.7838,5.9616
50.3005,1.05302
49.4686,6.87737
36.0415,0.973826
70.7283,-5.30442
53.1447,-1.61637
39.2315,-4.41268
40.077,-12.5068
75.3023,8.61329
92.1182,1.16709
47.5319,-21.9967
43.9659,0.890573
77.2709,-4.92575
70.3298,1.40575
50.586,-0.483892
61.6194,-8.71091
36.8485,5.75254
87.8347,-2.95208
49.3749,5.88995
54.4314,4.65623
70.3001,1.53726
76.465,9.62138
77.2633,-3.8496
55.1971,-5.74412
53.3186,1.39738
67.4176,-0.84694
39.7323,7.1601
59.5683,2.28493
66.0541,-10.7854
39.2591,-10.7408
40.0643,-5.43839
91.0593,7.14983
75.5386,1.79461
137.733,14.0617
50.2978,-5.00106
50.6707,14.0218
89.1771,-3.81744
40.74,12.1825
54.81,5.77649
69.6564,-10.6735
209.876,-11.1345
57.465,8.62058
38.0959,6.48597
45.9437,8.43625
63.9028,-6.09962
29.7567,3.15578
42.5133,-8.74186
54.398,-2.76162
27.0408,-9.07655
72.302,-2.27833
79.674,1.42487
29.3843,11.8402
59.6254,-1.20645
50.0164,-4.46158
53.2957,-2.68695
51.3819,-0.736541
39.4752,2.64828
74.2529,13.6973
41.3332,-6.5359
106.937,-3.07288
58.4285,-3.46147
93.0824,10.7142
46.0083,-10.5443
65.58,4.24419
55.0518,-3.11759
85.0654,6.43008
55.8101,2.33564
72.7731,-4.93179
76.6598,-6.99438
80.0097,-1.32147
57.3653,-7.3544
86.503,-2.71911
47.6122,6.50535
69.187,1.47951
50.6986,-2.58428
61.6375,3.48819
52.4628,2.02823
50.7804,-0.00755272
60.5488,8.03307
126.06,-2.42045
82.8268,-0.185624
57.8941,0.550658
57.3093,-0.0325414
49.3508,11.8437
57.0502,-4.22054
96.8701,-1.57252
53.6452,2.90771
34.3506,-25.7967
82.1212,-6.29745
54.8052,-3.41624
63.7962,-4.09435
60.2633,-3.50657
41.2192,-4.77362
61.5501,-10.9
72.7458,18.6859
71.9454,-12.2507
44.0203,1.40446
56.5737,0.172936
58.113,0.673573
110.639,-3.99029
61.8782,1.72034
44.7466,-2.63486
50.574,7.82082
39.8725,0.0238234
22.0641,2.68885
53.271,-14.3727
31.3865,0.982112
85.7303,-8.64298
45.8835,-13.9452
63.0529,5.35108
47.5727,-7.66773
48.2696,8.13609
44.3525,-3.43653
79.678,1.58715
46.0002,10.8246
32.0729,4.39965
55.6594,4.46672
36.724,-14.096
39.946,-7.40058
56.4755,-2.93421
58.2529,-4.14023
54.4169,2.34959
50.4692,-0.0116959
54.7938,8.80975
62.4504,6.86283
57.409,-2.32309
25.6527,-1.49242
43.6062,-0.00345267
52.8383,4.70832
50.7603,-17.1938
82.4383,15.2375
64.3388,-5.08824
71.3126,10.6408
63.2009,0.666883
42.9986,11.0099
42.49,-1.1528
59.9304,-0.866836
75.0126,3.22812
67.22,8.11572
80.6081,-7.41595
42.5143,-2.0265
31.1911,3.53402
45.8383,1.73471
55.3624,0.883409
50.9067,4.88756
89.5624,-1.39112
62.2173,0.963511
86.9399,-4.08421
77.6917,5.87109
63.3591,5.27866
55.9904,-7.61685
51.2538,4.6753
45.2859,3.30913
88.4398,-0.682334
46.7441,-0.643793
80.9715,-0.559894
54.3546,3.10745
86.4718,-5.43334
63.2734,-3.57157
39.3728,-7.60878
71.9204,2.75562
65.7978,3.92754
53.0333,1.46997
68.4475,-3.78987
63.7127,-1.82448
87.8294,-2.0019
78.7075,4.77953
59.6837,4.68471
54.0179,18.0354
26.5668,-2.18066
42.1279,0.154593
59.1017,2.04342
68.4828,-9.30292
71.0739,0.67996
75.2023,6.47501
47.0344,9.51116
39.9473,6.37851
35.191,-2.94375
73.7188,-3.65198
42.0687,13.062
45.837,5.02605
53.8473,-8.26056
61.3922,-10.6766
51.3592,5.90346
66.305,-9.4185
107.007,-3.58473
79.3483,-10.39
89.5232,7.38215
53.8459,9.10771
45.3201,3.43765
74.9747,3.54818
76.1197,-4.7684
44.7894,-6.56914
91.6295,0.767485
91.4046,-3.18457
51.2979,-8.92847
73.4108,-19.2271
42.8233,1.70985
54.138,1.47476
41.5383,-1.30248
80.8725,-3.22868
67.6236,3.80035
37.5892,2.07941
61.0072,-8.65947
48.8582,8.43755
76.7614,8.80875
80.7447,5.34926
46.0766,13.7809
51.3093,-10.8459
84.3765,1.273
74.3227,4.91194
51.7366,13.0376
39.3808,3.99379
57.9676,-4.56831
68.2984,-27.2803
52.9193,3.33597
52.8828,-3.29488
45.4685,-0.683844
36.4108,-5.71892
53.2851,-4.14243
60.6065,5.48327
33.3544,19.5107
52.9842,11.3279
97.5623,-18.6572
64.4866,-23.0325
66.5778,-3.35988
53.4836,-2.89191
89.0405,0.21864
60.4273,4.26918
46.5553,3.43817
77.9325,-7.26541
84.2797,6.57833
61.9757,1.936
81.9326,-0.889149
59.3545,6.80702
63.5673,5.48098
70.1692,21.7971
72.964,-2.75445
74.6321,-1.99659
84.2792,-4.9346
48.8493,4.64898
65.2124,-2.55178
68.5562,0.776764
57.7963,-7.77291
84.0849,-1.45008
57.9303,-2.14877
55.2219,-7.86933
74.9392,3.77839
41.009,10.9235
48.3164,-6.28615
53.786,7.63286
70.7973,7.20702
37.1103,-4.16733
68.3105,8.84544
112.358,6.10428
66.6625,-8.62455
63.7912,-4.19016
45.1281,-2.98013
86.3632,1.9959
43.6339,2.06949
42.439,-0.243888
104.225,6.93473
55.1113,-5.17702
48.1341,-9.95353
48.1494,-3.22289
40.7863,5.50304
96.4522,10.7302
51.9504,3.67623
36.1887,-8.9318
45.0263,-17.3784
39.0336,-0.557218
31.3093,-3.67468
59.3793,5.0352
58.5936,10.8079
67.1491,-14.9787
79.6483,-5.19143
80.275,14.2048
61.0494,13.0519
51.224,9.90131
31.946,3.55556
41.5781,4.69731
69.295,3.1399
119.665,-6.38386
43.2118,-12.8189
83.5671,0.086662
40.2895,-6.18576
99.4547,-6.4867
65.4949,-3.2866
92.8403,3.25147
72.7357,-1.54123
94.1997,9.04444
93.3571,-4.54099
71.0398,-2.20026
61.1947,-1.2295
46.5795,-9.77429
62.6516,4.42688
81.1966,3.67709
64.1976,2.03474
80.1209,-11.4543
58.174,-1.34447
63.5555,23.0227
85.5779,-22.1226
46.1251,4.17337
45.9886,-8.50725
58.4507,3.60411
53.0394,1.86267
30.0343,-27.0404
76.5091,8.40022
40.7494,1.87454
57.4049,-10.3901
55.1139,-9.21789
65.1945,-13.1156
67.2046,-6.28675
59.2429,7.68599
102.222,-6.51523
49.0951,4.49827
58.6906,-1.44909
48.5975,3.54481
62.2012,-12.2881
41.4742,-7.47084
58.7614,13.2223
75.8114,11.9934
64.2543,-0.805724
83.4529,6.20151
42.4785,1.50372
107.396,-1.64218
74.843,-3.79151
78.3032,-5.94593
47.9681,0.69144
61.3649,3.88266
57.2909,-0.0074664
45.8099,-0.144408
76.7444,4.18265
69.758,-0.683844
58.7929,-3.87023
69.4267,10.8447
52.9881,0.576251
103.691,7.71711
60.777,9.27396
42.4106,22.0269
53.233,-15.6171
52.8988,-0.0558469
51.9281,3.23097
127.882,-0.394597
50.6238,9.80856
58.2179,-0.851515
73.643,2.23806
49.3397,1.57498
44.5045,-4.92424
74.7507,1.82413
60.075,6.35347
116.173,-9.79453
83.1085,1.06208
50.3178,-11.0989
38.5404,11.0927
44.2378,3.91235
76.625,-5.58875
70.3878,-7.03684
40.2438,-1.51283
76.2135,8.78023
27.4435,-2.49253
52.0812,-2.39348
62.0126,9.45768
54.5554,-5.21146
34.4478,1.96336
58.5047,15.4527
78.1623,1.68309
62.8033,-4.87539
102.745,1.81705
45.1193,4.36482
93.5426,-9.49217
35.2725,-6.30496
64.8629,5.93769
74.6172,8.87707
42.0071,-9.51021
85.8963,6.17165
62.2287,-3.45133
89.6012,15.2546
66.7869,6.45002
50.1794,1.27166
83.028,-6.17381
62.6716,3.15846
115.349,-1.93246
54.4751,9.98668
67.9746,7.31025
67.5618,5.29333
35.7027,-9.5109
48.5503,1.05604
33.1017,-5.4295
47.5872,-1.37408
40.4749,6.60224
70.6645,-2.38955
63.3355,1.16454
75.9856,-6.33112
46.0657,10.5959
76.2586,4.90439
62.3609,-8.98126
54.7573,-10.3002
66.7426,30.4683
46.3843,3.34434
88.1831,-0.705165
61.9332,-19.3507
50.7476,-7.23628
61.2855,4.64371
49.9232,-9.59014
37.5825,12.9344
77.7435,-16.8973
35.4,-2.39654
74.6894,19.2833
116.508,-4.33271
73.8799,11.6765
61.7813,-8.04135
35.3416,6.80301
70.4522,-0.0935673
55.1525,-6.11006
53.6621,13.2898
55.7276,1.11159
79.1332,-1.45483
77.0793,3.26912
71.313,7.41137
41.3558,8.36409
128.127,0.115621
31.1876,-3.83971
83.8353,-9.42203
64.2569,-0.777887
30.9627,-2.59693
47.2278,2.4416
57.7447,0.876288
51.6599,-1.25617
58.919,-2.48299
124.79,-7.97152
66.878,0.357826
26.0587,-11.0132
34.9199,-5.50442
97.3486,-6.69732
57.61,2.61078
83.3446,-1.47869
64.023,-5.96393
48.526,13.8885
64.7541,7.50908
64.5702,-7.44344
50.3637,-2.32835
63.7787,2.645
100.709,0.626099
62.5336,0.359337
90.8798,-1.98507
55.7474,4.73711
63.3627,-16.3729
64.5037,-6.56473
71.3296,-5.23079
71.2055,-8.48213
62.4575,2.36637
43.8174,-17.2564
55.5606,2.29464
35.696,1.93958
81.9932,-0.175223
39.322,-0.0171339
67.9529,14.6072
43.9488,-7.55272
37.6108,14.3447
42.6012,-8.61532
89.8199,-0.333269
34.8317,-26.9169
64.5993,-0.634514
57.0531,-0.0287866
57.6323,0.42511
61.2933,7.29774
48.9269,10.2549
51.8318,1.6143
32.961,-10.0215
43.781,2.38023
64.9656,5.74166
50.2775,11.8409
74.6549,0.220367
72.2238,4.78609
52.1016,-8.77203
49.8754,-4.37419
56.0264,2.17376
54.9676,-1.44067
92.0669,3.90851
44.4774,-10.6634
71.4994,2.94582
102.228,7.88555
78.4,1.75547
72.9885,2.12365
20.907,-6.92278
58.0435,1.82141
63.7307,11.5455
82.5823,5.6263
52.4386,6.4782
61.2463,1.38288
57.3332,1.31655
53.469,-2.94146
45.3895,0.522389
87.7185,2.56141
73.7384,1.3752
48.2624,-17.5241
81.4636,2.17492
68.5081,-3.57809
44.5819,-5.90998
91.6229,9.8793
87.5492,3.95521
56.4672,-0.253167
49.2242,5.57813
85.0143,-11.4418
57.7005,-4.64117
41.4366,-1.90881
97.857,-1.82167
94.4468,-0.574438
43.6346,-3.90765
83.1886,1.21741
87.3363,-4.53068
41.6202,3.42915
47.9874,-4.38101
50.3772,3.99306
44.0195,-7.79699
45.2293,1.44481
53.3908,12.3589
107.935,-4.95726
31.9496,-7.65634
71.0301,0.153601
100.44,1.92758
24.8239,9.40866
70.5985,-3.30269
45.2804,-10.3231
29.3488,-0.616302
56.1829,-1.54529
46.1977,-9.60826
53.0493,-7.56277
133.519,-7.38189
53.9487,-1.68965
42.2903,3.51167
119.69,-3.32691
159.897,-3.53683
46.7295,7.09791
50.9703,3.58456
62.4597,-19.6888
56.9302,-0.486136
65.3107,2.97245
78.1515,9.29221
68.6535,-2.06629
46.9473,3.56877
69.6991,-6.40345
59.1957,-16.0285
50.0282,-5.73644
49.5063,6.01023
39.219,1.57688
42.2586,3.17469
112.606,7.53014
65.5775,0.200384
54.8108,-1.45867
61.1119,-4.4031
63.7449,1.26627
38.7434,3.08522
73.3714,3.26929
46.5041,12.96
56.7122,-0.165685
90.9436,-7.69389
71.0183,-7.23598
59.7911,-4.6791
68.5725,-4.12452
46.9716,12.3659
30.6879,7.16701
67.3213,-0.143804
133.144,-3.24495
73.5319,5.51853
75.5474,8.23703
77.1976,-0.402322
144.158,1.8783
43.8759,1.07913
93.3547,5.585
52.334,-8.80081
67.5152,10.9936
69.0234,-6.2858
66.7378,11.456
77.572,5.68702
80.2677,-3.56065
75.9285,-12.076
50.5269,-8.17622
77.4351,1.43609
53.2539,-0.689757
39.1995,1.79599
32.2315,6.06863
74.6973,15.3852
53.6504,0.507931
103.718,10.9216
83.3898,1.96181
38.1084,5.99634
115.22,12.8955
81.4996,-8.96995
49.1784,17.8035
83.0577,-20.1109
73.9425,6.89632
47.2759,1.23316
47.981,-6.55541
74.012,-11.4504
43.2823,1.87536
49.3072,-0.385879
59.0537,0.16616
68.9455,-9.34422
100.882,-12.8573
58.3047,13.4751
31.9624,5.38996
85.1337,3.1686
89.8767,20.8275
90.8303,5.69613
75.9012,4.19581
51.0903,0.0224855
89.6023,-6.59883
67.963,-19.7062
48.0471,-1.49993
61.4536,7.53834
63.2725,2.14406
88.5966,3.92935
75.8189,17.3168
79.1216,-7.45876
69.3674,-5.45535
42.5455,5.58124
41.0025,-11.2666
48.2429,-3.75387
59.6885,-0.798948
71.0235,5.03796
52.5694,0.382728
100.683,-13.4246
31.5421,-16.9987
80.9886,6.90871
75.7533,5.48836
148.889,-0.5138
58.1661,-0.137718
56.1844,5.14642
54.5603,9.54124
61.2659,-3.78577
39.9993,6.87336
79.5641,-9.79691
29.61,-3.7237
44.8926,-10.2953
62.2572,-0.55575
116.697,4.20734
65.3359,-2.03082
151.707,-8.01114
40.9655,2.65515
76.9192,6.94418
68.9037,7.42272
85.2166,-6.29258
63.3414,-1.26989
43.3908,-2.37419
53.8752,1.78866
122.836,-2.33154
92.9667,-4.78721
68.1581,6.34795
52.6095,0.0948189
83.7346,-3.94446
50.8167,5.21267
66.3759,2.30125
57.4125,5.51206
64.6797,9.15588
75.4893,-4.6608
54.188,-2.452
96.8097,-4.27048
61.2055,-2.67815
50.1368,0.471246
66.2873,-6.20661
49.8066,-0.448157
75.1845,-21.0382
57.7099,-11.9219
57.243,8.04882
51.7992,-4.33202
85.8583,0.0200686
26.162,-4.21472
94.3365,11.2435
53.7667,-3.25531
96.4594,5.86095
115.533,-7.44991
70.7328,-11.5636
55.4031,11.415
45.9425,1.20101
90.4388,1.38133
59.2392,-4.6668
73.6184,7.4405
51.7541,-14.3437
62.4848,2.85264
51.3763,-6.42494
85.2158,9.29014
72.9483,7.17573
74.2802,1.36277
53.8761,7.05022
46.1717,-5.9054
41.9563,-7.23718
54.0682,-2.22404
37.5032,-1.17542
56.724,9.83717
35.5991,-4.95462
55.8085,11.7115
50.7219,-1.81874
41.5252,-3.64054
68.5424,6.52529
64.0266,-8.42335
47.5837,-3.14469
58.2613,8.29564
64.4927,-2.35878
105.517,3.55599
79.9669,-3.29225
102.176,7.56441
70.0725,-0.379189
55.4777,5.88749
68.5879,-2.16892
48.357,6.1877
79.1075,6.62054
94.1483,0.430591
73.0281,-1.20438
47.8667,-2.15714
74.7578,-4.48558
45.9221,6.54255
63.1775,-3.96802
56.066,16.6655
36.0627,1.47468
46.0127,8.49193
95.7069,-6.33379
39.0665,-2.22952
51.9764,5.95413
38.3625,4.13906
97.4315,9.74326
102.421,1.25505
53.1168,16.6618
89.9152,-0.687254
59.3726,-1.48443
43.7233,15.0944
78.3818,-11.2587
78.3252,1.45262
46.5364,18.209
80.7057,-2.13561
39.5945,15.1108
93.4809,6.00821
74.6636,11.507
58.3375,-0.418334
89.0866,-1.20123
88.8025,5.47235
80.0565,-6.62498
57.505,2.7116
73.9612,-0.120239
55.806,18.4324
107.173,-2.23068
58.9169,-1.09924
77.513,-2.31273
59.1014,2.19257
64.1643,-11.3115
61.0145,17.1151
57.1765,-0.30992
56.7028,9.18881
59.1214,-1.4897
81.8883,2.06875
60.959,4.74341
71.5188,-8.48002
31.8925,6.45977
51.2211,-4.47954
82.9776,-14.5502
50.8445,3.0033
39.8909,9.73096
43.5821,1.01785
82.8833,-3.86198
92.1252,-5.82461
61.4746,-6.14649
45.8466,-9.41107
96.736,7.58646
70.5773,3.44689
58.0642,6.17847
83.282,4.11606
77.5226,4.32326
35.3647,4.38735
130.077,-3.3604
73.5537,9.9165
60.9708,-3.44676
61.0976,-8.29659
48.5874,-8.66646
84.5217,9.61702
71.4967,2.88453
49.2316,4.72394
74.3552,16.2716
55.9769,-3.97886
77.4152,-5.00119
67.5424,10.3569
56.7944,10.4306
33.0774,-9.51914
86.3641,3.73704
72.8257,12.3521
52.2243,2.8838
66.4523,14.602
60.6617,6.6053
131.68,-6.2073
52.9119,-7.23123
86.5303,21.6954
70.2469,3.42911
64.4014,-5.91589
36.4333,-20.966
45.2405,-14.5687
52.2224,9.93968
59.2493,-3.88775
58.7048,25.5319
56.696,-10.2749
34.8607,-11.0356
46.767,1.38422
47.4506,7.9985
73.8066,-8.83547
40.4899,5.33028
65.9045,-5.34508
52.2553,2.25606
75.5597,0.273236
61.6616,3.22488
60.7821,-4.90145
86.2907,9.92103
51.1424,5.60675
63.9606,9.33075
55.2465,-0.351352
81.6961,-2.8122
112.648,4.93598
34.8059,-5.31137
67.8623,3.17287
90.2039,3.37205
44.5508,14.339
63.489,-1.26074
52.5153,-3.11755
59.6386,-16.3183
49.6953,2.55817
56.066,-4.71207
42.5075,3.47313
122.516,1.24469
45.8632,-10.7926
46.8526,0.998426
49.2458,-1.94459
80.7942,-5.28988
63.41,-5.50895
95.5597,-5.82267
79.7562,2.75182
43.6104,9.05519
42.118,-1.17309
56.2017,9.14263
65.0188,-11.5516
47.392,0.927042
112.953,-3.47783
58.2697,2.54181
40.1039,1.79068
156.723,-0.966402
40.0531,11.5661
47.5345,-1.87247
49.4785,3.85383
149.539,19.2107
94.4793,0.507542
53.3589,1.81744
49.4373,9.33244
128.408,10.9132
83.435,4.52796
51.7538,5.36968
52.4996,2.03876
39.0002,17.0028
53.0408,-1.27024
84.7895,0.866965
51.3456,-4.65687
84.4927,-0.0805767
53.772,-10.775
71.7843,-2.49792
49.3271,-4.23733
42.7036,-4.05248
71.0726,2.37829
116.248,-9.79755
99.8758,1.88339
78.0641,9.93678
76.5664,-11.6134
155.571,0.420708
61.199,-13.2428
72.6006,-21.5772
70.6155,-4.29421
56.1915,17.9978
53.692,-10.2099
31.4188,-0.826353
56.9731,-0.0878704
30.1027,13.6186
64.9977,-11.8081
62.4825,3.69285
51.0563,8.02245
57.4725,-16.3994
34.3204,-2.73974
61.5787,2.19598
58.5381,-0.904384
41.2794,1.11586
60.1944,7.12696
38.0542,12.0943
36.1534,-2.95044
61.7951,9.7891
62.702,10.3359
91.1452,-2.17285
29.5622,-6.46461
58.3412,-8.75317
70.7628,5.19204
56.5945,21.8541
39.1436,1.55141
48.9513,-2.03397
49.9011,-8.78592
41.9525,-1.54175
49.6894,18.2124
65.9801,2.93507
41.1067,4.05922
33.5252,-16.7795
48.3118,-5.45263
40.0811,-2.26581
81.2899,11.1371
100.217,-1.38137
98.3906,5.28807
41.6715,-7.77977
71.3684,12.9866
69.0792,4.49814
75.8622,-1.32017
67.5582,2.01019
77.6188,16.9637
38.3916,-9.03335
72.188,-12.7407
70.7055,-0.792819
41.3897,11.6201
124.625,-5.02743
70.5755,2.94431
88.8119,-8.33056
52.2236,6.08356
45.2293,5.40766
42.9244,-16.0718
69.1612,24.5709
45.8003,-1.46833
79.2585,-0.748841
60.8079,12.6559
64.6013,-1.84675
63.4046,-7.48504
100.628,-0.450401
44.9931,4.59356
53.0927,4.32598
71.2038,-4.35913
59.2671,-3.45504
60.3286,-1.68844
45.5112,-13.6254
51.6385,-8.22266
57.0022,-8.0865
54.5731,-1.32876
56.23,16.9021
57.9686,-6.41942
70.908,3.66203
44.2672,1.2828
56.0213,2.05205
76.6384,-14.6336
57.4017,-2.24682
49.1123,-11.4057
154.638,-1.46846
132.326,11.8572
77.8729,-6.03186
99.9227,8.05663
58.0019,5.12614
52.1306,8.18222
74.0357,1.9669
49.2847,-1.7392
81.4951,2.60055
96.1372,-5.49881
55.9253,6.82399
116.831,-2.11536
69.7347,-0.352518
108.123,-2.86744
98.8232,-0.151227
59.6656,8.03406
75.4483,12.6248
52.2378,-2.63262
97.6112,4.73154
58.2828,-8.68839
55.399,-11.0644
35.4235,3.85581
82.9185,1.3774
87.7797,1.74576
94.9975,-1.81446
72.4109,7.26084
74.913,4.16638
51.131,7.99271
80.2082,17.2767
52.1481,-3.73441
51.1712,-1.53234
42.4031,18.1404
67.2752,-11.9772
53.824,-3.97925
126.028,13.1569
48.9353,2.27781
125.496,9.64641
51.6834,-12.231
88.5739,1.54757
68.451,-15.9827
23.6078,-2.59231
54.9308,-3.77903
58.2719,-12.5695
45.7886,-6.87578
76.9807,-11.6016
62.4929,4.64596
67.5204,-5.69358
95.3688,-11.3054
38.252,0.675687
79.6673,-3.06658
48.5449,6.38494
64.7385,-0.802314
46.2346,-7.98318
55.0576,14.354
41.2254,-0.948837
67.2327,-5.42984
59.9526,6.97936
78.0574,-8.61329
72.4264,-0.958634
31.0166,7.30805
94.7181,1.08871
56.9805,-5.73894
117.678,11.7322
62.4275,-3.33278
67.0698,-5.43174
148.812,2.37138
50.1101,-0.30418
41.0136,11.2774
53.2164,4.38351
98.2504,-0.425455
29.4722,-7.36925
53.2472,6.03345
38.518,-0.44
70.7621,-12.7979
79.0257,-0.524288
39.801,-4.92182
79.5245,-1.9398
45.2108,10.5916
82.0789,-1.48025
57.3195,2.40867
99.798,0.985651
116.734,0.0500637
37.0065,-7.97614
53.3748,-10.9647
48.2518,-8.93801
55.7634,-2.91621
72.5905,-2.99208
65.2997,-3.46864
41.2966,-6.81691
57.6152,-5.21711
69.8577,3.72992
46.6923,-3.20378
69.3552,1.56
50.7136,-2.31627
94.2743,2.99096
49.1216,7.83363
44.0276,3.06049
88.7895,7.5074
65.4603,6.88799
76.5326,3.71736
43.665,5.87739
43.9008,6.50673
100.166,6.50289
65.117,-11.4331
61.7265,-7.55789
51.433,6.01343
50.365,-5.43247
71.3879,-0.326062
49.0718,-1.77377
65.4537,-11.9109
50.773,7.74114
43.1592,-8.12897
46.3057,-1.79798
65.2509,11.8887
101.65,-1.29769
45.0573,8.59171
104.058,-3.48689
55.3898,-4.83676
49.4663,6.84509
106.291,3.89569
60.3824,3.35863
70.4352,10.4987
67.5829,6.73236
52.664,3.49121
92.0693,-9.18777
55.3521,13.6105
50.173,8.47294
93.3427,-7.38643
67.2915,12.4979
58.438,-10.0739
38.5108,-8.58429
44.6307,17.0107
51.2462,0.268704
106.63,-3.71045
49.9627,0.708056
22.922,33.3358
47.4287,20.9464
59.4906,4.88005
44.4987,3.61469
64.5847,-8.38675
63.8948,-12.3188
77.4361,-4.84319
53.4547,-4.54781
40.4994,-5.26308
42.7923,0.0316351
41.5242,-10.0669
109.84,-7.20119
49.322,-2.04083
95.7871,-2.25679
53.2581,-6.50246
70.8055,0.0288298
101.888,-16.7991
48.5922,-3.81399
77.5212,-3.37857
77.8681,-14.4737
50.7607,3.22669
45.1549,-0.0113075
88.8259,-0.0585228
50.1581,9.02731
55.2413,-8.60466
53.2975,-1.81839
63.08,2.49965
65.0484,-0.0160118
58.8907,10.1488
51.279,-6.6227
46.5711,10.1972
39.9805,-6.89882
76.4466,3.373
85.7492,-5.13973
48.5931,-3.96569
36.914,24.3043
60.0986,0.0550269
60.7461,9.87697
41.8568,-4.47928
46.6227,-3.84511
96.2839,-3.14806
58.2249,2.08977
81.9434,-3.16679
65.8879,-6.21282
66.4731,-4.23172
63.7083,1.97752
55.6259,9.36424
67.9792,-0.97197
51.9639,3.96595
47.4346,5.72923
32.8708,6.55135
59.0688,0.828382
58.4953,15.9927
62.9928,-4.32283
48.6935,0.51721
55.3735,-1.03019
45.7624,6.97353
48.1836,12.4921
89.5458,-0.72683
66.353,11.9664
75.3032,5.25475
68.1688,4.73374
41.1408,-6.48675
46.9406,-14.5909
113.738,-7.9947
57.3909,-1.39263
71.4736,-1.06113
45.8542,4.58502
44.6565,-5.18854
62.7047,-17.4196
55.5867,-18.7393
98.9736,3.67321
62.5089,-6.26828
77.2511,3.0519
42.1569,16.5516
64.5302,-22.7041
51.177,1.87622
25.7958,-1.07214
49.1294,23.8133
110.767,5.14953
68.8687,3.49389
27.7364,-6.48916
78.6821,7.49393
58.4709,-2.89101
63.2764,0.920568
90.8056,-7.66393
63.0298,-6.53491
52.2917,-1.08289
51.214,-9.11699
64.9479,0.10781
51.0995,-19.8665
121.107,3.43705
100.922,-7.88866
98.9422,-18.1598
80.3809,-10.5075
68.5723,0.625537
161.868,-4.4684
49.515,-2.35045
68.3062,-14.3528
66.3469,-1.30848
86.653,18.5496
42.713,5.49233
41.1583,-1.08966
59.1705,-3.26718
73.7703,-4.11718
44.8304,7.24741
126.103,12.4791
71.3697,-8.94513
36.8917,7.84313
24.0416,9.71253
53.7894,-2.15956
28.7696,-2.74371
58.7642,0.181783
78.276,-5.32531
45.4043,-7.62233
45.0044,2.67232
41.5747,-7.47214
89.538,-5.14521
56.8102,-2.92169
80.326,2.73857
52.3181,-4.5782
69.943,-3.14465
55.8636,-6.68018
86.2438,-4.49753
32.8704,-12.261
114.135,0.632313
590.235,5.91403
113.794,10.0591
50.954,9.47779
89.5522,5.63126
63.9437,-9.5569
81.959,-1.10477
51.325,-12.5887
72.731,1.55892
45.8457,1.50912
64.7244,9.05061
38.001,-1.05816
52.0439,-4.93563
71.4107,-7.9701
106.804,0.360459
53.6195,-7.74119
63.1673,2.21001
64.6319,-1.32198
64.9638,-3.8401
63.6256,-9.39761
67.3479,1.03002
68.398,-6.17825
40.6615,8.68679
51.0054,5.41107
80.8013,-0.143286
37.3091,4.15438
66.6518,-2.70612
43.1114,7.46174
67.3065,4.07868
58.7332,3.43623
71.305,-2.76576
49.3885,15.1327
61.4473,13.6468
65.3354,0.180575
42.9178,2.87176
47.6949,2.06129
55.6511,15.2632
90.3677,2.77422
41.9784,8.38174
51.4059,1.55474
50.7697,11.9637
52.7357,1.63717
77.3113,-7.54365
91.0071,-1.39276
60.9492,7.31379
67.2119,13.2244
69.3463,4.24048
71.0635,8.73021
61.4744,-9.95413
101.074,0.264475
41.0875,-72.3092
55.5197,9.06762
67.2059,1.96327
56.1498,-8.90543
83.2258,20.5301
64.5198,4.71889
49.4572,-19.6451
47.5307,1.15733
71.2655,-5.28293
72.0518,1.43536
42.3177,1.82059
68.2409,12.231
61.9278,-1.65564
29.9604,6.92588
64.4021,12.9592
52.3322,-9.06701
77.6746,-0.862822
57.4394,-1.2017
66.3684,2.21873
58.704,-0.555232
92.0714,8.52451
48.0582,-2.00285
57.6486,-5.11621
66.6341,-0.911721
67.3637,-0.311172
69.7491,1.47235
47.3961,-0.604088
33.9809,0.0132065
53.4404,-15.187
55.5184,2.25524
57.821,-8.74268
59.2738,8.0799
36.292,-17.2615
80.2215,-5.77386
57.3319,-14.979
78.6207,-5.73894
46.3495,-3.51193
47.4334,5.28975
73.5065,6.68925
51.0774,0.616949
52.8067,-5.25928
57.68,6.70103
51.1477,-6.22452
49.4589,-10.7517
104.573,1.42146
51.4682,13.2658
54.9139,4.02784
68.4865,-10.5151
41.8988,-5.78275
50.3915,-19.8886
57.6089,2.19896
68.9703,-6.9368
52.7477,12.4368
53.6234,3.86751
71.1694,-8.89464
47.4287,-10.9454
59.1504,6.66551
30.9778,0.243715
69.5315,-6.83374
32.7676,8.59257
63.0947,-2.50301
55.7709,-0.981033
61.2581,-10.7717
66.8204,0.755013
46.1122,-5.29791
51.662,-2.58424
95.1767,-6.05365
68.2283,-8.77643
31.7904,-0.356445
46.91,0.128482
44.3692,1.16005
65.8225,-7.98577
56.2233,-5.36385
77.3004,4.02435
53.9696,0.823203
46.6401,-1.35176
80.695,8.33885
70.0743,-10.609
38.2247,6.10971
60.579,-0.833043
108.034,-12.3632
57.4317,-1.1093
43.5829,-2.93179
82.1385,-8.17933
72.5374,0.815089
75.8994,-1.17736
37.7291,3.59324
47.7934,-5.07098
61.2427,-15.5079
65.2857,8.62969
50.5474,13.3381
45.8226,13.0783
69.7558,-6.59154
41.8293,-8.52499
108.712,14.5644
76.1158,5.74576
75.0353,-11.1766
66.5444,0.49576
66.3802,23.1366
62.1632,7.27624
75.0016,-7.04819
69.2503,2.48722
44.8011,-5.10123
66.2307,1.95861
51.8479,0.496839
87.7905,2.1492
60.1987,-2.4413
120.1,-21.8599
41.1366,5.90217
54.3516,-4.20803
60.9727,10.5701
58.2001,-0.675774
59.0782,5.34568
54.1216,-2.57405
34.2739,14.0697
78.1479,7.35371
41.3376,0.0429857
91.0074,0.554887
84.9373,-6.19305
63.1845,-4.68061
59.5961,6.79848
73.216,5.81671
47.2669,30.5712
134.109,-20.2227
157.406,-0.331499
71.1709,4.06241
100.22,15.6742
52.3619,7.17754
42.8805,-2.64431
57.3254,-9.59588
67.6179,-0.724672
45.2255,-7.2071
80.099,-2.14152
44.3832,-8.31174
66.3545,-3.38923
67.7658,-0.467362
80.4897,2.08576
43.0111,-5.60567
57.4225,-10.4709
57.8708,-10.4923
57.2453,-12.0905
71.1765,-0.943183
68.1257,4.32684
50.1833,5.5733
40.6513,-2.94776
136.026,5.74088
48.8226,10.2751
54.0834,15.117
50.5593,6.57941
88.1576,-11.669
56.7179,6.18127
63.1753,2.3864
60.5265,3.32548
51.9479,-6.78255
42.8031,-23.5423
64.3367,-11.3654
76.6849,-9.04405
51.1296,-7.9332
77.9738,14.6828
34.173,-9.79544
64.4211,0.728988
38.6016,-4.02482
45.8158,8.57682
62.2477,-0.905376
82.3118,-2.29974
55.1099,4.90499
51.6493,-7.69311
47.2994,2.08865
49.5618,14.5922
51.1692,10.4335
51.5298,4.7037
77.4073,16.737
81.7356,-4.17691
74.5418,-0.233444
45.4523,8.62745
42.7247,-6.56305
58.9209,5.51184
45.163,13.5511
81.7242,4.12495
64.0521,-11.9293
77.1081,-2.14592
58.8623,1.32923
63.1397,4.56547
57.833,-0.572971
51.6422,17.5282
73.2933,-7.50843
36.4753,-4.38265
45.6821,-3.56984
44.6782,6.38092
45.5024,1.0118
39.4305,10.5504
78.0697,1.2758
80.2407,-4.786
45.3489,-8.21636
87.836,2.80775
66.1555,-7.88844
72.5614,0.558038
75.3111,-7.84386
58.8161,6.67725
48.0893,7.49868
45.0888,8.56694
72.2948,3.05415
43.5598,2.76434
39.6601,9.23175
63.3037,-3.52742
53.9422,-6.79503
53.5579,-0.880086
35.435,-6.94263
133.575,0.560714
60.3973,-2.6447
76.9611,8.43043
36.9447,5.80394
44.0082,5.05074
45.8284,1.55133
42.2348,10.872
53.532,-4.5495
62.1526,0.0232624
56.7851,-4.32602
61.9159,8.82028
78.8191,9.5926
55.8382,-12.1573
86.4401,-12.712
56.5675,1.44352
68.427,-3.3506
63.251,12.4845
36.4823,6.25615
116.666,8.7157
60.4592,3.80169
67.7254,2.33655
32.6091,1.10546
66.9213,11.8318
69.903,4.00402
62.5623,0.669127
66.7244,12.9302
39.6195,2.61259
71.7326,-5.07879
75.9567,2.89049
90.2167,27.6343
58.4096,5.70597
39.1989,0.928509
38.9877,-0.886646
41.368,-9.84171
49.9331,0.055588
30.1843,-0.808702
83.5167,-0.0868346
90.182,7.09049
32.2243,6.93145
68.4947,4.49917
128.519,-17.2479
31.5862,-5.34827
71.3259,-4.16673
84.9062,4.39732
49.587,-0.563001
48.3252,-5.70942
49.8996,1.94692
67.9464,-12.3369
36.2827,7.64559
55.4223,3.39907
39.8663,-0.946247
63.8138,-1.74783
62.4037,5.67494
59.7979,-13.3256
45.5913,-11.5273
63.2133,14.2172
91.2888,0.789453
36.8437,2.26849
89.1799,-5.06442
73.8051,-13.782
67.8334,10.3136
56.7071,-7.59605
49.1602,-11.0419
74.2299,1.76436
52.5962,4.62192
52.4022,1.35552
60.5458,-11.0006
71.7196,8.30423
114.209,-0.305648
82.264,-2.55109
58.9786,2.92674
48.2545,-3.75612
54.8827,0.022356
73.9111,-7.53783
26.1256,-8.60742
44.3539,-15.0917
56.7845,-3.35224
68.5942,-2.37242
44.0729,0.835158
81.1754,-3.93017
49.6748,1.00166
47.7413,-10.808
60.9268,0.272243
88.602,2.05917
45.7637,-9.52475
67.6275,10.3805
62.4796,-0.122958
59.1589,-15.5396
46.74,-0.272329
56.731,12.0882
73.9988,5.01064
103.014,16.2411
44.5976,0.50888
54.8806,6.82299
55.2278,4.40846
54.6285,-13.7137
79.2324,1.3367
80.9978,-1.70622
82.8433,-10.576
51.1492,5.65284
51.0643,8.50108
63.3219,24.3927
46.5098,-1.60256
59.2621,-17.5524
70.2623,-0.470038
86.0511,-0.952333
63.3886,12.3342
70.4396,-2.79934
56.674,-5.58681
76.3043,1.43717
35.3613,-2.79468
66.7823,24.8118
72.5717,-2.37699
94.3003,-5.32678
67.72,-2.53698
63.8735,-3.20205
62.8306,0.87413
57.1551,-0.601067
49.3139,2.43184
66.4122,-2.94642
133.297,1.2134
91.7489,0.326277
58.8561,-5.37965
97.1875,19.2629
59.2855,4.61877
60.4182,-5.29225
74.0271,8.29607
54.0935,13.9512
56.7573,2.15533
73.2037,4.37764
48.8003,-1.68387
75.0161,-11.8648
56.34,-6.75493
74.9825,-0.556786
54.9617,-5.86423
76.3132,0.458989
83.0895,16.136
26.2024,-0.242118
51.7142,-2.62412
67.3299,3.25768
112.107,-0.861268
23.2687,11.0975
99.8349,6.1675
47.5758,1.08694
55.5106,-3.44046
82.4087,-8.35935
69.3197,-9.03249
139.377,0.562483
37.9252,-8.80414
35.669,0.465463
73.1992,-13.7621
50.3132,-3.54019
63.6546,6.347
65.2069,-21.7635
40.0248,12.4522
77.3269,10.1696
72.5408,2.88859
77.9011,10.9706
40.9107,9.92578
53.5249,-5.3033
57.6548,4.02016
43.8726,-0.625753
70.9965,-4.04407
55.9036,-6.0751
63.8072,-2.86049
102.128,3.35742
83.1284,25.2901
68.1598,-0.492264
92.6465,-3.20537
58.9244,-7.31875
111.534,2.00919
49.3819,-5.35837
60.2486,0.539091
64.1059,-11.3448
137.89,-21.2848
61.6492,-0.0565375
36.3672,-10.4391
49.8899,6.60371
57.7869,3.35353
60.1931,5.3049
68.099,2.93477
68.6396,5.08518
43.4567,-4.01446
44.0882,7.32808
51.3343,3.62371
41.5337,-9.58647
74.504,1.17171
95.3013,-0.758422
125.064,-11.375
86.0244,-2.44717
50.4381,0.546946
80.1916,11.162
81.1049,-0.220323
75.6595,2.21726
72.7281,-10.7925
36.7259,4.33392
120.843,-1.13658
47.88,7.29169
59.3108,-0.566367
98.6054,-3.45314
56.5328,1.50014
58.3194,15.2148
62.6414,9.78689
99.7291,-3.85991
38.909,-9.04854
66.5197,1.73902
47.3562,-8.37359
75.9311,-1.78313
83.6186,8.56586
94.512,-2.64669
52.2045,8.29612
85.6018,-9.89729
83.2098,4.22171
94.6642,-3.66216
73.4225,8.70996
59.0416,6.10216
44.6131,-1.29635
41.1856,6.365
73.913,-8.7618
53.6271,10.6046
36.0979,4.33042
45.0848,-4.23392
48.3293,-5.53528
66.5269,-17.0919
67.9602,1.27162
54.2635,-16.8309
86.5907,1.27378
75.6877,2.19249
51.5546,9.5055
47.2702,-1.02415
35.099,0.966014
49.6173,-0.649404
65.6255,-15.6492
70.4757,7.63959
69.6735,-11.7828
97.5458,-1.83673
27.854,9.34633
65.7731,8.61989
68.2984,-2.12572
45.3268,-3.71572
43.513,10.2894
87.6199,6.16923
33.8772,-9.28121
101.605,5.81874
48.119,18.1714
37.4923,-0.255066
79.0676,-7.1456
104.999,11.4026
36.6084,2.7901
64.3214,3.86803
64.5041,1.14046
47.6519,-18.0476
75.8237,2.81626
81.8309,10.5645
39.0423,4.65269
40.0601,1.26704
79.4475,10.8502
46.994,9.81637
59.9903,-7.83191
69.7347,4.21761
83.4323,-0.201722
48.0664,2.34488
42.8624,7.97355
120.757,9.77753
46.2487,9.60826
59.5692,-4.10548
54.3108,-6.72969
94.0931,30.4172
108.025,6.23708
83.7674,7.11876
47.1804,4.69546
84.5181,0.325716
46.1496,-0.188602
38.902,-18.3927
61.4113,-10.2448
35.2034,-1.24003
47.3977,-6.84695
85.6822,-5.80208
64.5897,-1.09665
24.2605,14.285
30.4299,-4.48152
91.7746,-3.00162
64.1036,7.74196
61.4602,-9.6607
48.8588,-1.23947
86.984,25.7165
26.2556,-12.3642
73.1188,16.4747
63.622,0.983622
44.0322,1.51115
40.5627,-25.6277
51.4604,-2.5589
64.6357,-0.210699
57.6369,-4.55196
78.9369,4.31847
46.1016,-8.69706
104.776,1.90691
54.7329,8.82697
119.448,40.8396
49.3591,10.5591
52.9189,5.91788
126.242,6.62537
40.3189,16.5007
35.6967,-0.141301
102.805,-5.38358
55.3764,26.0451
70.1083,-4.68993
37.3976,7.03671
43.7406,-13.605
72.8861,2.39214
56.9526,16.087
53.7634,-10.1701
63.1355,4.03026
73.4722,9.11703
72.7088,-4.27134
49.7163,-5.48694
48.8454,-9.79734
60.4877,11.2555
64.7411,15.9002
46.5354,-3.67705
40.1588,-3.5771
65.3074,11.548
40.0779,2.95777
58.037,3.18884
107.965,-6.09349
83.07,-4.07389
53.0379,2.40582
93.1399,3.97212
77.0617,-13.5037
51.4448,-7.174
61.6147,9.62315
86.9168,1.26048
88.6856,-7.29657
57.9032,2.76416
128.508,10.951
72.5597,0.276429
38.6526,-6.34419
47.1994,16.7731
48.72,-8.57242
48.1746,-8.95484
67.4419,7.55561
137.691,5.09912
43.6975,-6.66508
65.0785,7.75931
76.6339,-9.0299
61.1617,-4.31502
83.558,-0.990571
59.5339,7.40425
50.7465,10.4311
40.0149,-13.9525
60.0664,3.55962
65.8155,2.32973
55.3139,-1.90807
43.6315,-18.5185
63.8164,35.398
64.7158,1.45293
64.3934,1.81231
85.3186,-5.15233
37.366,-18.8032
60.444,-4.45407
45.4449,5.7405
36.6321,8.01201
56.9567,4.11027
43.3584,-4.74587
47.5347,0.747935
82.6851,-12.1432
48.6278,0.373061
69.1546,2.97262
46.3604,4.49732
112.302,0.94314
122.363,1.53519
63.6477,27.3384
90.4147,-1.03675
59.0372,6.74703
65.6511,0.815736
48.3768,3.21288
48.0828,8.2587
53.8187,-0.732052
91.6782,2.58251
61.1696,-3.20153
52.5385,0.858808
60.0346,8.63098
73.316,0.896011
55.5147,-2.21722
44.6084,-1.06088
53.6355,-9.67296
49.561,8.46098
59.5934,7.52906
53.2241,-3.25574
33.6883,-32.3825
86.4458,0.258217
68.9182,-7.43929
57.7664,-6.24225
73.9,-9.48927
49.0136,3.96384
71.1763,1.85918
47.264,-1.79526
154.611,-4.36556
50.7783,9.97148
64.2065,-1.43161
30.6547,13.346
205.629,-0.540429
66.0451,6.70431
104.307,-11.49
105.608,7.6891
45.2969,-12.3395
72.0531,-3.18332
78.5955,-0.180747
40.6535,-3.75171
98.305,1.62029
66.8184,-7.06861
81.5889,-2.39296
66.2011,-1.77519
64.0592,-4.23215
89.3749,3.17525
56.1232,-0.168145
60.1414,-3.23701
45.7674,5.15855
76.179,2.57483
45.6574,-0.523295
56.0204,2.46931
46.6523,-5.21008
77.1883,9.43041
43.5157,0.730412
61.417,1.10654
90.3005,12.5619
51.0577,-5.23546
79.6916,6.93154
95.3082,4.84319
56.6409,-3.04901
43.0707,-10.8862
46.165,7.27529
81.1614,2.99679
45.9636,-3.66466
63.0414,-10.9245
55.9818,19.2148
40.9397,8.57376
73.2495,-9.85129
57.9552,-3.36678
54.7227,-26.9155
75.108,-4.60133
33.9531,4.89429
58.2397,-1.7322
77.1625,-3.04469
92.7319,3.77161
52.0377,2.00061
57.4377,12.9916
39.227,-1.52056
74.4246,-6.97802
83.5306,-15.8409
40.3816,-3.33234
90.1391,-6.70129
66.1772,-0.166548
71.186,0.224769
54.4972,7.87925
37.606,6.22685
36.7056,0.346389
76.3862,4.85851
61.5051,-6.65575
94.3314,0.0714703
67.2643,4.25982
61.0233,4.52265
58.2513,-11.6417
62.5486,-3.31241
83.1802,2.06668
95.0886,-0.354028
59.6911,14.5302
114.004,-0.15386
71.9422,1.35591
45.1657,7.53437
59.9361,5.25747
60.4851,9.75418
42.6269,-0.483935
51.3491,-1.28236
65.401,1.71913
61.4973,3.04595
68.5981,0.838308
40.8851,17.8632
126.383,-18.9776
57.571,1.88317
26.4238,1.27688
62.5126,1.26355
71.2058,-2.36206
54.46,-1.42418
52.1088,1.16523
86.7088,10.4373
44.7226,1.24555
104.305,-7.31392
61.2212,-2.01847
65.8892,9.89621
57.9872,6.71143
41.19,-5.90657
57.6558,8.91212
58.8575,-8.36534
64.1971,0.106256
61.2995,-2.60318
71.53,4.4107
50.1352,-2.52921
58.0444,9.86104
28.8145,0.623336
57.3106,6.11148
56.5428,-16.2208
66.6473,10.2588
59.5599,-4.7936
60.5238,-1.63687
78.8062,-16.8617
52.2605,2.38075
50.4689,-7.49829
37.2679,-0.981335
79.465,3.63687
40.9545,-9.56528
75.4344,-1.2266
48.7719,-1.89167
76.2486,-0.619409
60.2523,1.28301
61.439,-2.53987
74.6248,-3.04072
44.0894,-0.70538
64.9548,-2.74824
61.8191,6.82377
98.7652,9.77693
50.4035,-3.95335
62.2634,13.4219
105.801,3.56376
75.7151,-11.5921
58.9804,0.143502
55.0696,-1.43234
56.3893,-10.6416
96.6435,-5.30606
58.1124,7.78055
172.785,5.41836
67.8128,-11.7172
45.8708,-7.80826
47.9395,-0.382426
84.943,-5.13248
59.6686,-4.99321
75.5768,1.92396
67.3741,3.99094
70.851,-12.2511
53.7948,-6.35244
66.0813,1.23252
57.127,0.684319
116.212,-15.809
56.0496,9.76186
63.0533,14.2171
69.454,-3.01513
45.9694,-1.54826
100.225,-11.4194
66.4146,-8.9684
55.8867,-13.3863
47.9395,0.941975
62.7256,-6.87634
63.464,-0.568784
44.5513,-10.323
30.6695,-0.369004
54.7295,-5.67921
57.8857,0.786777
62.1845,5.84593
86.6925,-5.77718
55.157,-7.55362
59.7847,1.08561
42.1883,3.03705
37.9903,-17.6723
82.5672,17.848
71.1632,-4.60414
49.0137,3.3733
49.6432,7.76531
87.2934,1.4648
69.2672,1.44537
67.9487,-9.44089
121.718,-21.6558
53.044,7.43692
74.1859,-0.774304
109.081,4.78795
38.2015,-5.82124
36.9711,-8.52028
47.5236,2.97706
29.7706,23.3019
56.7542,1.40265
97.3232,7.31314
51.8927,8.371
68.9646,9.25924
38.5785,-4.8078
83.3522,5.35967
73.681,0.629551
41.1458,-2.4296
52.2542,-16.5748
60.2276,-0.868174
37.1352,10.7483
27.8939,11.1163
39.5473,9.63701
68.1426,-7.66074
137.613,-8.57423
47.233,15.0126
87.4966,-13.1925
50.4057,-8.33647
51.0407,2.01325
92.3765,5.64123
39.209,-8.33276
134.604,-38.6869
49.3266,6.57289
51.3212,5.3639
46.2063,-4.54022
47.5039,5.61465
36.2147,1.85546
108.792,3.91856
42.4033,-1.71805
50.9175,2.74833
56.0466,14.9982
50.1705,0.377506
80.8044,-7.14953
48.4261,-5.86004
76.752,0.219288
40.184,-7.80109
78.5254,-4.64725
69.7725,-10.0838
95.9217,-7.56381
73.024,-12.1735
56.3173,7.85379
81.8082,0.542069
57.8615,6.20406
108.205,2.53417
34.7734,-0.929977
63.912,-3.04853
76.2108,8.0991
46.9456,-15.9068
53.8005,-1.27347
71.7456,-4.80996
54.8292,2.82187
71.157,-1.11603
58.5142,8.7293
82.3736,-11.7964
88.9574,7.1923
53.5166,-8.84738
51.4472,-6.00268
66.4363,-1.28461
46.9605,4.30272
97.7051,-3.7237
63.1535,6.6173
47.9367,-12.1573
56.1856,-8.87832
80.4974,-11.3663
68.8157,3.55651
78.5777,6.78398
68.5333,0.37565
66.865,-9.9266
59.5792,-1.71637
93.7652,-8.74932
49.0244,-14.0027
71.4081,-1.05419
53.5154,-4.13384
73.3242,-8.16608
76.0438,-7.9442
32.205,5.78244
56.3888,-9.6096
58.4868,-8.21248
78.8463,2.00251
47.9307,1.07922
61.9842,-3.78771
51.3962,-6.37095
57.851,2.40815
117.149,3.09247
48.6707,12.7299
60.3829,-2.37013
48.2899,2.62511
36.9053,-18.9369
70.6328,-33.1929
38.8218,0.105306
35.7799,-17.7242
91.0212,-6.81523
66.3168,-1.45163
55.9742,12.8896
42.5857,3.26778
42.3547,10.7269
61.668,-7.61767
51.8136,16.1478
32.9356,-2.59908
113.137,-4.92049
62.7058,0.907707
66.0618,1.81209
35.4315,3.48318
94.042,-3.36381
64.0435,-12.9192
40.6516,-17.3354
42.5002,2.90905
76.4728,0.786346
62.084,6.36293
34.1716,-6.19392
90.9237,-11.3819
55.113,-5.15371
69.1977,10.3286
34.0107,6.45425
45.3905,13.8625
40.6696,-2.72757
90.2873,6.95618
47.5453,-1.39414
64.1841,8.13026
62.9169,-11.1078
52.4542,4.44773
75.6543,10.3669
45.9192,11.1292
57.5998,3.11198
69.0432,5.1513
52.2365,-1.60627
85.7491,-0.374787
44.2803,2.66339
61.6547,5.09826
83.9962,-4.09551
58.1781,-18.4622
79.5108,-9.07288
44.246,7.72358
105.764,9.42752
71.8798,5.45906
47.1949,-7.05954
56.7885,0.174532
60.5575,4.78786
58.2863,28.1839
84.389,-22.7326
87.3086,-7.27093
56.5069,-1.43622
62.1551,-3.21875
45.6329,10.4057
59.0403,-3.3389
101.131,-10.4872
43.5607,-8.99218
76.8086,2.33193
80.3017,14.6249
55.9157,1.09031
50.4814,3.14642
164.158,-11.0775
43.9704,-0.179711
55.7221,5.49056
55.8548,1.96353
65.7281,-6.8961
93.1895,3.6846
64.0929,-4.86149
66.1014,-2.44609
30.179,-4.06936
58.8359,3.20714
81.152,-20.8553
51.1716,-5.33049
60.1472,-7.52984
43.9195,-0.0358646
43.9392,-4.57203
61.1562,-3.46173
53.1797,4.5047
76.761,28.5899
68.5828,7.49285
73.4097,-2.71906
75.6611,10.6554
39.6058,7.52647
114.246,-7.35747
98.2289,-2.13116
79.0856,0.512721
46.1894,2.26025
63.2825,-3.78818
68.0174,-5.15781
112.313,6.77353
69.4115,-3.08367
73.2855,-2.23591
60.5577,-11.1735
55.4365,-14.8738
54.7385,-5.46243
39.2482,-11.8246
60.996,0.609914
55.8954,11.06
81.1478,-6.39193
69.0275,-0.700331
73.0738,-2.96278
47.5206,-5.04465
50.5007,2.79036
53.6631,0.555707
62.1005,-1.86833
60.5585,5.60135
40.2431,8.54462
71.9397,-0.732441
71.4094,-2.75238
88.3575,0.785137
72.5203,8.84505
85.5351,-3.53247
39.2459,-3.04517
54.6191,-21.0185
57.2595,-0.479015
68.3619,-7.25976
60.3726,-1.79634
78.3473,1.92758
55.3822,12.3661
52.3315,8.8271
50.0569,-4.21959
69.0732,-2.43556
63.8183,6.55921
46.6279,-3.43385
54.3996,13.1607
96.219,7.94947
48.0526,-7.72699
59.3175,0.68911
41.0353,-1.82038
114.987,6.87629
30.8488,2.71958
108.616,5.61137
79.0971,1.5304
56.4921,-3.70825
127.039,3.64278
60.3767,-0.329644
40.2387,-8.62123
48.2539,3.22682
57.9627,1.62806
66.7674,1.82538
69.2743,-2.63081
62.5056,-10.7229
61.441,-11.6348
50.8938,-0.79994
73.9453,4.50608
48.8085,-4.86106
31.5266,-5.20922
95.0939,6.84086
84.0967,2.22486
50.6982,11.4768
59.8472,-1.92927
68.1675,14.3512
47.0819,3.16403
60.8536,3.35233
50.5705,-3.09105
99.3963,-0.532704
53.3377,3.09553
59.1597,1.27291
85.5033,4.57867
93.0861,5.3973
101.014,-0.248376
65.8435,-2.02305
86.5105,-9.40792
111.47,0.0920136
65.0626,-3.4143
44.2597,8.15715
59.5668,20.4987
60.9446,6.22417
45.5905,0.0911936
66.9845,-1.30666
82.4405,1.39643
77.7954,17.0172
54.5311,7.73208
88.7991,1.12704
50.3823,6.45257
59.0036,7.27283
56.1012,-2.50608
71.7006,7.98318
113.129,-2.70107
31.2479,5.98986
87.3493,5.02264
49.4681,-2.48605
44.9183,-5.3948
55.4225,-8.65532
48.4049,6.01913
63.2987,-6.23241
51.533,-0.371594
52.7284,-8.52568
43.406,4.4101
63.9154,3.15937
35.803,21.0835
78.7954,-10.318
41.6867,-6.93253
53.3769,-3.02933
48.3041,1.74317
68.6952,-9.25531
90.3811,-8.47182
53.7121,16.4537
53.8347,5.10499
58.0405,1.936
39.6819,11.6188
49.8013,-20.2041
82.9603,-1.98477
66.4082,-1.41145
37.8995,2.19836
69.7228,13.9136
75.4715,3.67299
49.2745,-0.629637
76.8489,0.684233
76.719,-1.4427
67.8649,-4.09577
49.3324,-0.695886
81.0065,-5.31077
54.6876,4.88458
43.4091,16.8447
63.1447,-8.51843
85.6047,2.36439
52.1399,-8.16112
35.901,8.0067
40.1232,1.09868
39.55,5.57498
50.7423,4.5842
38.102,0.871065
61.2288,-6.63456
52.5713,3.94442
48.1776,-3.55237
48.4264,-2.29818
66.226,5.41033
91.6974,-9.59264
42.4188,-7.0141
48.8398,-13.7751
59.5455,-10.213
64.6205,3.57912
70.8414,-4.8236
55.4916,-0.0173065
74.5154,-5.25622
40.5774,-5.99888
63.3204,-0.52213
72.4651,-9.81011
98.882,-4.11222
64.3109,21.8657
60.5088,-6.4599
36.3798,-18.4008
40.505,6.72451
69.1913,-2.15878
53.6567,0.712674
43.4562,9.62432
97.8101,2.20082
25.2823,1.7152
35.5101,9.95901
62.018,-5.748
140.806,-7.10939
49.9904,19.1355
54.7179,-1.37101
74.1227,1.61291
52.0841,0.0301245
63.6364,-1.11746
56.3322,-11.7432
67.9674,-2.87206
48.5659,-3.00227
26.5147,12.4443
95.9689,20.8698
58.9105,0.981378
78.5419,-23.4255
86.4342,1.49574
32.0195,-6.28559
52.1398,-3.16938
69.6666,-4.82597
82.8614,-3.52423
41.711,3.90441
87.7223,-3.47628
46.7464,-1.60817
52.0017,-8.85955
77.8545,0.837963
66.0212,-9.91197
87.3209,-0.715436
43.0205,1.55638
52.1327,-3.2251
54.5724,-1.16489
52.3282,1.93401
70.239,11.1386
81.1893,25.507
42.1555,12.3427
68.5785,0.0576164
65.3445,15.2663
66.1844,-11.1166
39.739,-0.142595
47.2113,-6.96719
62.9749,-4.62097
66.9501,-0.621178
62.1045,8.53198
61.581,5.21224
52.7931,-0.530028
57.0855,-5.20507
67.3279,-4.9658
61.815,-5.71564
68.7754,5.96988
136.704,3.37425
49.7676,-10.3513
101.032,2.22158
61.3908,7.60002
72.5433,6.40492
61.2302,0.67271
86.8827,-19.7241
79.8496,5.42902
49.5685,-3.95801
57.8063,-23.7802
49.3351,-8.05844
106.148,-1.31305
47.8681,-0.461104
83.9683,-12.1567
101.438,9.74611
52.9218,-4.49999
43.6799,-3.91317
44.1479,2.08084
36.5586,-29.0376
29.5833,12.3622
40.9485,10.9869
32.7007,-13.5816
48.2771,8.59253
51.1242,9.25264
54.9563,-4.89563
112.781,2.02784
62.5638,-9.99626
59.7817,-8.6615
81.1071,2.33556
80.4471,6.39918
108.28,-0.461492
106.513,-5.47688
61.6823,-8.25102
58.8597,7.58396
43.981,7.22324
26.8855,6.25153
48.5695,-6.042
70.3908,-4.752
85.9168,6.49672
37.75,2.36668
76.8407,0.92838
82.7764,-18.3047
73.4569,5.52833
76.3038,-7.34922
40.9309,24.0494
80.7832,-0.244578
38.0724,6.21286
48.6841,-10.7615
81.1962,-3.48392
44.7083,-9.89
36.1374,-16.3431
78.5129,4.43042
57.6316,5.94951
87.1815,-2.83822
101.361,9.59096
53.2193,6.40112
49.8637,-2.88958
46.8585,6.47652
44.375,1.92439
39.0875,8.64182
45.1818,-0.57979
79.4853,-4.33094
51.3374,1.48776
65.9682,-0.928121
70.6506,-24.1569
80.824,-0.0164865
39.3976,-2.25597
67.4913,0.94724
86.6689,9.4235
71.3707,-3.3364
121.125,0.0859283
70.0844,9.26248
41.8032,0.529553
86.261,6.44294
80.5236,10.9384
66.2983,-6.19262
58.4208,8.6369
65.8968,0.454976
83.9493,-1.86673
42.5083,-9.29994
63.3419,-2.29201
59.6708,-3.32928
69.8822,0.0290887
64.5519,8.9564
126.619,-8.03592
41.0866,-5.3957
92.2638,-6.34683
60.7422,-2.98509
39.9053,7.08518
49.2477,-5.06312
80.1559,9.8099
64.1182,-21.5337
35.6658,48.6003
71.3969,7.4667
74.0158,2.84487
93.2289,1.92866
52.4096,-1.06342
26.3729,6.63508
60.141,-15.8041
74.8204,-3.83971
39.0971,5.82526
48.5933,3.75439
40.5846,1.02583
64.3935,-1.32699
79.5844,6.96261
61.604,1.24451
40.701,7.62859
45.2062,4.00652
40.3988,18.3628
58.3746,-8.00303
50.5654,-14.8082
61.882,-6.93874
82.8862,-9.14487
65.6891,-16.22
78.4964,5.95029
49.4505,-1.45418
92.811,11.0686
60.0766,-3.82038
74.5251,-6.37458
63.145,-5.25212
67.4317,1.06053
61.4334,5.13675
87.5433,0.823332
73.0361,-4.83611
38.0218,4.67776
88.9521,0.0810946
88.8244,-2.72847
58.8568,-9.75245
46.0265,7.55966
69.7465,6.84276
69.8609,6.20207
53.1347,1.03243
150.781,10.7514
55.0465,-0.450789
35.8796,-14.5291
148.487,7.46139
86.5006,3.92137
47.2041,-1.58564
71.7029,6.67526
48.0453,-0.675817
46.1099,0.536027
55.6995,10.989
56.2602,2.30643
100.554,-0.437669
46.6481,4.86952
35.2669,14.119
64.9071,-10.8487
48.682,0.16193
53.6509,1.02682
88.3415,1.53104
51.8355,-6.00411
56.6219,4.7671
60.5487,-4.67362
76.7367,-13.2876
49.0965,3.91304
59.1428,-2.44509
53.2896,0.937659
51.0309,-7.6957
18.405,-1.31991
90.3875,-2.40724
44.1255,13.8351
60.6756,-7.87537
90.1976,-7.68923
83.7521,0
48.0183,6.3896
37.9515,-4.36059
81.772,-2.45757
162.187,5.95327
60.9324,7.61952
68.2339,5.43278
46.928,-3.65914
73.3356,-6.55455
79.4386,4.57828
60.8713,-21.8773
52.141,5.64024
70.6977,-1.76673
95.4915,16.7467
27.8101,7.72509
120.564,2.20267
42.824,1.59651
84.419,-10.3811
48.3835,-2.02508
61.3162,0.41022
55.1303,3.97985
50.4436,1.53967
76.5674,-14.4028
61.1817,4.85795
56.3279,2.91733
47.1367,-5.11794
88.9091,-24.0683
70.9585,-11.6979
57.4885,-7.48582
75.3574,0.0446258
32.4225,12.9096
54.2931,3.89297
61.7331,3.79293
70.7886,7.02821
48.4879,-9.74883
45.8507,-5.54883
49.2083,-2.85471
74.998,-17.5637
35.2987,1.58219
41.5405,0.916856
94.4505,-1.50675
56.5341,-4.6069
72.8993,-6.3779
78.8452,-1.5767
46.3439,15.9235
49.1329,17.5952
53.2174,-21.1401
57.2316,-10.6402
61.7366,10.2023
57.641,7.75245
91.7784,-2.66624
48.0007,1.43847
88.1318,1.05695
75.6742,5.52505
78.4482,-2.20954
132.292,1.13826
46.1713,12.2792
61.2573,-8.51023
44.9446,13.9827
67.3268,4.36547
74.4742,-5.66441
36.2589,-0.735462
59.1787,-8.65088
78.4978,1.95555
54.947,6.89636
77.5051,-1.63531
47.7784,-19.7614
62.6101,-12.9026
56.958,-9.66722
58.0133,-10.3689
139.477,-11.9654
38.4058,-4.19909
53.1623,2.80037
40.9481,4.93598
65.8893,11.8597
64.3148,0.358301
45.8693,1.61361
57.1503,-2.57267
68.3115,2.56404
57.6536,-3.65608
49.9422,-10.6861
38.8981,5.71926
80.8359,-3.45535
124.733,1.25177
74.0714,-0.0831662
60.1514,4.32253
82.8985,-5.45345
42.8006,5.37128
62.1585,1.19648
87.0034,-9.11298
58.8445,3.69703
58.9007,-4.69101
57.9528,4.67267
48.4605,2.00984
105.833,11.0039
72.297,-11.822
60.0603,6.95864
90.2632,4.91043
54.674,5.29432
75.102,10.2177
55.9146,7.35695
55.2873,2.42093
57.5278,1.22143
61.0383,-16.7464
32.3368,0
32.2804,1.91192
48.811,-3.65245
49.4422,2.78143
47.69,-12.0249
44.4738,6.25658
70.4096,7.18432
42.1476,4.1388
106.525,0.42429
76.4853,5.17732
68.8265,23.7942
51.3192,3.81667
67.2092,-3.34046
39.3706,-7.89276
55.6888,4.68769
57.2023,-3.332
44.5609,-1.07443
108.982,-1.55793
74.1832,-9.54102
60.3835,11.3976
62.0024,8.22025
97.7433,-2.20259
94.0642,1.59837
62.3172,0.0369436
89.2414,0.380786
49.9824,-9.99751
47.7108,0.753243
45.8713,-3.71775
50.1797,7.16666
56.7964,8.31705
66.9625,9.49942
56.5599,0.653418
36.6788,9.58055
47.5909,-2.93555
85.9587,3.26226
142.402,-7.61918
41.2773,4.94798
48.7048,-1.15185
81.4984,-1.80419
46.9493,1.97747
48.1638,5.97985
83.4408,-2.23142
36.8637,0.693857
70.9324,-3.76881
55.6151,-16.073
52.1529,-12.8125
39.3705,9.36955
76.013,-0.431325
54.9008,5.35798
36.7431,-7.53761
36.6962,-8.85631
54.2263,-4.76115
98.2042,7.1046
59.7472,6.96201
53.1113,-3.32125
37.6397,-11.189
59.4662,2.02793
33.5304,-28.2351
37.0916,-11.2177
94.8071,-3.76945
39.1363,-16.2042
39.9707,17.2849
44.5044,13.1624
77.162,13.3103
67.7783,-2.91595
30.0986,-0.731362
74.1011,-9.21859
71.0441,5.21362
80.0291,-13.8551
19.8021,9.31366
60.4572,-13.7179
46.4311,10.2473
41.0411,3.53359
60.7508,7.62026
66.8333,-4.57651
71.0493,4.6337
79.9206,3.22812
74.1962,0.616345
71.5841,-3.95969
74.2084,-3.57813
54.2596,-0.422823
54.4035,7.59462
39.2991,-2.30077
71.5752,1.07257
49.1173,-5.22544
80.4338,-24.8016
58.6997,6.87517
41.0945,1.00736
48.6516,2.73443
90.4355,-11.6534
52.6567,-17.0899
51.7931,5.08134
91.6311,-12.4196
42.6665,8.68472
116.611,-4.29154
66.3815,-0.31743
97.0937,-20.2226
61.6944,-5.53424
89.4679,-4.19033
56.9386,1.09756
84.6209,-0.299088
44.9962,6.44411
39.6527,1.0762
101.624,-11.4031
131.764,-1.49544
89.8134,-3.23908
83.0207,-0.739303
58.7731,-1.17667
60.991,-5.96703
46.1795,6.18192
118.263,-5.23602
41.018,-13.2799
75.0298,-3.08254
60.2165,-10.3926
41.4413,4.26042
66.9115,5.80804
81.2099,-10.124
46.4205,3.63968
48.6908,5.27145
29.4388,0.190415
54.3109,-1.56043
57.3409,3.39773
65.313,2.67867
63.2366,0.150148
61.2702,14.2124
127.217,3.60593
69.5699,-3.96276
70.3401,8.26043
56.4693,-0.682204
79.3922,4.88
50.5204,-1.68689
47.1819,-7.81046
75.7956,-3.73001
65.5474,-3.82461
52.0819,2.98738
43.5734,-1.31478
32.9598,-6.81238
36.3966,-18.4556
77.8602,9.13503
42.4609,6.50958
49.8209,7.79462
47.3876,-2.08067
59.8016,-3.45237
105.787,6.63392
46.0521,1.64304
51.4898,8.1805
55.0337,0.749359
41.2517,10.0701
59.2654,-7.19239
28.4357,-14.991
71.0201,-8.01714
72.9174,2.04083
36.2018,4.94634
49.501,-1.44757
66.4408,9.86799
56.9833,1.75361
147.151,-8.28861
44.6095,9.866
54.9145,-1.31655
77.6024,12.3628
43.4707,5.26852
65.5047,-22.1348
146.965,6.03518
57.5541,1.22086
60.2773,24.6281
32.8501,6.97116
67.7605,6.45753
87.4308,2.13125
53.2991,0.717076
40.7698,0.675515
50.4006,-2.38562
50.202,-5.17106
54.4319,-10.3937
55.135,-3.45116
137.853,-10.9915
47.2312,0.309273
69.8185,-3.94463
68.121,-4.24083
35.8323,2.00117
58.3978,11.3011
70.6285,3.98158
44.4093,2.92372
55.056,-7.12467
82.0687,-4.08498
72.183,8.66607
51.784,10.1207
77.8892,15.8052
65.3722,-8.51679
69.312,0.592349
59.2989,3.426
44.8803,4.16258
96.3545,4.76658
74.0342,2.75104
39.4381,4.63978
68.7711,6.01515
45.0686,6.97556
52.4118,6.5952
72.0378,8.37177
62.2824,5.66441
49.1402,8.54165
63.8107,-2.12072
37.9445,-6.60746
61.7596,-2.73171
109.393,5.28513
65.3054,9.29782
60.1321,0.632227
56.6549,16.2929
86.3659,11.3084
64.1264,3.37736
60.9031,5.12519
64.5807,2.40936
45.9668,8.80111
80.7758,1.31098
65.3731,2.13768
52.1504,14.4929
49.3242,7.79229
57.7346,-2.49386
73.0836,-16.8097
97.0898,7.49644
34.4507,3.48085
111.749,9.95288
60.6778,-2.0716
44.0424,-1.45841
76.205,0.0425542
55.8595,-7.1737
55.5654,5.3752
51.3854,2.49818
88.6557,-2.25062
72.762,-6.30686
43.0216,0.429339
51.3708,-5.36355
64.3244,-10.0896
70.4115,-7.21353
64.8594,-3.95067
57.4663,-7.27469
42.9299,11.5212
108.615,-2.85726
70.1801,-8.27942
53.7223,-5.77519
55.3602,1.2326
71.1898,0.527568
53.5589,-1.40653
62.4086,-3.51568
55.57,5.04301
142.564,-10.6506
70.4976,-37.3647
56.7476,0.847587
47.9138,-9.22316
50.3819,-25.8689
59.6429,7.96414
66.8359,3.08431
62.1007,2.54656
61.5027,-1.85141
63.0265,-6.5902
69.8115,0.190803
88.7025,-11.1766
51.8144,3.25147
87.0943,1.43683
45.3742,-3.40947
76.9274,3.98404
65.9103,-1.35962
32.3455,-10.9267
60.101,13.923
59.1099,2.78173
47.2766,-3.20019
42.8893,-4.51963
53.4174,8.46228
50.6051,16.483
141.995,7.83445
35.1624,-6.61255
93.1105,31.2398
61.4445,12.8088
65.2109,3.85322
89.5424,2.62916
86.3341,13.0268
88.2606,8.01952
37.5652,21.3413
79.1699,6.38817
47.2987,-13.3967
79.4658,-7.63437
72.6513,-14.9061
50.9133,9.73709
42.9733,-5.30822
56.8323,15.6012
56.537,5.924
54.1559,3.09856
82.6658,-0.0452731
25.1255,-2.36353
55.8421,-8.62719
59.9033,0.0385836
57.2258,2.57457
47.0494,-6.17346
48.703,12.3808
32.3098,-0.0183855
101.805,-12.1104
108.327,16.2739
51.2849,13.3611
75.9427,10.1553
46.0979,28.4405
43.5781,9.25652
71.2445,3.49734
41.3441,3.43036
35.206,1.11448
103.164,13.5231
49.878,-2.97197
30.4019,-1.848
64.538,4.25252
65.4903,2.00842
51.907,2.51242
62.0849,4.42667
87.94,-0.145616
70.7215,5.43429
65.0205,-7.20702
69.1032,-2.45839
135.047,1.9262
78.7948,9.22372
91.4731,-0.70633
55.1166,5.21327
60.0861,-9.08643
39.3527,13.7334
45.4685,-4.49305
58.8119,-7.18824
85.8748,-6.2038
70.4416,4.24674
63.2911,0.738742
38.466,-13.4149
39.1547,13.6191
63.8619,8.52244
61.7203,-4.77483
68.0114,1.15427
53.25,-13.2296
44.76,2.39663
45.2248,0.98755
55.0408,-3.21845
67.647,3.24024
51.0547,-0.525194
69.1282,6.07838
68.6562,1.11167
74.5088,-2.88199
78.0186,-6.00648
59.872,-15.6012
48.3609,-2.51212
63.4079,-9.37331
76.5219,-3.52656
48.598,5.03511
63.2759,13.4606
43.9319,-3.15091
74.0912,0.312682
55.0941,-7.24897
57.5668,8.89222
38.8566,11.0994
66.9433,-1.4569
60.9231,-7.374
56.2199,16.9618
82.1787,-10.2534
85.9953,-0.457306
75.3764,-2.52325
49.4582,0.986903
41.8967,-6.89494
49.3033,7.5197
74.2249,-1.96863
44.57,-0.026974
37.22,7.07292
60.5042,2.03833
42.1766,-8.54199
62.0038,-0.890746
73.5786,4.77811
44.0495,-0.884142
86.1298,-2.23642
132.651,2.75014
41.9179,22.3789
47.8144,11.6426
39.1756,11.7515
88.6576,1.37852
66.562,6.12253
46.3544,3.99219
61.6135,-9.10098
76.3533,10.3455
68.0953,9.99682
59.5326,4.8056
100.344,-0.722342
84.8263,-2.78915
58.5906,1.1661
44.4424,-0.976674
53.7193,5.71016
67.5512,-5.61719
113.179,-11.0682
53.6948,5.96108
44.0494,-2.19758
48.3909,1.99741
30.4513,-3.42639
80.2615,3.64261
115.441,-6.67755
119.798,5.66462
40.8452,16.4458
63.5845,1.14068
118.532,6.54872
41.0331,6.92662
63.8849,7.91615
64.5117,1.05781
58.8624,9.58396
44.5853,12.6688
79.7505,-14.8586
97.8465,-5.84049
76.899,-9.74417
46.8885,-3.70161
54.7031,-0.045791
74.2026,6.72571
114.34,-9.66251
57.9957,8.07333
42.7539,9.22174
61.0951,9.67654
64.6845,1.98913
49.5898,3.7603
84.4282,1.54723
41.6743,-10.0354
72.666,-8.72831
71.9153,-2.58519
55.3324,-7.42074
88.2087,-6.00061
49.0581,-3.35789
55.7427,4.39836
56.3392,21.9838
86.2533,4.76792
49.2074,-3.45845
59.4862,2.90585
51.3671,-9.05989
54.6678,4.05253
70.7767,-3.97023
131.611,0.894112
42.5206,-9.60304
54.8497,-3.05924
81.8517,0.976458
43.2997,-1.73371
49.4597,-0.0133791
46.3456,14.8626
70.8007,-8.55213
52.049,-20.2826
42.2624,-0.238623
50.2707,-9.43079
82.5514,-2.46676
50.2736,1.5351
61.9117,5.32151
49.5528,9.09545
55.4433,-3.56139
46.8577,11.2834
54.6465,-3.80899
82.6912,-9.63679
60.2733,-5.04746
41.2321,1.39324
64.2773,-4.89356
50.8504,-2.2419
63.0004,-3.02195
89.39,-7.70584
94.3479,-8.74246
59.2344,1.41711
55.2427,4.74509
78.4498,-3.12708
72.3614,-4.12292
48.1032,4.82066
50.0074,-8.56159
53.7415,-8.37713
79.4414,5.48133
67.6301,-13.9172
64.1287,-3.0708
38.6994,-2.64405
122.17,-7.4815
36.088,-0.238105
77.2308,-6.90215
48.7093,-8.86723
92.7401,-6.37078
52.3703,6.5615
95.0389,4.06207
61.5136,1.6474
49.3075,-10.9882
60.895,-7.14487
55.5338,5.20494
39.4443,17.3336
43.0387,8.61726
93.751,-1.41033
39.4072,-0.162448
90.487,9.6563
66.5788,-0.569561
62.2779,3.46954
97.9569,-2.02154
32.7592,-6.44838
56.2794,-4.22775
91.1605,1.87549
76.0344,3.58814
89.763,-6.26681
60.5694,1.94489
52.2594,-3.81852
50.2189,4.73452
48.2033,-0.488423
57.5168,-19.454
36.3045,-2.21174
60.9733,1.59591
67.0301,-11.3797
46.0857,-1.22639
51.0754,-3.21539
113.317,-2.89291
64.8457,2.88768
60.5212,-1.5048
80.1142,4.63564
54.1959,10.5956
38.8226,1.41046
43.7304,-10.024
42.1068,-1.12091
82.0023,4.15641
107.824,2.51674
72.2213,-1.42034
97.9931,3.70834
92.4042,4.05732
58.0341,-5.38642
78.34,1.21159
73.2625,-1.78309
64.6264,12.202
77.8149,-0.111651
86.678,2.80193
65.5529,7.02985
51.3708,22.6437
101.174,-2.48096
72.9237,3.52569
46.3478,-9.25285
60.7639,8.30449
108.14,8.18408
92.85,3.67809
42.8122,2.32908
57.2537,4.61445
70.8395,2.52291
76.2335,-7.61681
67.0948,9.37417
51.0127,-4.84617
38.9395,-15.2835
60.193,-0.165253
55.3424,5.83091
41.227,-1.95499
80.8328,14.312
50.7376,-11.4226
65.5423,14.8551
67.6147,10.2884
73.8144,0.213375
157.072,-28.9976
36.4055,1.68365
51.329,4.02767
67.8705,-7.1084
62.7619,1.54226
72.0453,-0.297922
55.6949,23.8614
45.4495,-4.92497
99.9107,-0.893119
41.5482,-14.4283
55.6525,12.9249
66.9614,3.52712
54.1862,3.5269
133.201,-3.6528
57.4663,3.71978
70.2708,-3.71499
61.6947,-4.01567
50.5353,-11.3283
42.1514,1.82961
79.6518,-7.81231
85.376,0.657863
79.1124,2.4949
41.9213,54.7672
43.3405,15.1236
36.935,4.74803
57.1901,-0.863944
55.7192,10.0762
91.5182,2.89575
88.6654,-2.48618
40.473,6.35425
74.2449,-4.07087
48.4449,-0.0753114
60.8165,-2.81457
64.1644,0.585875
80.0032,9.01656
64.2239,6.36223
66.7982,-4.93382
65.0854,4.27005
57.0762,3.79064
49.5504,-8.05029
47.0151,7.25764
63.8545,-1.73259
54.62,-11.2737
127.623,-13.2848
68.7133,-3.25936
90.1021,0.452602
56.0206,7.75185
55.6475,-2.09478
82.2465,-0.720227
68.6686,5.99863
109.525,-1.13796
94.0162,2.54406
69.6888,-3.26005
58.9793,-3.71516
74.658,-14.443
54.15,-1.39121
59.5201,20.5676
47.5091,2.24812
35.9179,4.03867
86.7367,2.66399
49.1943,5.43351
29.6438,-8.93292
54.6985,-8.41226
48.2464,-1.94821
63.8661,-17.081
67.7197,-6.81182
66.5106,5.97825
67.3196,4.23643
88.7187,-2.3419
48.0909,-2.87146
81.1646,-2.55023
55.5117,3.13688
58.6565,10.1701
81.6957,2.74686
152.964,5.97562
45.4486,7.05212
63.8171,-10.7158
46.2095,-6.91315
77.621,-0.718285
100.744,1.8524
51.9355,-4.93443
81.3472,1.06657
56.5014,7.21012
57.2241,15.7585
66.0274,4.95178
51.0524,1.03325
69.6463,-6.30436
86.5742,-13.1223
67.0269,3.68568
56.2328,-18.1238
55.9137,-6.69926
41.9133,-1.21996
109.346,-3.8146
47.9849,5.29678
54.5027,-12.9501
26.8551,8.71519
72.1276,-3.45962
51.8643,0.743662
61.9735,3.91744
50.1902,4.18787
65.6741,-0.224726
72.3855,5.9035
34.7738,4.79067
51.8211,-0.633306
71.9229,-3.70333
64.4656,4.46965
49.354,14.638
40.7483,-35.444
50.934,-5.07637
61.0298,-5.10231
62.5725,-14.4131
57.6318,1.30295
48.6597,-3.26597
107.194,-3.26856
79.7153,4.91272
53.3245,-15.5
54.4424,4.3561
102.769,-9.65578
69.2304,-24.1632
47.4122,-2.95665
56.1484,-9.25898
122.541,-2.71436
57.6603,-15.9372
91.9752,-13.8148
43.268,-10.5754
51.3722,-6.58955
65.45,9.06637
50.635,-6.56068
69.8231,-2.69382
77.392,-8.12163
37.4188,10.9946
63.7815,11.2837
57.4384,0.882416
64.7554,4.01731
54.0738,-12.9458
51.1212,0.958375
37.8165,1.49082
109.772,-2.41834
80.2285,2.53003
59.4559,-3.5976
41.2306,-5.26014
54.7627,9.44366
70.3162,8.6441
62.7967,-9.04379
94.9126,-6.30716
87.6581,14.531
46.41,-14.2568
70.3777,-10.6458
81.5791,-1.00058
50.9551,1.78939
52.8327,-1.43739
95.0434,1.07279
55.9802,7.33951
116.829,4.28463
35.4815,7.73722
40.151,13.7498
62.1897,5.64969
50.0488,4.97853
55.4476,1.68969
36.9527,0.900327
47.0653,2.58665
107.491,7.97088
58.9091,11.4458
80.3856,-20.7463
47.0267,5.83678
43.0782,2.28921
101.942,7.28064
73.7055,14.5085
64.3329,1.80898
81.3838,6.16056
56.5265,-3.73678
28.2283,-16.8379
65.8533,-2.45796
70.0738,-9.75353
53.1758,-2.17777
52.5442,-0.408796
60.2234,-4.60634
94.5752,-9.76247
52.5157,15.6611
28.9458,-1.94558
108.317,-1.0424
81.3714,-6.8564
63.4014,5.37464
62.1493,1.61274
70.5261,12.6205
74.3825,11.6311
41.7248,2.34173
115.797,-5.54758
71.9668,-1.71317
81.2674,-10.8212
60.9435,-1.56596
78.4694,10.5788
128.967,-3.04746
36.2454,-2.7406
41.8779,11.6249
41.3568,-22.3959
60.7287,-10.1025
49.528,-26.3805
40.222,-4.36141
45.01,-0.404653
31.1562,-1.48715
58.528,1.34637
51.4644,1.04473
38.8356,1.80057
56.0256,-0.948319
51.5182,5.51616
48.9449,-4.89416
110.175,-10.7741
89.461,3.1503
59.0351,-24.1012
68.2104,-17.0145
76.0504,14.3767
109.491,1.23467
82.1844,4.01446
63.7924,4.79977
50.3401,18.2968
38.5482,1.4222
57.7197,-4.72925
67.1366,-10.6254
58.2472,-2.05779
42.5242,-1.75422
129.751,6.21632
57.2391,4.71466
95.8223,7.37784
100.561,3.06899
41.651,-1.34046
42.5372,-4.40656
80.4528,0.715997
47.2056,-8.15525
81.9524,-9.55332
91.9227,-2.47591
61.7263,12.8195
66.1398,-5.1759
96.0262,5.03153
116.697,5.2112
42.9893,3.45936
58.9278,-1.90372
56.6535,0.513067
85.2574,-8.63716
85.565,-9.23365
71.9972,-3.96867
57.4275,-4.84988
67.015,-3.54032
42.6281,-3.70696
42.1857,1.46803
34.3869,8.01762
55.1036,-0.262662
60.2663,1.25919
84.6342,-5.69747
53.1726,-4.00052
61.4354,13.6761
94.513,-2.09107
52.355,-1.03028
52.718,-8.32516
106.706,-4.5504
65.7132,-7.16507
71.3144,8.01378
47.5538,1.87463
56.6845,2.53132
140.696,-11.7922
53.6495,0.917245
39.8841,11.444
52.5837,7.13188
72.7038,-3.49842
66.9664,2.14191
128.089,2.25321
68.8996,5.6178
87.9277,-9.15782
76.2107,5.97463
51.5784,-4.58722
66.0019,4.1092
37.0197,0.455623
68.3773,-9.20093
86.4504,7.13576
129.93,-4.06979
78.8166,-2.57703
100.923,-6.31109
47.7782,11.3293
42.8817,1.25971
56.0331,-4.66684
117.097,-3.22337
80.8939,-0.951297
47.9769,3.9953
38.715,23.1012
70.5114,5.06623
84.3884,-11.9998
54.2442,5.38362
113.209,1.86384
51.6173,-6.71618
43.3361,3.88831
54.7113,4.0458
81.9536,-10.6246
51.0061,0.97443
57.5081,-4.39339
96.8414,-1.81662
55.6455,-4.59127
53.6831,1.16472
78.9651,6.84293
53.2424,-4.38515
62.7092,10.8772
57.0423,4.11032
31.4703,0.384671
75.8993,-9.2062
71.1743,14.935
56.4851,12.5312
56.032,-9.5273
72.3372,-2.08748
56.4848,-2.50841
68.8973,10.078
71.4455,-0.0594291
72.093,-2.3634
58.9179,6.23846
73.3254,-0.60508
74.2079,4.54661
53.9324,-12.4865
38.0153,3.13187
39.1388,2.47233
70.9094,5.11107
52.5566,4.72351
63.3746,-2.20487
71.1356,0.0175223
52.887,-0.546126
46.6369,5.60006
53.1362,8.72628
52.9334,1.12125
58.6089,7.14871
66.0165,3.79431
43.9482,3.81775
37.5596,9.77662
76.0442,-7.65081
88.7049,-3.83458
53.9982,-1.73566
44.3574,-13.0607
48.0778,6.48804
108.767,-1.42082
32.6495,-12.5181
42.9958,1.42228
56.816,3.01034
86.874,-1.62824
86.4941,7.74507
49.7423,6.51782
51.8013,2.4908
78.6286,-4.90163
48.1378,6.86602
64.3085,10.1305
63.6318,-0.939903
119.927,18.1471
61.0941,5.46018
39.1911,4.07786
61.175,-7.13568
91.0415,3.25699
69.6376,-16.5736
56.6373,-5.67481
41.2745,-2.47518
89.9762,3.66661
65.2721,-32.638
50.9666,0.870332
48.9037,-14.3832
93.216,4.64621
83.8749,22.6394
64.9809,-1.96457
74.4408,-6.56227
51.1923,8.0108
35.1246,2.07259
62.7856,-2.14342
70.6691,6.13975
64.1759,17.1895
52.0675,-5.97644
55.5889,16.5864
82.4459,-15.6523
50.2394,6.96201
77.7046,4.23332
58.1313,2.82433
76.783,-5.84856
73.7244,-2.95372
78.4305,2.6469
49.5099,7.12601
114.26,3.82219
45.8869,-10.8047
39.4468,3.94096
41.9929,0.606548
35.9989,5.14197
27.574,14.084
55.2183,-11.9898
58.8098,-3.25423
84.2854,-7.42449
97.646,-4.02072
57.4505,-3.31966
33.1957,8.06699
44.5802,20.2062
53.5282,-10.6371
93.0593,18.0855
43.3977,15.9697
57.7553,-1.72633
36.791,1.04051
48.9884,-8.31399
86.0451,0
60.038,4.32516
53.8399,-1.51641
61.714,4.45088
53.8245,-2.01368
55.3644,-9.00223
79.8138,-0.783152
45.8098,11.8993
68.7221,24.0333
93.8559,-14.0881
45.0573,-0.281608
54.5087,-5.67679
42.2599,1.19247
62.2751,1.56725
65.2149,-16.1317
71.6424,-1.29272
74.078,-2.22676
70.2604,11.7959
35.1847,-10.4265
61.5978,-8.86296
74.847,2.41406
55.721,-2.97875
84.9177,-2.58713
53.2849,-2.96528
73.9777,5.5935
64.6405,4.1697
100.393,-7.26135
68.5964,-9.1595
101.159,17.8845
71.0389,1.05785
47.0009,-0.879956
67.7292,8.83322
41.3067,2.48696
98.025,-0.373493
110.543,-16.0628
95.3173,-1.34033
129.779,-9.32195
62.4484,-0.222352
100.337,-4.10138
113.02,-4.73357
111.932,-3.49907
52.7174,15.1008
61.2091,3.20347
76.7637,7.26839
43.3563,5.28668
43.4124,1.71123
80.9933,11.988
55.9377,0.989535
68.5985,-8.38287
96.5173,-11.4185
59.9325,-10.3338
70.4427,1.21638
93.2895,13.1066
46.458,9.35324
29.638,-16.8776
46.776,0.432878
57.7203,1.81796
82.746,-1.13765
62.9799,3.43312
73.6705,-7.82789
95.4573,13.7816
260.571,6.08783
69.4242,2.57211
84.4721,-7.17719
76.9915,1.75132
38.5144,2.27341
93.5948,-3.6947
54.3921,-12.2374
67.0809,-11.0949
55.042,-3.9426
68.4943,4.27484
50.2014,-4.41432
45.0665,10.7201
68.4674,5.51668
96.3274,-13.8601
58.6772,-24.7023
55.2418,0.128914
123.967,4.37121
57.9338,2.56214
68.1219,-4.42231
64.4526,1.40653
74.8519,-3.64904
69.1464,-2.03876
36.9791,14.1249
40.5872,4.46171
55.403,17.0816
67.3525,0.132755
84.3046,5.8537
66.0033,5.19001
71.3772,-9.59989
64.2559,-4.47224
51.5411,-6.0521
43.6858,5.55129
64.2215,2.64915
51.413,3.12126
101.445,-3.72301
48.9716,4.62274
50.784,7.72328
97.3146,5.93195
48.1219,-4.16271
63.4995,8.63167e-05
68.4684,1.46436
89.9833,5.84753
57.0468,-2.12309
48.4416,-2.3476
54.3854,-0.465377
44.1291,-11.6483
52.3486,1.89729
80.9602,0.512333
69.6318,10.4113
54.2756,-19.3565
81.7584,-4.37527
59.946,15.9371
44.5043,-5.62716
49.9188,-1.08966
74.5119,8.55667
43.4259,6.76879
56.0909,-4.141
48.9268,-6.19983
76.2623,2.64302
55.9962,-4.49093
44.2846,-18.3565
69.2522,-4.97465
114.181,-16.5956
83.9368,7.35768
145.175,6.18239
73.9526,-2.50051
60.7835,-11.1687
39.187,2.1492
88.1313,2.63322
43.0652,2.0713
31.7487,0.36007
60.1282,1.32125
74.5229,9.73821
45.5269,23.9136
36.5569,-9.86976
61.0713,3.92685
53.7434,-8.82546
63.8221,-10.3481
61.3444,-3.08794
44.9317,1.20412
74.6137,0.232537
54.5668,-7.86281
107.737,2.51087
67.2528,-5.77118
59.9685,5.31931
54.6744,3.26269
76.167,4.27259
64.4765,1.18211
70.5923,3.00969
74.0029,-5.65098
76.8075,-7.66303
48.1888,-13.1036
99.7295,-10.3291
98.6998,5.54728
73.3661,3.69082
77.536,-0.978487
40.0396,-4.33547
68.8515,5.86281
55.9632,0.522303
66.01,-8.19176
81.8944,-2.45386
63.0261,-28.775
29.5061,78.6082
65.0054,0.796962
96.5467,-7.82556
57.5689,0.126109
40.4951,2.14152
57.6925,0.00427268
77.3627,-6.68174
38.159,-0.262748
77.3015,0.0947326
74.7804,-3.13653
74.084,-2.63339
36.771,9.66148
34.1859,3.15876
48.1155,11.9915
38.2059,-3.82832
85.3301,-4.61687
56.988,6.14269
74.1789,-15.827
50.1407,-7.15035
82.6989,15.4812
75.2278,-0.424851
74.1127,-1.07076
49.8449,-0.502838
58.4974,-6.33548
50.6878,-4.83421
41.8886,-2.63447
54.8206,-16.9946
71.0375,-3.6603
154.156,0.458083
53.2294,13.0396
91.1113,-3.62435
70.7274,-8.03592
72.9047,-0.71207
84.7271,-7.9203
79.3455,0.778059
46.5304,-7.60386
88.3277,1.49596
63.4608,-0.560066
79.3636,11.3227
30.9493,-1.31063
57.5894,2.34195
144.942,-9.47572
32.3375,14.6672
79.1374,-8.81104
109.795,3.97402
34.9175,5.48163
65.599,34.8847
61.1743,-1.01124
82.3054,2.92458
54.7004,2.67366
49.4201,19.3727
80.681,-0.567489
37.7325,16.2582
53.5347,-1.53419
71.9475,-0.472412
71.6668,-19.2624
111.639,-4.26603
58.8307,18.7918
69.2758,-5.86479
47.0471,5.87877
58.0334,-9.19627
71.4368,-3.17486
91.6049,6.2104
75.5039,-6.73357
54.4313,-1.85702
66.6714,3.21646
65.1763,-2.13297
72.1787,7.96578
75.7133,-3.92469
62.5011,1.98339
39.0736,-8.70971
43.9118,-2.39861
83.5791,2.6665
60.0834,0.677414
61.2814,2.9519
51.636,1.21141
38.8323,3.74697
70.8556,-0.289032
51.6785,19.3884
57.0528,2.64906
61.7908,3.3326
61.6537,-11.9664
56.3877,-1.43782
72.3653,-3.48051
38.7782,-1.60307
71.0721,-3.98688
78.0804,-3.65046
69.3128,-18.2009
37.2629,-5.21017
49.9722,4.10039
71.042,-3.73985
76.5401,-13.3325
146.504,2.98043
43.3536,-1.36687
49.1407,4.54272
71.3076,-0.675817
68.3242,1.58983
58.8077,-5.7395
62.7671,4.72632
60.1461,10.4885
62.9211,-1.65573
67.4167,-9.06865
45.9751,6.30958
89.537,6.96192
67.5364,6.90974
60.1547,0.350446
119.326,-3.90234
90.315,-3.29385
29.6089,7.59441
104.242,-9.14798
28.5989,17.5298
47.2319,13.1794
74.7164,-4.55739
57.9581,0.455321
71.9014,3.61037
72.802,11.5651
96.1938,-7.35367
54.3379,6.09901
44.0143,-6.62533
50.911,2.71764
65.6369,-1.29337
58.9609,7.58012
95.2446,5.85456
55.0502,-7.19916
42.4668,-0.282126
85.9071,-3.50985
95.2327,-6.16526
70.4625,-6.41774
66.2977,-2.69213
40.0581,6.73905
45.8064,7.82004
45.7706,5.85646
80.0173,-4.94642
54.7662,-0.472498
71.1109,-0.144235
76.9926,18.5266
34.7307,5.06558
50.1131,-10.1053
106.868,6.29469
52.5468,1.44214
63.7675,6.98725
69.7741,0.67353
69.6845,6.07234
26.7351,1.82159
53.9933,10.9542
66.4582,5.78275
43.6738,-3.72936
79.8672,-16.3613
77.6167,6.02551
48.9675,-0.654626
61.8397,8.80767
47.5101,8.59818
48.0451,4.31657
54.764,-2.24303
59.6524,-1.84032
70.3975,-1.71982
27.6253,3.56618
44.9652,3.97199
42.2007,11.1779
51.9249,1.5941
52.5259,10.0201
83.8213,-2.45852
40.1898,-21.2823
141.534,-19.379
40.6617,7.43515
37.1541,6.73107
66.0039,0.628602
72.4411,-2.49572
45.2493,7.37421
66.7093,-16.4809
71.3658,7.10175
58.2123,-2.30556
62.2909,6.32525
58.5633,-2.93188
61.5013,3.88568
32.1225,-0.431023
53.2652,0.86826
63.5443,9.20551
58.3795,3.13075
56.4578,0.642499
57.3675,3.46074
67.6272,0.924711
44.6594,-0.70797
36.313,-4.09564
58.1494,-0.698605
65.5926,-13.8452
84.5216,-9.62389
49.5106,4.68342
34.4109,-7.19541
44.0419,-2.17272
60.12,2.18187
37.6909,5.80109
76.7934,0.154119
41.3266,8.29085
69.0849,4.81065
63.6404,10.2306
82.759,26.0238
60.7268,8.94604
112.129,-4.91336
83.1222,-0.709351
63.4663,3.43873
64.5739,-0.190544
79.661,-1.98921
44.9646,-8.0218
98.2019,-3.05242
63.7134,-14.211
60.0249,-2.88781
86.2462,-7.51115
41.1744,-2.85976
107.313,0.109234
104.854,-3.63696
61.7203,-2.46866
95.5318,-6.70918
53.0547,9.47598
36.8098,-14.4171
53.9799,2.564
58.8762,-1.93449
48.2564,9.02817
85.9687,10.5687
70.6992,-5.38409
37.398,-12.1267
50.8865,3.08298
27.548,0.360977
69.5179,-12.058
94.8368,-7.68349
70.3162,5.18621
80.1692,6.22473
120.709,-1.48124
63.5488,6.90961
61.1672,0.240824
57.7462,4.82847
81.2299,-14.4007
88.9551,2.59714
71.5755,-8.3278
73.0943,1.32505
39.006,8.72969
63.3628,18.5136
65.1594,-1.16277
29.0855,-17.0363
43.3288,0.85924
66.3427,-0.970114
73.6859,0.447725
34.8142,-13.2486
39.1978,-3.96953
57.437,2.30189
61.0517,-8.67315
77.1019,-3.43523
53.6516,-9.37206
61.1522,2.76252
79.7853,21.4944
51.9906,6.52805
48.0853,5.3298
39.4534,-9.35194
50.7664,8.38067
63.7619,0.152263
66.2447,-5.61059
77.9185,-7.60308
77.5456,11.1732
59.2055,1.95684
65.1329,9.77956
46.0604,7.2579
50.699,-16.8685
37.4752,-15.0529
69.896,-3.65905
103.719,17.3981
70.0853,-2.54337
62.5546,0.295894
64.5765,4.10048
44.8106,-5.8174
57.9129,-11.7334
45.8731,7.96401
47.9752,-4.21377
111.308,3.69872
78.5532,-0.749704
56.2487,-6.70893
37.6358,2.11096
48.5187,5.14944
69.4815,-5.0396
42.1013,-0.798646
53.1968,-1.6433
59.7467,0.572841
63.8554,-3.31379
84.2307,-2.65036
41.3819,9.69057
109.158,-24.9816
63.7909,1.85814
65.9612,3.4004
114.838,-3.20477
63.0092,-2.8942
85.3817,3.37563
58.2861,-1.00097
45.0839,6.79921
54.6184,-6.58869
43.0533,7.33325
54.6194,-12.4152
110.602,12.4605
74.3909,1.33437
43.257,7.53631
71.3784,-17.3572
73.9406,-7.03166
82.2429,1.58646
52.7216,9.13727
45.8227,10.0401
70.1841,5.48526
49.5621,-3.15345
68.4161,2.0801
40.2516,-2.92057
43.2896,8.90383
38.0045,7.65254
53.3137,-2.22304
50.3402,3.27831
50.702,7.83104
70.3077,8.55321
79.2134,3.86073
47.8653,3.46799
77.4939,-1.83734
81.5866,7.78555
60.0485,16.0885
46.7558,-5.42073
56.9223,-1.28685
71.1489,8.75394
103.829,8.7331
52.2975,7.54348
54.7606,1.69763
63.4666,10.1969
90.2642,7.44637
53.511,2.61881
62.2413,-10.0348
39.5115,3.10386
92.0522,0.39395
90.9526,-7.26096
111.163,-0.837747
30.9099,-4.7009
60.2096,7.16502
113.352,-9.79825
67.8957,-0.720184
67.2144,4.26772
70.2013,-13.2407
39.5838,1.23338
81.5676,3.63747
51.0067,-13.2686
43.0047,5.44616
55.1969,5.29225
66.1843,8.90715
48.8133,0.93412
80.3418,-4.16323
106.756,1.77156
65.8296,-3.72953
51.9805,5.82957
89.1429,4.59386
32.0032,-7.07685
103.415,-15.1349
71.8472,0.733477
58.1102,-3.48802
36.1734,9.14284
48.2648,3.63333
80.7679,9.78461
56.9465,3.78072
88.4473,-2.5406
53.3437,5.42725
55.2012,7.02079
70.0661,5.95668
56.2448,-0.132021
48.9437,-5.47166
83.458,18.7922
103.684,2.04174
46.6002,2.0637
73.6103,0.66274
124.268,-2.29585
102.613,0
50.5888,4.83969
54.9606,10.1252
82.2416,3.79897
72.1269,-4.66987
98.0578,-3.96233
82.7384,9.32575
55.8285,1.58106
56.5204,13.0883
58.2113,7.63433
62.3189,1.94126
82.2372,-2.24933
69.1055,1.64209
45.7295,-12.0707
44.0694,5.56493
60.7629,-1.6786
49.5389,4.2306
54.7705,-5.78055
102.061,-7.43869
70.9086,-4.31394
34.3045,-4.64699
47.5589,-2.59369
48.3838,-2.08088
53.6439,9.27391
56.4676,-1.23839
83.1358,18.5849
53.9509,-0.213246
58.9073,-3.31456
148.136,2.3848
59.3128,16.2179
59.1377,3.19601
114.084,0.14307
54.6975,0.848753
69.7953,-2.58467
43.6531,-17.7983
63.6621,6.10229
37.9075,5.13973
49.9934,1.87691
55.3914,-6.51476
87.3129,-1.49211
69.5822,-1.45651
34.1496,10.0251
81.6702,-4.2959
85.1568,-2.08088
41.0032,12.0452
43.5865,0.69977
40.8025,0.173238
43.0785,-2.24195
118.116,-1.71753
63.8183,-8.24221
72.2936,-0.58786
67.7057,2.04808
97.1871,-13.9724
54.7236,-12.2314
50.3554,-4.83408
60.9279,12.8145
78.6105,9.25397
81.6349,-0.708099
78.5594,8.42836
91.0125,0.660453
30.6289,1.3257
92.8496,1.22561
44.5347,-2.83758
74.3709,-15.2084
30.5497,1.16018
53.1064,10.3442
61.3158,-12.0535
86.1029,-14.3023
40.606,0.713839
102.316,2.70676
70.0782,13.0547
54.7148,8.88864
58.6185,-4.70754
46.7353,-4.2533
60.3895,0.901363
62.8522,4.29132
65.0383,-7.25613
56.9193,7.17258
89.6329,-14.9548
69.0143,-0.984917
52.6391,3.08108
39.949,2.87197
68.6146,-13.1131
62.5716,1.60428
73.881,7.78167
93.3389,-0.16206
53.387,15.5447
72.0737,3.88861
79.6427,0.417428
92.5947,10.9551
137.937,-6.60496
71.5475,0.694548
61.4968,-2.47729
85.7273,-10.0362
59.7278,-2.94802
94.7417,-1.08845
63.2966,0.0479058
46.2623,-0.632486
50.7932,-5.64507
30.8927,11.12
65.8429,-1.80126
74.0023,-14.9583
54.1075,5.9401
46.0429,-18.7708
39.8481,9.79889
72.5542,-5.21862
37.6053,7.47922
43.3306,-4.99196
65.5805,-14.6658
55.8023,-17.3819
75.4427,8.63539
58.8499,2.80909
64.2345,-0.661834
44.8822,5.51737
60.5986,-6.07717
65.3115,-4.82083
70.7822,9.26015
65.7124,0.80827
64.6876,-7.2336
55.507,4.38584
71.5758,5.04517
54.9012,8.26591
60.6952,6.58139
48.307,15.1791
52.5029,17.4268
51.6503,5.5613
71.2895,5.79595
61.1473,-14.5211
67.6901,4.33957
88.1793,2.59675
60.718,11.2973
76.0452,-12.7571
71.1108,4.72472
53.5836,-2.85445
60.225,-1.46928
61.2538,-7.66273
59.3307,4.74457
93.1372,-8.43712
59.7196,-2.16301
94.3322,-3.84804
36.7036,5.48767
39.4087,-1.99025
72.198,7.39683
68.5722,-13.3285
54.7223,7.14306
54.2042,3.38008
40.6672,4.48605
87.7833,-11.1966
56.7564,8.68049
59.2302,-0.205434
33.6247,-9.97209
79.2376,7.83324
59.5169,0.344102
95.1389,18.9259
59.584,8.46608
45.2936,-4.74975
61.8468,-12.6758
46.1172,-13.3917
81.4569,-10.0163
59.5667,-3.44594
42.6223,6.84509
46.128,3.36618
61.5898,6.25322
46.6826,-1.37632
67.9732,4.06655
46.2694,7.0059
57.4056,0.508147
58.5865,17.7689
50.2065,17.7305
49.0927,-2.10673
52.0792,6.21049
33.1918,-3.50891
77.8382,-0.59688
67.8908,5.4938
80.156,-8.86408
64.4013,-0.0141991
32.7697,-11.6834
76.5875,-12.9942
58.8837,5.35759
48.3767,-0.572971
47.8115,-2.98652
62.835,4.34536
59.6887,11.8904
47.5635,-10.1975
54.3102,-4.84656
33.9143,6.22365
78.3576,-6.61406
49.5683,-6.95182
78.7522,-1.48227
61.7659,-0.192832
74.6962,14.5909
61.716,-13.1856
69.2351,6.24398
57.1314,-7.8143
116.833,8.31308
54.6451,22.2486
64.4089,-13.9004
67.3042,13.2854
38.3908,1.43959
60.9773,-2.0003
54.1636,7.48932
113.031,5.82306
71.0661,9.70144
76.1356,-16.4628
76.2749,13.2896
62.0267,3.68223
52.1339,5.8206
68.5311,6.65735
53.6307,-9.43528
46.4304,7.03132
54.0366,9.35501
69.6171,-4.42723
54.4144,0.951728
56.5552,-0.522605
103.757,-16.7092
55.342,1.79155
62.8295,5.72992
43.6959,0.913922
64.77,-0.778577
60.0227,-2.11122
71.9159,3.98317
33.0769,5.73217
48.6231,5.78715
54.2232,0.96213
48.4649,19.3585
69.3668,4.12831
54.4203,-0.840639
63.0396,-0.234177
113.345,-7.96488
55.6135,-5.2276
32.5381,-3.17628
44.9962,8.03108
57.7063,-1.48853
44.1019,1.76099
62.6103,-6.74613
72.4711,0.186789
75.5404,-4.77983
45.1278,10.3564
62.6174,-1.56173
45.4325,0.522691
114.273,-3.31072
64.8393,-8.27312
69.6848,-0.425412
56.3456,-11.2056
73.5786,4.46763
79.4103,11.697
87.6138,4.56124
123.011,-16.9919
45.117,-1.3361
59.6465,26.633
82.8557,1.76423
88.2854,11.1815
78.3066,-0.648972
48.8427,-3.40166
52.5561,-2.4608
45.3313,4.59524
74.1602,1.77277
64.7895,-6.95169
91.0335,-9.10758
70.8707,-5.9319
48.3747,-13.828
98.3822,1.94636
52.7665,-11.9763
53.5005,3.24883
62.7056,-0.257958
50.2484,6.19974
58.1457,3.80829
78.036,3.96759
55.3988,3.19247
77.2959,8.86978
80.0738,-10.3615
71.2366,-5.74537
50.8061,7.54447
77.1269,-5.16468
68.2686,6.29068
49.4024,3.55396
61.8047,3.62362
77.5078,5.21392
69.6463,14.0583
41.3753,-2.62066
35.6006,-4.00687
45.6612,-0.120326
78.3892,-9.18764
134.777,-1.50687
65.4439,3.90411
62.9626,-2.43806
180.413,-11.8496
58.9418,5.19238
76.088,-2.00207
49.3368,-5.30649
48.4832,-7.35345
54.9472,-1.28927
73.1236,4.97922
64.7718,3.82927
62.8889,7.22234
60.1398,10.4985
104.407,2.48238
106.196,-17.7265
79.4442,-24.7027
92.6165,-0.399603
48.6367,-0.505946
50.0624,5.65301
105.89,0.21057
53.0511,-5.9515
50.8779,-9.43054
61.2846,-5.22613
62.684,-6.87012
47.9729,6.70474
98.8661,3.04897
41.7144,-8.58045
77.7926,-14.6106
42.999,1.39367
34.4189,4.05451
86.3597,-1.69479
67.16,-8.93732
63.4941,10.6315
59.0483,-5.25561
121.153,-3.16126
83.2911,10.3567
32.0614,-22.2439
49.4712,1.226
47.1112,-13.964
63.1819,-4.33534
52.2456,-3.32557
62.7887,-2.61497
99.306,-0.00630112
39.4602,-14.7356
57.7359,5.86376
66.9341,-7.38565
49.9716,10.8366
69.2618,13.6018
58.2133,0.886861
56.6764,-3.12846
66.9909,-3.29967
47.6586,6.23216
116.271,0.33806
89.9828,9.33619
63.2519,8.81173
65.3952,-8.98777
50.0153,3.94144
40.0015,-9.34396
39.2502,-2.05158
59.7206,8.99623
56.0792,2.88017
91.2834,-0.770981
62.2248,9.50239
51.6483,35.5096
63.3534,-7.80791
66.7522,4.2776
41.4316,22.2076
74.9593,22.854
60.2897,5.7591
121.12,-7.91516
65.3456,1.33031
94.8297,-6.11688
58.4779,-0.703266
47.7437,-15.5204
229.751,-4.24588
52.0428,-3.06304
58.7241,-2.29585
52.5641,-4.60478
60.6478,3.31862
46.6089,1.70614
44.1472,-5.66985
49.5411,-1.70437
86.5368,5.02575
71.4158,-9.2677
67.6394,1.87381
52.8997,-1.12786
51.2997,2.46357
52.6095,2.90745
76.4011,6.70029
72.305,-9.25989
63.2766,3.28392
67.4721,-4.89356
61.8383,8.05603
23.2444,15.216
45.1692,4.43357
35.2047,-10.7369
32.5629,8.20773
55.4877,10.4079
58.7479,-8.86145
69.222,8.22883
108.86,4.99692
93.6509,11.1283
50.3204,5.75081
32.1624,41.8544
69.7999,13.5195
70.5057,4.23634
83.4241,0.923503
59.5121,-5.22846
72.0223,0.202283
57.9746,-10.6242
52.0319,-2.43241
29.2473,3.42453
68.8099,6.02612
76.7637,-12.6655
54.8016,-1.87061
54.3826,-12.348
47.1856,-3.2837
71.3148,-0.188386
52.4951,-0.137805
70.9739,2.79817
62.2888,0.863772
137.118,-6.77617
47.74,3.20796
62.5047,8.15974
38.7292,-11.8696
49.9985,-3.89906
44.0481,-15.4542
49.6865,-11.2472
75.4739,10.4427
81.8361,-2.66309
44.2477,3.09709
64.1816,-5.41159
53.6303,7.14927
41.8974,7.15795
73.2026,1.26372
58.1533,1.44675
90.4591,-1.46501
55.5213,12.4531
63.5873,-4.11014
61.8884,-6.01749
51.2985,-7.19869
78.0475,-5.5575
48.7464,6.59123
38.9243,-1.67618
110.268,0.58553
93.2912,-2.80214
66.9435,-17.3974
79.4374,2.57776
52.6378,17.9522
45.7078,0.788892
51.5927,1.07728
105.077,-2.77668
105.537,-1.51348
33.6894,-5.76415
50.8216,3.05363
63.0924,-2.92998
68.8963,4.81242
55.9725,1.24564
62.4184,4.95868
62.1648,-9.45436
77.6729,7.94403
78.4146,7.58737
92.3321,5.13718
48.8065,-2.76999
80.727,0.650699
43.642,3.02985
107.188,-4.09327
75.8115,-15.6518
37.7033,-0.712545
49.5686,7.74995
75.1669,-2.48165
55.5617,-2.83132
57.16,-1.87722
58.4758,-0.144149
58.5057,4.86874
138.093,-1.91705
78.8913,-6.62037
70.0906,-2.88967
67.6432,-8.35166
64.4985,1.62884
79.2737,1.88235
68.2613,-3.10952
38.9604,0.743662
47.0909,9.33459
80.6914,13.4499
112.463,16.1565
63.1763,1.09566
53.1149,3.46169
100.377,-14.9061
68.9361,4.55157
60.799,-3.55936
61.8425,8.23509
52.8251,-8.61048
39.1418,-12.6542
58.8712,-3.47442
70.9982,4.42183
53.9197,8.9482
58.777,-1.69625
89.1387,9.6629
63.5068,3.56177
48.4527,2.16526
48.8391,3.47313
93.1913,-0.237759
98.5201,-0.954706
44.7019,-2.83248
39.7227,-3.1462
58.9137,2.47729
80.5503,9.21768
73.4659,5.25315
51.1174,-12.915
51.8711,10.6141
32.4391,-5.29808
100.925,3.42181
45.7788,3.74347
60.1411,-13.2052
40.4449,-8.15443
56.8104,12.6622
75.7615,-6.20117
67.1597,2.36357
54.3125,-2.91677
44.1554,-0.446775
52.8696,2.52632
51.0092,-10.9133
63.2587,-5.33403
37.0542,-18.2412
73.6621,-5.6433
59.2266,10.1989
44.9614,-9.55043
102.997,5.84589
128.366,2.41406
76.3542,-8.05197
32.7904,-16.0515
80.2694,-7.91197
39.0041,7.85482
61.3829,-4.75251
55.796,2.53063
83.6737,-9.0624
80.8472,6.13565
60.7721,-8.39413
53.2222,-9.7124
122.476,3.48582
41.2777,6.80245
55.8308,10.9167
83.3263,7.87472
60.9352,-2.94366
76.7508,12.0591
58.2506,-7.80429
22.3845,-13.9318
82.9959,2.23444
65.3007,-3.60601
44.5048,4.84794
72.2151,-7.51258
50.7642,-18.7549
45.5034,-1.38573
72.3067,3.76665
74.537,5.73631
61.9419,4.52101
111.688,-4.92661
54.734,-17.9466
59.9004,-6.99981
87.4041,8.60043
78.9648,3.85495
79.5635,-2.53435
118.019,-6.51471
43.3643,18.5321
116.451,3.39954
54.8846,-5.56359
67.9008,8.40445
84.3191,1.56182
69.6513,6.51139
43.6861,23.7065
43.8911,-6.89282
119.64,11.4565
45.3709,-2.634
49.1631,5.15091
92.3274,-1.52043
70.9838,-1.97497
57.7605,-5.0904
77.0634,-6.89408
66.7909,7.37956
70.3748,-5.19787
52.5095,17.2992
92.1643,-9.10391
48.4248,6.93706
54.519,0.161153
76.2279,-7.50667
50.6357,-0.303403
98.2844,-22.7936
40.8915,-4.68264
87.1698,-1.17926
68.087,15.8035
56.3707,21.8701
63.0791,2.84284
53.011,1.95106
62.2131,0.721953
66.0721,5.08958
57.0677,1.00792
76.2833,1.93962
41.5064,9.9859
37.1594,2.26314
69.4605,3.02182
97.0642,-1.45185
29.7554,-4.23738
57.8129,-1.62012
36.7277,1.90298
45.7393,1.46018
80.7517,0.81975
71.874,1.13701
36.9619,9.33697
134.065,11.6351
47.6882,-0.209361
86.1779,10.4842
66.6681,12.7942
66.5113,-8.50082
67.3633,-1.92694
78.0974,-10.4079
104.824,4.73542
39.5247,5.15579
52.8252,4.09569
66.0106,-7.81085
93.7042,-6.02819
81.0436,-10.4004
61.2682,6.59343
59.32,-19.2355
59.5484,-2.44341
100.907,-4.85268
74.8774,-0.420492
32.8552,-4.38209
43.609,-6.29512
48.3484,-8.51623
44.1222,-9.2232
56.6533,-0.765889
100.868,-6.49827
33.8841,-29.3547
50.6549,-0.0585228
60.0589,-0.180747
41.9717,-14.3961
50.2139,1.36337
81.085,-2.50439
61.8803,-11.4836
55.1366,-4.7154
92.3892,-3.81835
62.2771,9.44374
56.1715,2.58083
56.2666,-6.19292
63.0342,-19.3537
51.2573,-11.8734
55.9485,0.21618
45.2668,1.66738
71.4181,-4.37168
56.4338,-5.72
25.926,9.04798
45.1775,2.91026
58.147,-11.1849
59.8472,3.43355
58.0524,5.06442
41.9049,-1.04525
57.4648,-0.612849
68.6929,2.17285
67.5331,-1.6376
45.4408,-10.3036
84.3229,10.2168
77.1189,2.02732
44.0369,-17.3324
46.7528,-3.85551
108.813,-5.52285
81.2226,-0.605857
62.6957,-3.62535
52.6227,-2.5069
135.826,-7.0283
54.2393,9.01837
77.9846,2.42421
103.663,5.13697
109.983,-15.843
92.2259,-6.79861
66.7745,3.21275
61.6609,1.94903
171.905,4.1962
83.8474,6.79231
44.5867,4.02465
86.3327,-6.76063
53.954,0.498177
60.9277,-4.72476
70.4232,0.75717
68.6728,10.2246
44.3636,5.42531
63.5596,-8.20751
86.6311,-0.710948
97.1108,4.86546
83.5064,11.283
48.5866,-14.9426
44.4953,-5.97001
36.5315,-5.71425
113.867,-9.19765
54.6666,-2.92519
111.955,12.3099
97.8334,9.80131
59.7961,-4.65044
95.2576,-3.09627
44.3025,-4.02107
80.7095,-7.31655
81.7156,3.0021
79.0678,-4.92838
40.4078,14.9101
56.3581,-2.74988
54.2183,3.72802
50.9022,-7.18686
93.8396,-6.84336
43.3667,-3.69815
92.0184,-7.30373
74.0783,-5.5758
79.0895,7.25436
75.944,4.35887
66.7193,8.10557
55.4393,2.91915
64.0757,1.14344
79.4432,8.53664
57.8779,-14.0274
48.2685,-3.44123
74.9511,20.7521
45.3098,12.403
52.0893,-7.01751
57.9984,8.18089
118.868,3.97717
128.607,2.13103
75.3231,-0.35282
58.6182,-3.98253
41.5868,4.9507
72.1836,9.54801
66.984,-3.85594
50.2751,-3.69721
75.7573,-14.348
126.556,-10.9373
55.9906,-8.39443
58.1471,7.55673
140.449,-0.630673
64.2916,-0.709437
58.3507,13.6036
89.9855,-21.9069
60.8452,12.5602
83.5735,-2.82385
69.7327,-3.05112
112.204,-15.913
65.2728,1.21379
57.836,-2.5422
58.1459,6.48644
54.757,-1.021
36.9784,-0.720961
54.7823,4.16254
112.933,-1.97765
111.225,-4.92148
76.1559,7.59773
106.064,2.98315
77.0603,1.82094
85.0171,0.494336
54.3025,1.11478
71.0308,-3.39056
62.9514,-8.05719
74.5991,5.61076
56.6379,-2.45282
38.6545,-2.1467
71.6656,4.34203
49.1052,6.89736
35.0569,9.4872
78.8582,-4.0789
77.9365,-2.30535
59.3575,-1.10706
61.0159,1.89224
45.1539,6.96883
59.5496,7.14737
76.1061,-12.0047
68.3689,-3.41214
33.7464,1.1793
84.1575,4.06319
62.1414,10.4504
43.9249,13.7787
61.6978,11.1834
61.8191,0.335686
60.2402,1.06403
54.9277,4.04075
81.635,8.69965
47.5242,-0.325803
66.4365,16.4089
62.856,-5.83877
67.1448,-1.55979
27.762,-4.36819
99.4512,-9.41111
68.4165,-7.34927
62.936,0.362271
44.6241,8.91743
43.6386,8.00566
92.7111,-0.629422
133.106,8.39538
80.7,-4.02577
80.176,-7.57628
41.2918,-2.04338
57.44,-6.66732
62.6169,-4.20842
98.4065,2.40396
122.994,-13.9845
51.1479,-7.05929
69.3205,-6.97577
63.4607,-1.97234
39.8513,5.30611
99.9533,-9.38966
57.4302,-3.71464
70.3866,-3.88766
53.7365,6.271
49.9731,0.232969
51.4666,2.70948
63.6747,-10.1633
63.3851,3.78378
61.2873,9.40533
60.7045,-4.12037
81.1967,8.55006
57.4771,-9.75526
50.4233,2.4804
60.3352,5.45846
49.4426,8.32158
51.4879,3.62474
49.1126,8.31683
105.735,-2.87646
67.0658,-6.17143
53.645,7.44857
47.1739,6.58368
59.8499,1.53251
58.2769,-4.5214
72.1757,19.086
87.678,-9.87144
99.2334,-3.5187
83.3754,-0.510693
58.8773,-4.54548
72.8383,5.64581
61.4616,-2.37362
74.4544,-11.0587
112.928,6.42926
71.5023,7.84386
69.3611,10.2386
53.0724,-0.160333
41.0446,2.41268
57.5528,5.49678
46.8343,4.06936
50.6616,5.97256
56.8397,-0.00807062
99.3055,9.08143
37.6213,7.91063
76.2091,0.972272
45.2349,6.48316
54.6965,-23.5608
55.8311,-7.8288
51.0426,4.57116
63.5357,-0.739389
53.8357,-2.31877
63.0062,3.34857
42.3418,8.91911
67.3906,0.712458
105.346,6.20121
96.8958,6.24376
65.477,-0.258691
55.5276,-12.5062
66.0097,13.9849
38.3832,-9.42052
49.9221,-6.68044
47.4843,-17.9055
38.4728,0.1331
46.3401,1.1077
49.4044,4.38528
67.5716,-1.89392
71.8305,6.54281
39.0176,12.9725
55.9218,11.0814
61.0841,5.85016
57.3459,4.06962
45.2461,1.473
58.7093,2.66973
45.774,0.687556
68.0772,16.5
62.9999,4.51411
41.5685,-1.07231
65.8863,14.9776
66.5179,2.76157
89.3802,-6.58683
80.3396,-15.0832
44.9549,8.13911
72.6094,-1.34943
94.9061,-7.56234
71.9723,0.102458
82.21,-0.204959
56.1655,-0.256318
144.055,2.95782
50.7952,10.1172
57.2419,-18.9218
43.745,2.80737
84.7583,-2.8043
70.1726,-20.124
122.444,-19.992
73.0802,-2.54872
90.2424,-7.16882
40.2221,16.9877
84.5632,0.653375
47.9812,-3.87812
78.673,-0.620272
90.1622,-17.5045
47.0001,1.08496
45.3791,-2.83084
42.8961,0.695368
48.9515,-10.3351
47.5027,1.89474
73.3544,-6.87906
65.7357,-3.58167
87.9487,2.24329
96.6492,1.0235
49.8552,-9.61879
75.7481,2.05399
60.6659,-8.14843
39.6868,3.84002
53.2047,2.9201
73.616,-5.30693
29.2681,13.5089
126.387,-3.58266
49.7377,-20.7158
55.3169,-3.62483
68.7908,13.5793
89.38,6.59067
108.478,-5.11319
50.6408,-1.01672
94.6023,-4.35196
51.4261,12.5618
49.8901,3.64054
105.793,13.3152
29.9255,20.6912
77.5101,-11.8519
89.9438,-2.39231
74.4393,3.25816
57.2448,-0.137675
41.5108,-3.44192
58.4406,12.7341
43.5884,0.901104
63.5864,-7.38013
40.9308,8.36362
85.7054,2.845
61.9766,2.49477
51.7457,10.9048
43.494,6.44428
99.7355,8.12159
43.4179,-11.3426
61.2632,-0.467448
47.1355,-6.09388
65.4901,-2.19184
78.1561,-6.28041
70.2256,4.90115
61.0013,6.763
88.3586,14.3265
41.439,228.211
62.1075,-7.93885
65.7307,-10.2826
57.268,3.79064
81.364,-19.9315
56.6722,2.70124
62.1187,12.0158
53.3522,4.9431
128.227,-11.7588
61.4266,6.3915
36.8172,-2.12637
68.1153,-3.85849
89.3688,3.51762
92.0774,-5.70174
76.8709,0.605857
62.3514,7.55604
77.8138,-10.4184
95.985,-8.72585
78.5847,1.17421
35.0466,11.7557
55.8768,2.73473
115.23,2.93123
32.7143,3.05333
49.1591,-1.70648
37.9229,-2.25856
69.1789,3.28487
58.954,-13.222
50.3238,2.52041
67.7581,5.4654
82.9493,-8.43772
48.538,-1.30886
37.4838,-2.53439
49.0632,16.0743
66.4493,-2.79563
83.8264,-1.75624
74.7155,0.0633997
67.3087,-0.917935
82.624,-11.95
63.1297,-2.86878
59.4218,4.98639
75.0947,5.85322
70.5862,10.9677
29.4819,2.69589
71.9764,8.57846
83.0296,3.51115
95.7338,-3.42423
55.8538,-15.4512
69.7146,1.32047
80.3575,9.16304
85.6476,2.8743
55.29,-11.1038
43.9573,12.0024
44.4096,7.36334
59.3814,3.04176
102.38,-5.23584
56.1222,-8.58692
46.5029,8.76124
102.748,3.61559
56.7425,-1.08949
67.2636,-1.19035
40.6046,-5.66199
54.5467,-13.6351
71.2234,10.2134
33.9223,7.9887
55.9506,2.58087
52.1608,-13.6024
46.3446,10.4625
45.9917,-13.3658
90.4732,5.3462
39.5111,11.741
69.1423,-0.247384
75.2639,-2.9926
58.3077,4.38083
72.3521,-5.44193
61.3969,-2.20979
75.4366,9.1936
36.0883,7.67986
48.1148,-3.82336
63.6976,-2.07022
54.3174,-10.1969
63.809,-7.17068
62.7232,5.06308
51.0289,-10.8208
62.3866,4.63081
40.6212,-6.91751
63.0366,6.81402
80.1459,-9.58647
84.7847,-15.8519
61.4602,-3.55004
46.9617,-3.67847
83.6519,-2.61462
88.8346,2.20069
69.7447,-7.64805
77.7767,-18.248
60.4151,4.48195
40.762,-1.52802
52.1877,-5.20788
51.4719,-2.81358
71.5546,-6.63677
70.1968,0.00159686
45.7859,-2.89601
60.4324,7.82785
55.9764,2.28092
61.5384,-5.91214
96.4513,1.93419
53.1217,1.5676
81.7355,-19.2773
84.4774,5.88218
53.9372,-9.34957
47.4116,1.81425
62.292,3.67355
40.5454,-8.88109
61.0891,-1.48012
68.4665,13.623
65.1437,6.79274
68.4477,-0.292225
48.1764,2.24156
49.5566,5.31828
52.8321,-1.15557
72.7173,-10.2471
35.0608,-18.8608
65.5644,-3.20533
40.2698,-8.97806
79.4694,-1.48197
75.9974,-10.8432
62.818,-3.0289
81.9211,-4.30194
130.212,8.38416
55.0766,-13.5497
55.5333,-1.84865
51.3279,0.743835
66.8091,5.75189
48.9157,9.89833
62.0253,-2.12404
90.4011,-4.78298
48.606,-4.35684
57.7387,-1.8256
49.0458,12.8349
67.4219,-12.9835
79.3956,27.1507
70.6798,-7.55846
57.9031,3.60321
43.9199,11.9839
53.5324,-10.2196
122.014,-5.80105
71.8157,18.5741
82.8699,-5.3743
74.7362,-10.889
54.3616,-3.28202
67.0311,-26.7396
39.7965,1.46398
65.0087,11.75
77.5797,-5.48172
43.4332,-4.20898
39.1819,4.31903
54.3543,-5.69911
77.5161,-2.11351
51.9993,-6.11261
74.3891,-12.4141
46.5961,-6.60724
79.3045,11.1258
49.529,18.2692
157.736,-6.04929
75.042,1.58797
82.623,0.3255
35.3769,0.00876115
50.9783,9.56938
79.5623,0.573273
118.2,-3.88654
43.7568,-3.72444
115.421,-12.7098
48.3267,-2.23401
59.3326,-7.24435
86.0919,-1.56389
59.7544,0.673357
58.8145,3.88969
67.0504,-1.73061
39.0335,-4.01684
39.826,10.1129
104.942,1.26575
86.1149,7.87856
108.311,4.265
113.31,-0.331111
57.1882,-0.255325
90.2454,-7.81128
46.0967,-12.9233
86.2894,7.51288
52.8355,2.07726
63.6232,-8.35373
72.558,6.19426
59.4848,-3.50023
125.136,0.0260677
55.867,0.0109191
105.215,13.4463
27.103,1.10062
96.4949,2.26646
69.7574,13.6554
23.863,4.59844
60.3084,-6.88415
68.9234,-2.7106
46.7069,-6.90715
67.9119,-17.7521
78.6836,-11.6197
78.7688,-4.70746
51.9599,6.42473
121.558,22.2557
52.6443,-7.4727
34.8495,2.57858
53.9658,-2.50539
96.6292,5.72975
56.8274,-7.78551
58.1301,1.60575
37.7343,-20.5076
46.0186,-0.769384
44.6057,4.5974
58.5243,-2.44514
56.1849,-20.9001
76.4635,-2.29016
74.8403,9.22221
65.861,0.305561
62.0145,-2.91345
64.5705,-4.02797
116.407,-10.1109
64.2077,-4.62628
72.7915,-5.32177
61.5842,-10.6738
96.7915,-10.9731
45.3085,-3.29268
46.4717,1.6196
49.7258,8.76603
85.1251,3.48525
47.2003,8.37462
82.0335,-8.65537
95.2521,-7.70023
61.5873,21.4296
71.4689,9.66174
50.9429,-15.3059
55.69,3.14046
55.0852,18.0877
46.2145,-2.02883
38.9134,-2.17721
80.4486,3.48504
60.2527,5.11729
47.825,-3.7729
59.2172,1.61373
41.9949,-4.27229
47.5071,-0.0376773
59.1788,-9.39566
52.0498,6.6927
62.1103,11.291
49.5594,-10.4399
48.6044,-12.3453
57.3556,9.61767
48.9061,0.393043
56.0874,-3.80691
94.6916,-19.4313
180.78,4.15201
64.6363,-12.8489
83.7906,9.14051
54.8249,9.0627
55.7352,-7.98508
66.3982,-7.45466
36.1543,-6.41161
60.9228,1.37956
55.4181,-10.1971
30.3597,-1.68775
107.565,7.32333
58.6136,-2.64863
55.675,-4.00544
47.0822,9.58202
72.1851,4.94125
124.974,-7.27642
46.8055,-1.94592
62.708,-5.68543
62.1142,3.13131
72.7847,1.6395
68.1614,-11.3292
65.6368,6.27048
57.1371,2.28994
68.1138,-10.3718
70.4091,-3.87251
59.0461,-5.2664
69.3096,-3.65297
59.5673,-3.97523
61.1422,1.96841
47.1109,5.402
52.5787,-0.0350446
70.9084,0.32714
57.2133,2.50629
54.4122,0.635421
74.4183,2.15136
50.4402,7.57662
56.0002,12.3362
40.6547,-4.84107
65.4788,-1.15142
57.108,-5.87321
58.2329,-3.07137
96.4229,-29.87
43.4371,5.5058
77.375,-6.57781
49.7687,-8.92528
67.5535,-4.43249
75.6028,3.93345
87.3983,7.42691
30.7326,-10.0227
48.6424,-3.62811
60.3125,-25.2101
59.1528,16.3549
55.8078,2.36991
56.7309,4.8816
71.4494,7.81123
79.2095,13.3527
29.003,4.79446
75.5623,5.67938
40.6607,2.93524
47.3254,-4.32158
56.5639,4.37971
75.8485,-9.18824
73.1501,-4.22456
29.5495,4.3306
58.6968,-4.76796
39.9219,-3.60446
66.0953,-4.30047
60.404,-4.10026
36.6171,-10.5874
98.6489,1.75568
59.8055,-1.20757
43.896,6.37458
51.392,-6.36418
49.7245,-13.9508
69.5003,1.81654
55.6732,1.35327
53.7467,0.54686
54.9567,16.8202
75.5334,-0.612374
48.3143,-13.9627
49.8349,7.30455
39.1812,-3.4184
102.258,0.803652
39.3335,-10.9268
85.2023,-2.15624
69.2675,7.97865
64.2,0.798085
67.0206,1.79556
42.5245,9.68616
54.3641,8.84803
127.115,-0.227358
40.1229,-0.0690102
59.4112,0.358991
45.3478,9.82846
57.3329,-1.23847
47.5327,7.29061
102.871,3.28457
40.596,5.52742
78.4243,-4.00264
48.1303,-6.7583
85.1564,-12.7553
68.8624,6.54725
169.352,5.80057
28.8856,-4.97055
43.6031,-9.66307
47.5158,4.43949
100.697,6.6179
41.7017,-3.00279
27.8197,3.10326
73.6021,-3.03749
50.0996,-9.10607
77.0808,1.89987
80.4476,6.60474
60.969,-13.6177
33.1227,-1.62707
57.5061,5.11392
66.2189,-9.66691
92.2123,-1.29764
103.788,4.49443
81.9722,-9.59363
73.1856,13.0629
60.3255,-7.07172
58.8259,-11.9599
98.5516,-11.6724
51.6339,1.10058
52.6948,18.1668
79.0151,12.4471
55.8034,-3.74084
130.676,21.4188
50.466,-6.7649
77.0475,17.9103
64.3086,-2.73378
34.7008,9.25549
71.5962,-1.08461
66.0012,-4.22382
40.4036,11.2302
48.8146,-2.78674
60.0017,-4.8769
43.1906,-3.71969
42.6227,-4.62161
65.7565,1.76539
47.6763,8.74894
76.649,-9.73989
84.6637,11.5774
71.2283,8.2347
154.475,12.7368
57.7523,14.3517
84.6661,6.77
77.1432,-4.41627
86.2789,9.3021
57.8972,-5.97795
48.6168,-3.40615
94.9009,-2.29689
46.2416,5.82448
77.3785,-2.07165
52.389,5.53592
66.6791,-11.2563
67.8093,-3.89284
101.066,3.65983
72.7999,8.96762
84.9802,7.06766
68.9252,-0.682895
65.7242,-2.98488
55.3114,-2.92264
45.8638,-5.90458
50.9071,-7.42039
98.8122,-2.16275
38.408,7.36114
46.9587,7.15963
63.9936,1.05915
47.7005,0.867311
39.1131,0.778491
45.5118,-3.94783
54.3961,16.2702
79.2629,-11.4081
46.95,-11.6976
77.8513,2.79438
57.3303,-9.85711
44.9746,2.26879
62.83,-5.87291
66.9462,1.11759
45.8708,-31.7903
44.3506,0.687038
48.0967,12.5002
74.9879,-2.94685
60.9464,-8.38597
84.6364,5.83104
52.5521,4.80681
38.2811,-6.40578
65.1116,9.03659
66.315,2.86481
47.5401,-1.24624
56.6086,0.552643
55.79,-0.341124
51.9387,-0.143631
41.0081,-11.9027
40.1445,8.11166
90.2046,7.78922
57.6209,0.328867
29.5404,0.670206
60.9402,-2.79727
55.3986,6.30371
67.8726,2.91962
40.0046,0.705898
60.482,4.41609
63.1619,-1.95892
82.5332,-4.44911
64.4102,-2.31683
57.6785,13.0195
35.5277,-9.49786
63.4321,1.37451
56.4534,1.04771
46.7604,17.6284
41.1449,3.59751
29.0622,-12.5355
50.4024,-2.21148
92.9899,2.42835
75.9432,-12.8941
47.9276,-6.47401
72.3333,3.37158
59.2787,2.61182
93.6801,-3.63212
77.3984,-0.474095
50.1148,-3.53692
70.4018,-2.45023
47.1582,3.90514
89.1256,-9.05066
52.8012,-0.327874
44.2806,-1.42915
50.4546,-5.73674
50.3932,14.2195
73.1735,-2.42477
44.4545,-3.86112
36.8445,-1.2124
47.2387,-9.22735
23.959,-13.5201
46.6039,6.94341
47.1923,-3.36666
56.671,6.3558
63.9452,-7.26886
113.908,-2.48066
56.6866,-9.0693
42.3921,-13.0235
58.1477,4.44527
43.4812,2.94729
95.8075,5.09191
92.9354,-11.3097
49.394,-4.55131
45.4887,-7.94507
51.6036,-0.0973221
47.9996,0.851428
65.3248,-5.08337
65.1501,-7.03348
70.7012,4.87849
94.7863,4.39762
63.6612,0
64.136,9.38293
65.8496,19.0738
51.715,3.51214
33.9982,-3.38107
71.8014,-4.38774
126.461,6.31985
58.5978,7.84244
85.0217,-0.68665
27.2951,14.996
61.1519,2.36771
70.9113,2.21247
66.8649,1.83656
71.178,2.74988
33.1777,-8.99938
38.1446,-6.98592
82.8122,-1.05358
55.6077,-7.63532
72.6155,5.0286
57.0812,0.19335
54.0761,7.23485
86.1251,5.40593
52.6773,-1.49552
62.3088,-7.37477
42.7743,-2.81647
67.0044,-3.96789
48.4191,-10.9591
75.5825,-4.37082
83.4004,8.22892
71.0487,2.26085
95.4061,-6.65938
58.4749,11.2653
49.3209,12.7067
41.8485,-0.0305993
29.9435,-7.24802
74.3613,2.94215
122.197,-8.43142
48.1682,2.72739
51.6162,6.56512
56.1951,6.29245
55.6122,1.26696
48.3708,-7.5522
88.83,-0.27617
96.4311,7.48785
48.4349,-1.94674
66.3189,6.05214
57.6861,-0.913835
45.3237,1.37157
84.4299,10.8587
48.0536,-14.1143
64.3099,-2.21243
59.9809,-9.54633
39.6753,3.22022
95.1986,-4.76253
60.634,-4.99688
89.7439,-6.06707
64.3438,13.2964
28.9779,13.7655
51.1698,0.0195076
98.4863,-7.54391
45.51,0.773312
77.8153,-7.16278
49.6048,-0.487301
49.619,-0.546514
94.7114,-6.73655
104.811,4.22564
68.3687,-9.17616
61.0883,-9.07245
63.8948,10.2071
60.1248,2.32088
72.8767,-10.9656
56.2076,-8.27998
66.3217,11.8622
104.024,-9.34534
59.3961,-4.5621
55.284,-6.88065
54.8091,-21.5797
93.7661,2.49619
46.6403,-3.41223
51.4234,1.41227
70.4405,-15.2238
110.878,-0.830583
1730.57,-7.08143
63.1234,-4.42559
56.2881,-2.43081
51.5623,-4.80102
50.2018,5.13852
62.5969,7.8449
94.4154,-8.14122
52.1312,-4.14204
51.6623,-2.93576
66.3162,2.43728
108.262,-3.09739
123.495,-5.89543
66.9677,0.68898
48.5266,-8.576
60.9173,-12.6695
53.8983,-4.25382
39.897,-9.30879
80.2414,1.79116
52.3915,-1.16856
78.4982,-13.6299
64.9335,7.77956
77.5496,-4.986
75.8693,-12.1267
40.2322,8.13812
63.1923,-18.5179
68.0016,-15.0536
40.5493,8.91436
77.0778,2.22041
104.217,1.75024
51.0138,2.44673
64.2092,-12.0534
59.7992,-9.14094
79.789,0.154032
87.4468,-0.71466
65.1847,4.47552
60.2553,5.67317
110.35,-10.511
46.8885,-7.8603
61.8787,-0.294167
58.0956,8.96222
40.4714,-3.866
63.5715,3.41141
87.8747,7.21409
78.1489,-11.6508
49.0253,-17.8588
43.0378,9.14755
54.2481,11.6922
57.1263,5.8461
101.852,-2.12728
82.9882,9.15687
95.0323,-3.29247
48.2032,4.55066
69.635,17.5408
70.7091,-7.92314
60.1713,9.503
65.7538,4.19909
81.5093,8.95152
101.155,-2.60055
91.8428,3.44607
45.351,2.79299
55.2666,-7.1431
46.4763,-0.786605
48.0473,6.1376
52.0456,12.218
54.2763,-5.66782
47.6633,3.62146
37.0122,-15.1725
46.0384,-8.67255
114.464,-4.70275
38.2031,-5.52526
50.9304,-6.33125
62.1373,4.41709
33.3264,12.621
53.4193,-1.86841
78.0051,-3.70148
89.3234,-4.04826
72.2553,0.0664207
93.8124,-2.78238
61.7557,14.0891
98.8994,2.37488
55.1813,-0.11683
56.937,0.216051
75.5764,0.640557
99.3041,-3.76022
59.6382,1.724
46.9394,-8.96796
128.49,25.7943
51.8592,-0.301116
63.3321,9.35393
64.0867,-4.44527
50.6255,-5.55133
60.5565,14.1496
52.876,1.20809
66.2498,2.93373
53.19,-7.28315
85.7921,16.255
89.7287,-7.55677
57.66,2.06241
78.8671,2.82955
59.349,1.43005
71.645,-10.1143
53.3148,5.00348
46.2339,8.44816
64.5915,-8.42646
67.6786,-0.673486
88.9536,-2.58389
64.5415,-4.23492
104.388,-26.4313
52.5634,-7.43347
54.0515,1.88145
95.4666,4.2331
54.5971,-2.25593
130.579,-4.36258
73.3118,1.59574
41.8221,6.2883
50.3755,-0.773528
59.131,6.75398
49.015,-3.81278
60.2047,4.77789
69.5999,-0.910814
55.9552,-12.6643
70.4113,2.8904
61.3276,-6.8614
53.7916,1.65538
54.8211,0.86429
71.5264,3.78352
46.7714,-1.16441
51.3853,4.91501
50.3124,-51.3623
37.6686,0.58458
40.3319,-7.61711
38.6535,1.61317
56.9678,5.9912
52.0322,-1.44183
47.1676,-0.905635
56.3939,-13.6485
63.7732,-0.645218
46.1374,-0.728513
63.0786,1.16118
72.9871,-1.34223
74.5469,-11.6205
47.205,-15.6816
90.8101,4.69684
47.2192,0.567231
87.3843,1.72979
75.9591,2.85432
58.6947,-3.08544
47.5675,-4.20026
68.2112,2.0574
55.1289,-1.10032
70.4195,5.53092
49.1833,-20.165
76.1984,-5.81969
88.6053,-1.50308
77.6766,-5.95581
65.5203,4.33047
46.7467,12.6691
72.4557,-0.578106
74.7528,1.48063
53.4526,5.29277
50.1919,1.25189
35.6532,-5.94822
66.9551,-18.4477
78.9233,-3.35362
57.9287,2.84759
53.0953,1.74852
66.727,-2.91906
103.997,14.1665
84.3646,-5.69781
72.0349,8.28244
49.6753,-2.86507
45.4438,-15.1392
39.3087,24.1236
83.1549,-12.337
40.7319,3.15211
64.5119,-2.43586
46.8383,-3.12389
53.4028,4.49214
51.4906,-2.10345
70.2503,-5.62151
106.48,3.58292
64.3013,-3.68154
58.1491,18.6619
76.184,10.0161
48.0265,27.3718
53.8021,-22.3327
92.2639,-0.12831
58.3642,-4.53085
81.3356,12.3224
133.15,-7.42242
49.4559,3.85348
42.2095,12.6483
78.9483,-0.0948621
53.82,-1.31348
45.9777,4.02473
42.5042,-4.05046
54.4166,-3.01737
89.5971,14.951
57.653,7.0614
95.802,5.08043
62.0262,-9.70032
58.8084,3.84571
51.8018,2.8157
70.9399,11.7464
39.2645,2.01532
71.2186,-0.576941
99.8935,3.15375
42.7447,-2.14057
47.2384,-0.198011
78.7678,-0.814701
50.366,1.27058
53.7764,-11.0151
56.1524,-6.9444
70.396,5.6222
35.2349,8.28373
58.1284,6.97254
55.6803,1.6436
62.1135,-7.23209
55.9832,-4.26008
66.8738,6.46279
27.8692,8.56279
67.8032,8.57622
103.189,-2.46512
58.2345,-0.49425
59.1776,0.0983579
103.158,3.11573
72.6259,2.5627
53.2418,-4.32538
46.5549,3.51663
53.0137,-0.980904
47.792,6.8192
78.8673,-3.9193
68.527,10.0822
41.4227,2.24557
66.0118,3.15091
108.869,9.81279
51.9095,-2.45735
43.7948,8.00381
40.8183,-4.51117
52.7736,-4.41333
55.3811,4.88208
93.5767,-0.361279
94.1546,-3.53515
49.7662,-8.82666
77.4361,4.38942
44.9486,3.48577
92.5242,-26.1613
66.7751,-3.98848
57.2592,-5.93164
72.9076,4.66965
63.1716,16.4956
107.071,0.82644
59.7995,-4.01951
75.1368,6.30229
71.1808,-10.0678
104.162,-8.57302
80.437,4.54635
44.9941,10.83
37.1073,3.49099
82.0345,10.0586
45.9989,-7.23244
119.222,5.78844
57.0723,-5.0459
62.2484,-6.03945
42.6786,-20.0885
60.0768,28.0538
78.6604,-7.16584
46.5968,-10.6049
46.1381,4.1363
50.515,4.24091
80.6468,5.24685
64.8914,-0.127015
71.3438,-1.93885
76.0191,0.405818
81.5757,-11.3374
34.6934,-4.3337
89.785,-7.9742
30.8836,1.15013
46.6519,6.22961
54.1704,-10.202
53.3956,3.15535
56.0816,-10.9378
85.2628,3.4985
48.8367,-0.776117
51.7261,-3.59419
75.8482,-4.13569
68.8232,-1.9789
42.8905,-1.02272
91.8841,1.6884
69.2891,0.16288
33.8055,6.25516
47.524,-7.71883
41.5712,3.76306
87.2197,9.67011
84.541,11.8698
74.1857,-2.42127
38.0599,-6.62585
57.4445,17.3838
59.3695,-5.37499
65.5899,-20.0919
47.2483,-0.440215
52.5119,0.383246
38.5416,15.0055
48.4246,-0.489416
63.0716,-8.63564
48.8469,6.21191
90.5904,11.6841
59.2981,6.84306
43.8185,-6.57229
47.4656,9.51668
48.357,1.20127
89.3256,-5.2831
59.5649,-2.84746
71.8011,-11.496
72.3535,2.40211
37.8768,-0.0472584
48.2152,-4.46206
52.9731,-2.09823
53.5112,-13.1974
45.7056,-2.1924
33.9968,-1.89189
73.361,-1.384
60.5916,4.25399
53.4658,0.303317
32.9587,3.50903
60.8224,-8.09159
55.0723,4.38813
110.994,-3.24538
75.014,-5.13054
76.4619,-56.6447
81.5679,-3.06308
58.1924,0.692001
49.0688,-4.29357
50.7611,19.9934
68.4086,-2.81259
89.5249,5.32682
67.3757,-3.42013
47.179,3.69548
40.8558,6.21558
55.5716,1.60174
32.2923,8.9583
38.3821,14.3986
73.3462,5.41327
84.277,2.11006
41.702,5.32868
84.4631,6.28364
44.1098,6.14618
68.9195,3.50342
91.2266,3.49009
49.3425,-2.00669
64.7262,2.15999
91.3978,-17.3778
80.1173,3.63182
65.0493,-8.25555
105.367,7.81192
36.6532,6.2256
47.0102,11.4008
94.3126,5.47365
48.5039,-10.6328
83.9246,-4.12197
67.3211,13.8897
42.7625,-10.8212
39.4353,5.82422
61.0049,0.711595
71.077,3.33303
79.1578,-2.92523
67.712,-3.1002
52.7704,-6.1827
82.3664,-3.15712
67.4338,-4.3744
74.2808,-3.74002
80.9044,0.426318
67.1948,-12.5214
83.2009,-51.8508
41.7464,11.6858
69.6687,-1.9581
118.478,-3.63881
75.5407,-3.3071
62.5108,7.01293
57.9275,-2.39188
77.232,-11.5352
27.5176,-5.62712
44.0838,2.53737
70.4859,8.63504
61.4804,12.0199
51.6094,-5.85508
75.9876,-3.18392
79.4717,-3.27468
74.0664,-6.86542
72.9911,-11.0127
65.2859,-7.4569
92.7899,-6.25568
98.9436,-0.0252045
71.4608,-9.64551
63.7575,-0.957296
111.444,6.03475
89.9793,-5.36657
54.7986,0.154162
102.502,0.208843
68.9445,3.88563
34.388,8.59788
68.3122,-4.36448
120.081,-6.89852
52.8842,12.0679
70.7793,0.741072
77.6815,10.3951
104.699,3.68607
60.0454,-13.3436
49.9152,-1.38685
52.0339,-15.4934
52.552,-3.27572
55.6145,1.21193
70.5635,20.1745
36.5703,10.6906
38.1655,-2.99752
67.8001,3.80877
73.5692,-6.8586
94.358,-5.38137
60.0778,1.19588
49.1534,-17.3209
83.2822,13.294
79.8365,-8.15055
92.1844,4.36279
68.8648,5.87869
55.811,2.31083
47.0729,-5.72694
43.9476,6.2694
69.2798,-0.0214066
46.5039,-2.18084
77.4806,-2.71181
49.8538,3.28142
64.7724,-8.20872
46.8134,2.75074
77.4145,-8.0436
100.347,-2.32101
84.0078,7.2904
85.1805,-0.330507
52.0333,-4.23599
54.419,-1.53424
90.2736,-7.21453
47.1965,58.9226
84.0674,4.67189
99.3923,5.51176
57.2586,-5.54059
52.6784,0.0863167
125.196,-2.4851
48.1989,0.65536
45.5209,-11.8302
72.0165,-3.64429
70.2956,-10.665
23.5069,-15.5619
61.8568,-7.61754
92.502,-9.8269
34.0746,-1.38154
67.8435,11.3444
65.8886,3.41223
45.5068,6.92869
57.4003,-3.94109
61.1213,-10.6618
40.0145,-7.97334
56.0743,-7.34383
54.5241,-0.674565
56.2375,3.55224
96.7062,2.13893
29.686,-0.362142
59.6114,4.08352
61.1504,8.41929
53.6031,0.740727
62.4261,3.12259
73.0798,4.36055
52.709,-8.66611
47.3542,0.813578
65.6899,5.03822
69.7596,-6.40941
89.0008,-5.62039
84.3423,2.65756
43.2742,10.9479
58.6679,1.88317
96.9984,-3.62094
74.8705,-7.73933
35.0257,0.91116
43.9522,-18.0591
87.7841,4.17678
50.7777,-1.01552
53.9988,-2.6914
83.0018,-0.825879
64.5059,3.01841
60.7158,2.41083
93.5843,9.60326
61.2824,5.90199
127.078,5.62695
33.9403,-6.8324
60.5561,-3.86518
47.9266,0.976415
57.1728,7.41685
48.1755,-10.0454
57.7299,-1.3121
42.7437,-3.43018
52.3173,-18.8759
67.6574,6.87042
74.5388,9.8039
60.3872,-1.36022
50.5003,-4.73995
62.46,-10.2067
45.6568,3.13278
44.7991,11.9367
69.2043,-2.02089
51.9566,0.489114
45.9639,4.27466
74.6187,-3.20114
95.9186,-1.77031
63.5907,-8.7965
48.3116,-8.78161
47.5942,16.9864
60.1032,-1.62103
38.7624,11.4728
51.3734,13.051
80.6231,26.8478
49.2282,-1.20645
49.6592,-11.6317
71.8848,4.59693
46.7922,3.44516
51.0077,13.2803
60.9281,11.0349
60.8597,-1.45047
44.2406,-1.60364
79.8204,-8.30803
49.1756,4.91634
76.2523,-6.62356
52.7785,2.26728
82.3347,-10.1518
48.1748,4.14122
85.1134,-4.86956
62.3414,-0.797696
54.0924,-4.95924
41.2963,4.48221
35.9068,-3.69371
62.4926,5.57213
62.8284,13.4884
57.1658,5.78076
36.145,-10.6123
101.665,5.91878
99.7206,9.97291
70.9726,1.33825
51.8623,3.9663
64.1871,-2.41881
60.1614,15.5158
61.2752,-18.4959
52.2449,3.49186
58.2154,5.53036
66.1178,4.34885
90.2993,-25.178
105.764,6.5952
28.5387,20.4225
34.7001,-10.918
79.8313,-5.35112
58.4414,-10.9953
55.9828,2.06988
59.3629,5.90208
20.9435,13.7993
52.528,0.343066
70.1405,-10.9683
90.2084,11.4684
58.5639,-12.3302
48.4439,-6.21817
33.3152,-5.06131
117.19,1.70161
50.7845,-0.0436763
56.1213,-1.44041
28.6601,-10.3895
82.6224,-4.64138
60.6639,-10.4268
53.5417,3.35125
103.047,-0.0416478
54.5203,-12.9108
49.7094,0.296541
45.168,2.36504
80.9249,-10.673
72.6052,8.72921
61.0658,4.03155
65.7924,-10.5093
39.9057,-0.863426
97.0875,-7.62608
84.0458,-6.43353
88.246,2.58311
84.0558,7.71033
63.6237,-0.948707
61.218,-4.58036
74.6033,-1.2033
53.9979,-8.09194
61.4385,0.566497
112.642,3.67869
64.458,2.5526
38.1114,11.3459
43.9241,-6.89097
66.5991,0.563174
55.9713,-5.19264
112.175,-5.19225
39.0701,4.15136
67.9451,-7.02644
117.32,0.651994
50.3273,17.316
41.0114,-11.2788
78.1122,-1.84377
65.2814,-0.232451
26.8859,-9.21707
77.2028,-7.11129
44.3552,-4.67513
66.607,-4.51385
48.9844,-5.09994
111.062,2.73538
78.355,2.0076
73.7905,3.15544
47.671,-4.11895
41.292,-3.93186
37.7077,-3.5682
105.842,-11.2165
57.7814,-11.4562
42.9166,-16.8156
62.2874,10.3662
54.8954,-4.00497
83.1268,5.06248
58.1412,-1.87838
63.7133,-5.65547
69.0577,-9.56234
41.732,-5.6269
42.1668,-0.294685
97.5643,-0.0354762
73.1002,16.9897
70.5587,-4.37652
99.4474,1.78158
48.5463,11.9802
66.2242,9.87209
43.9693,-7.68374
91.5143,-0.974602
46.0045,12.3306
42.8699,-12.2468
59.1838,-0.573186
38.0531,7.15462
50.6979,-2.48868
81.0557,-0.605296
51.7996,0.955181
62.0583,10.1726
32.287,62.3299
28.1549,8.37842
43.9884,0.542717
38.9257,7.1078
87.5953,-0.609526
66.7423,20.3249
67.0987,6.67945
52.7737,-1.30269
44.9029,-4.88242
87.8422,-13.8502
66.0372,7.61698
47.6703,15.6267
34.7393,-0.913145
63.594,-7.75047
128.97,-18.7937
71.8908,-2.24484
102.356,25.0177
62.6019,-5.36286
69.4386,3.38003
91.2182,-4.60552
65.6175,1.61127
65.541,-16.3002
47.3951,-2.95898
77.9802,-8.96227
50.794,-2.68549
94.0103,-0.336204
69.3749,-8.63012
52.3722,-1.41124
121.396,0.605426
39.0858,-9.01708
70.5101,1.94023
60.188,19.2889
72.5258,-0.0372888
57.9467,-0.246866
75.353,3.17382
34.6376,-9.29575
149.025,-2.51061
84.725,-9.35574
46.9008,1.59125
35.5247,7.06511
142.064,11.1192
49.1803,12.202
72.8324,-12.9497
52.2565,-5.49018
81.9809,2.83585
51.313,2.62718
31.2898,0.182474
61.1776,5.83618
69.9071,1.48754
124.781,-6.35753
152.252,2.26543
61.7495,5.22242
30.138,-9.96902
60.8742,0.81237
69.0761,4.00251
61.4193,-1.19229
70.7372,-12.6277
59.9176,2.7936
82.5768,2.56119
57.3453,1.27969
51.7653,-3.19109
33.5563,2.34764
69.9958,3.54248
47.0733,0.84517
46.5561,18.2914
40.9639,1.96858
98.7998,1.94018
36.3994,13.0996
113.414,-10.0043
66.025,17.4738
62.9513,-4.55752
84.0575,2.18442
63.6486,14.1477
99.6161,10.9944
41.1436,16.8698
54.796,8.18028
57.5903,2.05434
66.5216,-2.19098
112.648,5.54365
65.7218,-9.5809
54.8926,-2.54772
66.8113,5.18216
59.2364,4.83607
59.2749,3.86017
46.8221,-5.9748
40.7117,-5.76941
47.8215,4.87936
68.2403,-8.02625
79.438,10.9697
39.9817,-6.60112
38.1594,0.841243
63.8486,-6.60211
99.3335,1.29078
63.4932,-4.45321
50.1644,1.55681
73.17,1.9486
69.864,0.434173
75.5237,-8.96033
43.398,-12.2597
75.9453,-1.93971
46.7343,9.09705
61.0421,-1.92029
56.3344,4.50224
117.151,0.365767
45.3311,-3.26394
73.9093,-2.70858
57.9318,-13.9459
45.8302,-1.60627
48.546,-21.8333
63.548,-2.51665
62.3614,-2.80996
27.7847,-19.2797
42.7667,7.13581
64.9109,1.789
61.6243,15.2859
139.614,17.019
43.7435,-10.082
68.7153,-7.37029
152.656,0.5097
68.2739,0.0688808
94.5031,5.10939
77.488,-7.97506
78.8806,4.19612
56.3761,3.53199
57.3095,-4.69481
58.8874,-2.99027
75.7586,-8.96576
84.2114,11.0623
73.869,25.1905
66.8336,-5.01293
85.4873,7.52967
48.4898,14.8564
57.6672,3.73061
63.7533,-7.01932
56.9176,-2.74612
75.9952,-0.588162
43.2533,-12.247
81.9906,1.1569
53.298,1.52845
53.3626,-3.53912
61.7483,-0.627221
65.5682,16.6207
36.8237,13.3575
116.321,-8.57328
60.0936,1.90751
51.5886,-4.55813
54.7462,9.36053
138,6.07981
84.4807,8.14998
75.9592,-3.03628
55.4684,15.2257
56.5776,-9.52415
44.0886,6.63953
57.4487,7.20753
91.9429,-2.28959
61.248,-11.1143
43.8357,-9.28039
56.8457,7.88883
81.0731,2.22935
86.2417,-3.72806
47.4882,9.01345
75.9088,18.2675
81.2167,-5.72207
49.8578,7.6979
58.0771,-6.43793
35.2794,15.261
52.7688,2.00436
69.1533,-2.97098
65.7752,-8.58519
48.1606,9.15773
59.1703,-0.779095
47.737,-8.72516
59.7552,-4.32883
69.8709,11.373
79.8469,-0.0370299
54.3048,8.60306
63.6797,4.69464
42.5934,-6.69524
54.7707,7.76229
85.4181,9.33352
193.005,-16.6182
67.4028,10.2272
60.399,-4.38321
76.9165,-0.185236
54.6089,3.98628
64.4131,-8.20613
39.263,6.23129
55.5397,-0.14881
45.9636,9.47706
129.624,2.59939
116.403,-9.85271
43.1748,15.8264
55.5293,10.5669
45.261,-0.484841
100.371,5.88029
67.208,-1.20351
49.9244,-0.166073
51.1692,-14.3988
46.8484,4.71009
60.9705,11.2046
51.9716,-1.90622
75.3018,-7.61206
29.0507,-12.6307
63.2427,4.90521
55.9512,7.88137
94.8434,-3.82003
70.524,-4.29072
70.0423,12.2052
40.8471,-5.73484
84.2651,-5.23157
43.5378,-14.0928
55.5816,3.40701
48.6175,7.96302
39.3788,-4.79602
60.7697,6.32849
53.8808,3.11729
83.1092,-0.768219
64.0648,-0.924668
65.9196,7.92681
55.9391,3.65413
124.621,-1.60057
47.6902,-9.36571
60.7392,-6.22572
39.7996,-4.70046
59.0673,-4.55485
49.2402,5.40921
50.7986,0.777541
79.7106,2.0918
34.4503,-8.00476
65.4286,-3.13541
39.3942,5.58167
56.2923,2.62822
64.0574,0.447207
44.4782,6.09116
66.408,-1.02894
65.7618,4.29538
46.1878,-12.395
97.9103,6.04731
41.3794,0.63896
60.4638,-10.2344
95.7649,-12.3459
72.9252,8.82235
28.7834,11.2857
79.8601,1.63255
56.2782,6.90206
60.9657,7.76967
62.4047,-6.30656
115.612,-3.41935
57.6633,-11.8448
44.8629,1.22807
41.8563,23.4707
52.0828,-8.5224
64.785,-3.83855
106.785,12.2238
50.6671,0.069485
60.7522,-0.954361
55.69,-11.4472
27.6967,-6.4949
59.7531,7.92332
85.2616,6.80974
64.1316,-10.8706
55.0294,-0.955915
34.8802,0.586177
49.3761,-11.1867
94.3849,4.1016
41.1077,1.25833
66.2589,-5.02683
31.8158,10.0414
48.7023,-2.73762
53.7007,6.48916
40.6554,17.7958
29.4895,7.65146
81.7074,0.654022
77.6588,-4.05464
83.913,-1.64515
42.1032,6.92619
99.0187,-17.3633
39.519,2.77616
70.2429,6.26176
79.8824,0.333701
80.9838,-11.4067
23.8346,-1.1888
54.6084,-0.944003
59.4961,1.16774
48.2492,9.44586
39.9681,8.42538
64.617,0.939213
64.3357,-5.92344
57.0573,-13.1654
56.7159,-12.0818
61.048,7.45311
57.4258,2.92929
67.3724,-1.59716
81.0823,-4.27548
52.4513,-7.15868
37.6013,-4.00613
44.7543,6.716
87.6332,-7.92142
74.6429,-7.96945
104.636,-6.17117
39.4075,-7.14159
70.7264,3.88809
116.182,3.31556
48.7262,4.08818
56.8128,3.6575
103.706,8.26336
78.3572,-1.83263
50.9358,-7.47395
107.311,5.94455
66.3887,2.6753
50.7456,-20.5766
41.1228,7.81011
126.642,-13.4191
61.2338,4.0467
52.9641,2.81345
48.017,-4.08451
41.9404,-7.16528
62.8291,1.21806
49.3993,8.92709
64.9287,-2.39667
63.9969,6.55451
67.8331,4.98466
42.1584,-18.5688
24.493,-4.01632
55.6129,-3.73954
38.296,0.898212
59.0874,12.6371
66.462,6.81134
63.9242,18.0604
36.2156,-8.62801
35.3904,11.5112
92.1065,-1.07766
98.6821,-4.46758
42.8211,1.75029
65.4786,-0.830928
63.5448,6.31062
102.812,-15.0737
58.759,-4.87979
52.8418,7.0901
54.0948,5.71818
62.5261,0.177899
47.8207,-6.30781
48.532,2.06586
70.3137,-4.75834
30.9975,-17.0005
57.5496,-0.124037
39.9389,-5.19562
51.7115,-10.0279
47.0072,-1.5695
110.173,3.55237
58.249,2.09202
73.5558,-4.61514
43.7998,9.75746
66.5391,-2.67496
89.785,-4.40755
69.7712,-4.13643
70.255,-4.07726
61.2409,3.66816
46.8205,0.338405
61.0618,10.4118
52.6197,1.38133
53.9955,-4.35338
57.0543,-13.9525
74.4837,6.01736
28.775,-1.99258
92.3938,-1.71943
57.791,19.2821
27.1009,21.2796
42.9353,-7.97813
37.7152,-14.6826
53.0346,-6.06034
42.7696,-4.03302
37.1618,6.93995
35.3256,-0.974646
54.7584,-1.9281
49.2535,-0.250923
49.9032,5.23472
51.4986,-3.58473
50.3641,8.87578
47.2377,-23.5946
120.031,-8.0767
66.6226,7.44184
123.585,5.88965
58.2359,-1.67467
45.791,1.40826
61.9109,0.954232
84.6059,21.2426
53.9942,-10.3294
69.9611,-4.9942
56.1664,0.712199
50.2097,-11.5464
56.006,1.91373
117.877,-13.8975
66.9314,1.65957
63.4414,-9.26187
47.0521,5.19787
71.0284,-0.881769
111.569,8.8659
64.0422,-7.54417
42.6095,-5.71598
61.8538,-6.92226
67.7875,0.164433
70.3948,-5.96233
54.1288,9.10219
65.6734,2.16357
89.6566,1.64477
51.5278,0.824239
60.1488,0.206729
58.8175,-9.76911
48.594,-14.1454
64.4954,-1.1181
57.9724,-2.68143
62.9497,-8.64156
57.2075,11.2888
63.0059,0.739691
33.188,-11.6148
74.9206,-7.57309
80.6172,3.65124
50.9456,3.98352
57.7675,4.83227
67.3218,-3.1708
30.6781,1.92529
62.1765,-13.6097
98.1543,7.64335
99.864,5.15799
78.9333,8.90573
75.161,-12.2149
46.7187,11.7711
60.2713,-8.57086
51.1896,-9.76117
99.8893,-0.785223
59.5473,9.96134
64.2071,2.59149
85.3836,-3.83471
57.1959,-7.11608
52.845,8.92973
43.5085,-22.9407
56.4812,1.19777
45.8545,-4.20932
60.0467,2.34531
27.8149,-1.13692
57.7577,11.5678
66.7429,-0.590493
62.2051,1.10762
51.6458,2.25874
104.342,5.17365
37.2627,-12.2956
43.8821,2.39961
103.277,-1.97911
116.913,-12.0966
58.2517,-5.57347
128.099,0.812931
68.421,-4.60858
63.14,6.90124
55.2926,-5.74649
54.4087,17.4753
80.6407,4.25045
59.8817,-3.28362
51.5952,12.5098
88.7987,0.374183
93.8309,4.33517
46.4188,18.3943
53.2939,-5.18034
81.0446,9.00689
98.7254,-2.20492
56.6673,-22.0252
86.9327,14.0987
42.1594,7.0412
110.68,28.4923
52.2439,6.80491
99.8753,-1.57714
50.4339,36.4152
39.5718,5.11384
40.7497,-0.860492
38.1892,10.3209
64.3368,0.885351
39.9994,21.9012
85.2128,15.0272
70.7305,-0.383678
54.0421,-20.4486
66.8493,16.9117
59.2708,1.46057
85.6111,-1.96733
78.3605,-4.0915
77.9629,-5.33571
62.7737,-6.27924
50.2323,-1.74286
34.6666,37.5759
30.6004,5.15941
66.8474,0.337412
55.0625,5.32164
35.5465,7.60554
43.2215,-21.4887
32.337,4.11852
46.9427,-21.086
40.1587,-1.05177
32.4272,-22.8775
124.35,-5.07538
44.4022,1.60692
54.0867,-13.6969
87.5301,-3.16731
57.374,10.8647
58.3084,-20.1284
45.8705,7.20331
69.116,-1.66846
105.755,-7.37905
91.3525,2.50224
96.2392,-1.35474
31.3367,10.2484
73.8905,-6.78376
46.6802,2.18765
131.147,3.38552
46.8177,3.57649
86.291,-2.28916
59.4231,-8.06893
55.5572,3.48133
57.2709,-5.66195
93.7736,0.839948
77.7788,-12.5604
81.0109,0.749445
52.0841,-8.32749
101.139,7.13024
47.3893,-3.85944
61.4567,2.90978
61.3427,-1.35979
58.4302,-6.53189
70.2477,2.29568
62.4017,-0.575128
60.8249,-4.71587
44.1287,-2.19732
74.7961,-12.9416
49.7723,-0.327443
40.6977,-8.81665
50.9299,0.465593
43.7336,-10.5557
58.414,7.61801
47.4873,2.42015
61.1072,2.1265
51.6785,-3.54934
37.2732,-11.1671
42.4261,9.05804
62.3563,-8.83922
66.4485,-0.834467
58.2129,1.28664
53.979,11.3426
66.6226,5.59376
72.7704,3.00723
69.4729,-5.45177
108.447,-7.24176
68.0229,1.35155
63.5265,1.41736
63.2729,5.91762
65.0968,-0.973351
70.4117,-4.46832
45.437,0.447078
99.1388,4.6567
57.0862,7.49186
56.3693,1.61136
85.4217,19.2354
93.8889,7.13287
35.8741,10.8853
58.9951,-9.32916
45.9896,12.8198
77.926,2.21623
75.2556,-1.62435
74.1107,1.78503
75.269,-16.6828
77.5693,-1.49639
82.7733,5.47589
53.6092,-9.14133
36.644,-17.8149
74.348,-2.7759
42.2448,1.67269
91.1194,4.27341
53.8621,10.9956
54.5041,-7.93631
52.4731,3.07253
64.5679,0.986298
55.413,-8.18296
100.577,0.508492
61.3799,-1.44732
65.1507,-15.1651
43.1535,11.1272
33.9938,-0.445265
58.3964,-19.0839
91.5196,7.85961
85.1794,-3.55793
60.4682,5.35013
36.8711,-2.90952
116.015,-3.8269
80.2889,-6.73374
80.1545,-3.53048
37.8731,4.1341
90.2674,5.01543
35.4329,1.40964
59.4985,-7.58237
66.3775,-8.59111
44.0043,16.4539
38.6978,-15.2427
110.704,-5.88413
72.3377,-7.17935
59.7905,-2.40664
67.597,1.85603
40.3118,11.8553
43.905,-4.86861
59.7541,-1.23985
53.3275,10.3303
84.4431,-13.9426
45.8132,9.43347
97.2581,4.50012
52.1921,4.53651
68.8658,-2.63719
50.5846,-4.33573
58.7598,-1.73069
59.1168,0.348115
63.1595,-4.88432
49.8918,2.26638
108.774,2.55804
62.1383,-0.316523
36.9615,20.8836
60.2096,7.3106
83.7395,-0.420017
87.0707,-13.2406
68.5559,1.23057
89.5011,9.52272
45.7897,3.16049
49.2225,2.19374
60.6099,-0.485747
58.8789,19.4084
107.245,-0.0298224
72.0904,-5.6307
36.1668,1.21914
81.0416,-3.24279
63.728,-10.0819
56.1906,3.05712
82.7598,8.64652
83.853,2.00371
78.631,-1.2585
61.2484,3.59613
46.7693,10.9749
64.4923,2.35912
40.5347,-5.10119
55.6532,14.6466
61.4434,10.2657
64.5258,-7.16312
46.281,16.2026
47.5992,-4.94591
44.4809,-8.28537
58.6065,-10.862
66.0645,3.93186
55.8019,-1.53631
47.8869,-1.55569
54.2096,-1.17684
63.1227,10.548
37.55,-4.96951
38.9818,13.7694
35.7284,4.72912
72.3529,3.19437
104.166,-8.11658
33.8217,5.17637
78.2313,5.54197
50.7857,-0.325889
74.1824,-1.3074
62.6693,-1.20196
34.4772,-0.258519
84.9307,-5.33696
348.623,1.22971
121.383,-12.0556
72.4648,4.32719
59.2426,-9.56605
50.5797,8.37238
45.6746,-4.2924
67.9433,0.330075
69.8832,-3.94196
40.2707,5.06394
110.052,-0.644484
67.0161,-5.39264
138.483,-2.36115
85.6146,6.97228
41.6637,9.31979
77.7138,-8.048
52.4309,1.08975
51.1533,9.18194
103.354,-1.24659
49.2106,0.0991779
107.537,-3.85823
63.0312,-12.1293
62.8774,-4.763
66.8111,4.96373
58.9992,-0.150191
74.9662,3.30947
65.453,-0.17764
64.1157,-0.317646
44.6886,2.69256
74.6792,-9.06779
65.6295,-12.6281
56.4976,-11.4496
109.953,-0.0880431
67.7895,-4.11399
51.6715,3.71179
33.4284,27.3555
40.5857,8.77669
54.1138,-5.69375
44.5027,-6.70802
34.6156,-7.99397
81.5354,-2.00298
75.662,1.86798
34.7853,-0.00871799
56.9706,-8.02409
41.5766,8.49534
47.8157,-2.24424
85.2455,-2.45442
72.3604,5.34715
54.7116,11.4107
44.5335,12.0425
86.9097,-2.62058
75.4632,1.39967
62.9178,-5.18013
53.5847,-9.25108
38.1166,-8.4038
55.5441,-3.57054
49.3936,14.75
72.1152,-1.83397
53.875,10.3917
81.1182,-2.96373
121.051,-7.98145
76.6524,-0.0202844
82.9451,-10.2443
94.96,-2.50198
38.8926,3.32691
60.8319,3.93402
33.517,15.7646
48.9044,10.5934
65.2539,4.4845
62.4493,3.5345
73.1386,-5.2336
78.7656,3.69229
114.38,5.4932
54.2902,5.66639
61.6773,15.374
81.0855,-3.58888
97.7189,-14.8386
71.3155,-2.45796
50.5862,-9.20629
37.6075,36.0856
52.3452,-0.536243
76.5826,-5.37896
71.4077,-4.60854
41.0288,-3.36609
112.728,8.6123
47.7082,0.492998
93.5052,-13.7824
68.4267,6.423
77.4629,-8.70699
112.218,2.10047
56.24,-8.58463
40.6612,18.3875
38.4099,-2.44535
41.4423,-13.6082
57.2065,4.15248
83.5139,-1.05445
60.3047,-2.46046
52.403,-4.79684
79.961,0.956907
45.4973,8.38377
69.0727,9.88974
50.8816,-2.14601
52.0059,8.34044
50.5542,7.29018
73.1103,8.10553
84.3671,11.5891
66.5367,-6.92006
46.5066,5.65746
92.4773,-5.95029
79.0318,5.49156
63.9384,0.0198097
116.368,-0.357438
87.7593,-11.8549
84.8319,4.67392
83.2257,-2.58165
83.479,-1.31292
49.519,-0.858852
62.9303,2.53849
72.2735,-9.15493
56.6382,5.61961
60.628,-10.7791
81.1441,-15.754
69.5589,-1.93967
83.2523,-7.29381
78.6475,4.00402
53.5365,-5.17594
77.0344,18.5008
67.9716,-2.74017
75.6346,-13.4437
53.683,-4.14333
33.5481,-23.1637
45.4466,-3.45962
98.1906,5.41581
42.8314,-5.63325
55.5435,3.39674
64.5262,9.55941
59.758,-10.2714
36.4958,9.30451
56.7528,-13.2294
58.2617,-11.3689
66.8164,6.23565
62.5564,1.01388
69.7344,3.99681
142.395,9.59281
48.2442,-0.949355
65.1718,0.139488
76.1515,-10.157
39.2146,-9.59687
49.4813,4.0716
64.923,-1.35163
65.3692,-1.06549
76.3644,-6.16232
54.6918,1.85076
65.3541,-9.36519
61.1238,7.79501
60.2935,-1.05224
47.5758,-12.4735
127.249,29.0359
53.1842,-0.771111
77.5136,-6.71782
39.557,-1.24693
45.055,5.46855
52.6936,10.4145
79.1365,3.64261
57.5081,-5.17301
61.8177,1.13744
141.389,-5.12273
60.9568,0.379621
42.0931,1.49604
100.326,-10.5957
64.3583,13.4353
52.946,6.18395
60.9671,-6.62826
93.3101,1.77247
72.9979,-2.54975
59.6923,-5.42794
70.5057,18.6735
81.3719,-6.99071
77.5659,-5.35837
51.505,-12.9244
86.0358,6.60556
31.0849,9.82591
65.3522,1.39341
73.8628,4.4435
66.8866,3.59414
58.3154,-12.7126
62.4122,-5.89043
58.9099,-12.0981
67.0249,-11.218
97.2862,-18.1023
66.6833,-3.61585
101.286,8.14053
54.4139,-8.77742
74.5301,-0.416867
67.1034,3.6168
62.502,-15.5887
118.624,-3.77662
72.3974,4.5886
52.4135,-3.1046
72.6136,-2.91103
69.917,-1.94062
74.4578,10.9123
60.5182,7.35104
50.0984,-7.43179
41.0257,-7.79885
53.0596,-0.243586
57.2045,-0.676637
84.6101,-4.5331
44.2808,3.63264
62.4258,5.04634
43.8716,-9.6364
64.0925,-10.3126
121.27,-0.942924
39.3076,-1.45539
53.3316,3.37917
42.746,0.917288
176.233,2.35951
73.9499,-4.2259
55.1085,-13.521
132.937,1.43057
75.6367,5.63605
46.0561,9.11768
126.91,-0.574093
73.3877,6.61238
34.5329,9.96341
91.0672,2.11424
65.4658,6.55455
61.914,1.51848
106.95,8.72084
47.7521,4.67276
33.6455,-0.374615
67.4857,-10.4371
61.5337,9.62686
41.4527,-4.77211
90.7176,0.0815693
68.7607,-3.51875
62.3197,-8.76206
132.093,15.3272
30.3533,3.21957
60.4515,1.08552
78.4964,-1.35155
44.3517,2.52597
43.7288,-1.49324
61.8632,1.05591
71.7225,-4.19866
85.5469,-2.21743
83.8096,-4.65256
44.6018,9.44827
58.3587,4.71894
33.9059,6.41031
49.4649,9.06464
46.8859,1.52578
69.0481,5.81084
747.541,15.1987
59.7563,4.22434
90.7005,11.0618
78.411,0.724845
47.7534,13.1252
34.6239,8.85083
36.4372,-1.93194
79.958,-26.0909
130.377,4.50112
52.6875,0.573877
46.4622,-2.30272
56.8755,5.73208
58.2547,-6.30807
65.0294,-3.1957
54.3177,4.12771
34.6337,-1.62707
42.6208,-2.88263
47.4928,-4.97508
54.3305,14.0578
84.1962,-9.22036
57.9639,2.56322
74.5529,-7.1475
84.1605,-14.413
50.6823,2.32714
64.251,-7.14085
48.7774,3.15634
58.6034,10.9889
84.1185,-9.27508
52.0072,-10.614
52.9822,2.83533
54.3502,-4.01105
135.478,1.56281
70.1678,2.85078
79.6603,-1.12056
51.0418,-0.432447
57.1858,10.1432
62.4733,-6.10773
77.9548,1.6351
42.061,3.24633
51.4604,-2.73598
70.9066,-1.50416
97.1508,0.626142
50.7895,3.21491
28.6712,-4.72191
87.9214,-6.61027
64.6235,-0.196284
78.025,-1.71917
43.6656,-7.70688
67.1338,-7.65332
68.5613,4.00082
45.0551,-0.0570554
80.6987,-6.65317
66.3397,-6.38822
64.2552,-7.40736
52.7357,-7.49847
60.7626,1.45539
40.3225,7.93769
62.0319,12.3064
54.3188,8.17778
42.385,3.58849
72.4057,-2.82787
52.1915,-7.04366
66.3108,6.01075
38.6842,-1.39432
53.3727,-1.99547
61.3006,17.6539
78.1833,-1.07995
34.948,-5.75918
87.5116,-1.20606
50.4015,7.84636
73.3976,17.264
115.258,-15.2319
60.4464,-7.04271
38.61,-16.373
49.3904,6.43267
69.6204,1.92965
60.6649,7.18544
44.1235,25.04
94.6384,6.7744
73.1156,-0.161844
42.0628,6.89602
164.122,5.28336
41.6151,-0.238062
60.5114,-6.02888
45.5104,-13.0624
78.9001,3.87735
90.3118,-7.56415
73.827,-1.0128
43.6233,-4.87698
58.1712,1.74675
45.2876,-3.88559
35.6,-0.72273
81.9338,-2.35986
64.3342,14.903
78.0482,27.0592
73.9929,6.74324
53.9004,-2.74233
72.3882,8.1606
83.5667,-2.02875
72.3902,-1.38392
42.5517,4.2218
42.8325,5.91114
75.7894,-7.57978
35.7718,2.92523
65.5532,-6.9094
51.4423,2.94474
64.1278,15.6148
42.8687,6.27035
44.4014,-0.459507
98.1171,-1.02954
71.089,-5.74934
71.4734,10.7038
46.2558,-8.68912
65.0721,-6.14217
36.2682,-3.75007
62.1193,-0.91923
34.4777,-1.6666
66.0028,-4.25736
52.1197,-6.74906
49.545,-9.65733
111.473,7.84205
53.3727,-1.70627
85.3569,-1.27818
49.4916,-2.39628
69.0583,-0.162448
113.688,-0.719709
62.0981,0.337757
73.7715,0.390626
69.6988,7.83821
68.8828,11.9991
39.5241,-6.27398
94.239,0.658899
76.2416,6.63482
51.8495,-1.01262
49.789,-2.49214
39.5684,-1.98878
35.5085,-6.64363
47.0639,17.5846
79.3484,-1.1582
55.3519,8.69093
51.2686,-6.02124
56.5098,2.27902
46.2095,-7.05221
105.714,-13.3708
51.5673,3.95719
53.1749,3.62228
44.915,-4.50483
70.9729,-0.399992
56.6373,-0.853759
66.0711,9.67563
66.8352,6.14027
68.1527,-5.42009
52.6805,1.77683
61.3155,9.05739
67.8969,1.70165
74.9998,-8.3584
82.4436,-13.2938
50.8946,-1.93833
41.0622,-1.51054
69.835,-23.1227
67.1814,-14.5838
84.2249,4.20647
103.887,-1.68438
70.0497,9.50391
53.1812,8.9526
56.4363,-1.04517
52.2904,4.51519
60.0079,-1.00563
77.1914,2.68169
62.6099,-4.60526
37.6512,4.49844
43.231,27.6957
47.1321,6.59939
158.399,4.06004
37.9184,11.6605
77.535,7.21366
58.7566,0.242507
77.7382,4.33957
134.74,-1.4537
47.8016,9.96665
69.5489,-4.81043
58.5895,-6.71298
57.7964,3.22328
56.9425,-8.61627
101.804,-4.11027
106.065,1.76781
94.9953,7.41491
118.49,-4.43258
93.9126,-1.46346
122.028,-0.72027
58.5809,5.90402
25.3387,2.45273
61.6157,-10.083
88.3554,-5.63834
39.6887,-10.0784
51.4999,-1.62811
47.2559,-8.96887
123.642,-6.29258
39.5594,-10.0441
41.1085,2.14182
77.6398,2.61363
52.3967,-12.2816
38.0788,-2.317
46.3557,9.32247
96.8889,7.38375
53.6763,2.42662
52.1771,3.04832
68.2603,4.93702
87.2578,-1.977
42.4043,4.54384
59.0809,6.04675
91.0472,-2.16646
83.9334,11.837
60.9562,-5.02691
56.5307,-7.49929
77.9908,0.82057
53.6914,-1.63851
58.2061,-2.22956
49.8721,-12.7121
60.6951,4.24143
67.6034,3.36864
66.6471,-6.76426
82.071,4.35162
78.9807,0.127101
50.8363,8.75127
198.606,7.11418
41.9259,-6.91803
106.247,-7.95223
43.3198,21.1978
59.3121,3.48379
54.69,1.39876
115.312,-6.42576
80.1805,-2.84228
35.4577,12.0582
100.613,13.3439
106.161,0.886128
41.6184,2.44341
68.0859,7.20123
53.2771,-15.4384
81.4888,-1.78231
82.007,-24.5779
72.3786,-4.9797
80.3157,3.19156
66.6779,-9.86091
84.9741,3.97566
56.0659,7.78637
67.882,10.8547
43.0316,6.57539
70.4188,4.13392
61.2626,-1.51171
81.4734,2.47703
47.5543,2.01787
88.9851,-0.22861
50.1112,-3.92465
53.5432,5.33748
85.7209,-2.66309
98.3734,-4.91656
56.9191,4.51566
68.9653,-11.0658
43.9199,-6.74876
48.3389,-1.72198
84.2143,7.30645
63.5931,-2.47405
52.3415,-7.94239
77.2279,7.05488
78.0831,5.39165
72.379,-2.89286
46.0335,9.66924
54.4213,0.783886
63.1958,-0.00733692
54.8661,-0.0637018
72.5259,3.89565
57.9215,-6.84362
71.8068,-4.4927
86.9266,-1.05505
66.9193,-1.72236
105.652,7.48371
65.7741,-2.66663
43.738,-7.29959
62.4779,-6.58882
166.738,9.69402
62.4316,9.74417
41.9194,1.82348
67.1901,-5.23058
101.477,7.76091
70.5601,-3.82582
101.08,-4.47958
40.5345,0.756566
65.3075,-1.25056
74.216,-2.69502
42.1427,0.174015
104.12,3.93501
43.696,15.7512
43.797,0.14976
48.6353,-2.60327
72.0068,10.2906
46.0728,-1.89888
29.619,-7.1068
56.9852,10.3387
54.2632,3.51003
89.1945,-12.6268
74.1415,-2.76015
76.6519,-1.68581
61.3244,1.15742
40.9354,7.61422
61.7374,-7.19243
106.976,0.0414752
89.2122,4.88151
61.0116,1.34585
52.0951,11.9767
68.5452,9.562
70.088,13.6714
43.083,-6.42477
63.0628,1.90048
99.5503,1.73773
56.0523,7.75655
53.1456,-6.41368
50.8851,-6.89019
105.081,7.29523
51.2859,11.4816
39.4735,16.1363
46.2395,-6.54298
40.9651,-13.951
55.3233,-6.77733
52.4401,-7.36882
65.208,-4.81682
37.5284,-15.7943
74.3317,0.0990485
64.0919,-3.53199
76.552,14.1056
50.3754,0.447595
68.2476,7.79073
48.8088,-8.37674
42.3299,7.36882
66.1894,4.74142
53.9909,8.28951
60.6946,-3.70493
54.1514,7.88145
60.1597,2.38903
42.6648,-10.1143
47.7406,3.76117
41.8737,-3.60584
37.077,-4.35287
45.9578,-12.9261
79.9899,-5.51797
82.7661,-0.0847199
65.3963,2.70396
63.0846,-10.2177
58.8064,1.68913
45.1105,4.44851
58.8364,18.7833
71.1211,6.11062
88.972,6.07027
60.1793,0.0527827
30.9919,-8.06246
76.3482,0.0541206
63.3198,3.29372
57.5591,-11.5732
32.8262,-2.68268
75.0182,5.03071
43.5821,-1.41689
71.9723,-1.87411
85.0118,11.3495
50.6308,-12.914
59.3144,-4.64937
62.1247,-5.83583
65.7734,-2.96019
53.0106,-7.73618
48.0174,-11.4348
94.1857,4.51601
45.7428,-16.3405
36.6819,-7.50882
59.1382,16.6585
43.001,2.67185
67.5722,-0.0480353
64.7514,3.14603
53.5146,-0.881769
61.5787,-7.87286
43.2538,1.12924
88.3551,0.25498
56.7392,2.83266
101.722,-23.3136
70.7266,2.67388
62.5426,-4.71609
72.1989,-8.67328
34.3728,-9.89281
57.0609,4.30505
234.674,-13.7151
47.4158,5.49013
38.1152,-6.6403
90.8171,4.30595
60.8901,0.862002
73.1731,3.59268
62.5118,6.48852
45.497,0.967654
66.7719,-12.3053
57.1227,-4.36051
38.5548,-8.28809
85.9203,-14.1448
59.799,-3.25932
97.2439,21.2891
87.7766,-2.02137
46.618,-1.74131
72.5609,-3.44192
103.589,2.35166
50.5,-1.75724
51.9207,-9.62932
56.8446,0.37401
67.3577,0.36102
55.7672,1.56112
55.3931,-7.53692
72.0764,-10.1292
42.2469,0.37004
57.4293,2.90149
95.3017,5.55129
68.5662,1.55172
74.0201,-0.261281
43.557,7.60908
62.8291,3.90342
59.5079,10.1477
69.1968,2.81889
75.7441,8.24148
41.4781,16.0662
43.6348,2.12943
99.0457,0.319458
55.1885,20.1921
87.2656,-9.31582
71.6112,1.44844
66.3256,5.57606
61.5445,-12.7578
62.0719,-8.01606
37.4012,-5.24512
54.0259,3.5566
47.377,-3.60161
42.3577,-4.98578
44.8438,4.36707
55.8576,0.577459
52.5081,10.925
44.3233,-1.52858
69.5512,3.01949
78.9122,13.9638
88.1254,5.60014
40.6625,-15.496
118.85,-4.2833
111.55,-6.49331
46.3964,-6.45343
60.4466,8.80396
74.3467,-1.73479
62.2822,-5.07115
62.9116,-4.43845
53.7075,0.465377
85.8456,-0.97607
45.6696,0.786907
30.8031,-18.5073
58.0519,8.7451
65.0538,7.9534
52.4959,2.8191
46.8283,8.47428
54.9664,-8.25866
40.0845,-0.125418
52.4367,-3.46432
43.0287,-19.8279
68.971,-14.5059
79.4015,5.35587
76.9516,-2.01092
67.6101,4.57569
60.2309,-5.41387
60.8541,8.70271
51.9372,-3.432
56.7799,-6.01118
53.6761,4.98281
97.6727,1.07749
37.4276,5.95258
57.4235,8.02478
77.7786,-5.7398
124.71,-10.5071
58.472,2.4785
44.148,13.4213
98.0526,-3.38142
76.6768,-2.48981
43.803,0.621135
79.5509,4.85583
57.1885,0.129561
46.3301,4.40358
62.4916,6.61773
51.0876,-0.817765
61.305,-3.20723
66.5421,-9.41664
138.246,-2.11925
50.8863,-6.26038
100.216,14.2291
73.222,-6.1133
47.3778,-1.3115
82.5919,35.4875
50.0095,-8.40332
61.3213,0.0637018
88.5173,8.56392
67.3164,18.246
38.3261,6.67341
93.4296,14.3165
76.9235,4.75105
53.0597,8.77634
48.7926,-5.19083
50.0358,7.49674
69.6968,2.6614
39.8411,17.5161
94.0528,-1.4351
57.5396,-3.47697
56.5293,7.60148
56.079,14.2195
66.2905,5.37516
40.2516,-8.38062
69.2504,2.69748
64.7477,1.51378
54.8022,1.43247
50.8493,10.101
64.6116,-2.38933
31.5289,16.4554
56.7422,0.171296
107.012,5.05277
53.6881,-11.8708
63.7813,-1.07637
70.2568,0.141775
71.7536,-1.21055
57.971,0.235127
66.4363,-4.99437
76.2794,4.84591
94.6777,-25.0271
50.7887,7.74848
55.5264,-3.24762
46.0959,2.03306
54.0805,12.6775
49.2869,1.20105
70.1235,-1.61348
65.8492,1.25789
126.105,-4.80974
60.02,6.85851
78.4994,-1.2563
52.8606,6.24735
63.4034,-1.00188
43.1831,-17.643
72.1307,3.21629
107.997,-2.61941
65.3903,-2.85178
41.1489,9.32795
78.2325,-1.26432
53.621,2.02611
85.958,-2.2741
55.5518,-9.13749
51.0738,7.29579
60.8355,-8.94267
49.082,7.10223
64.3065,0.936321
55.5009,4.40224
77.0339,7.69043
50.6861,-2.23681
37.4792,-1.85408
66.0461,11.6166
79.8001,5.81792
64.8443,-25.5908
55.489,-12.6334
51.973,-3.33865
78.0293,1.98796
55.0749,-8.31062
87.4352,1.07853
85.5801,11.3378
46.1954,7.76117
48.5775,3.47684
45.3539,-1.29044
73.3911,3.96306
46.9741,7.66734
69.1093,3.66328
64.4729,8.54031
57.397,-4.3344
81.2916,2.1943
55.0495,17.8643
53.5368,-3.98054
35.6166,3.03097
64.3579,-4.67893
46.8245,-4.53418
68.5257,13.3751
84.1318,-8.70712
53.5788,5.08721
75.0287,-5.20209
48.4292,-15.1447
70.0362,14.3688
65.9514,1.54011
90.1668,0.832093
60.0014,-5.22225
52.7737,-4.68316
73.6788,20.5341
113.253,-7.26096
46.4109,14.068
51.2805,3.84325
53.2146,0.057228
33.4641,-5.71615
72.1813,-2.31432
27.3897,-12.8153
60.8314,-4.23159
72.2705,3.01608
30.5333,-1.64869
65.1947,4.20906
55.7016,-8.40932
51.9249,3.3711
81.0327,-0.0872662
64.3048,-15.0937
52.7621,16.1793
52.9299,2.87046
77.5805,-0.798818
94.9447,4.39443
68.9978,-17.4634
55.4708,-9.48979
35.3797,9.69432
74.1194,-0.298785
61.4801,-10.0309
70.1645,2.10829
53.4714,4.02456
59.1684,3.28914
38.557,16.9656
78.5044,9.02032
57.2181,3.19437
43.9447,3.75383
64.1365,17.7702
97.5058,7.72738
34.7647,-3.572
59.986,0.206901
58.3795,-9.68828
52.9743,6.99174
61.8544,-1.52384
64.4382,-5.96885
53.4065,0.072765
64.4846,-0.0183855
97.9776,14.8414
39.0923,-2.53383
56.4811,3.54274
35.6062,3.01258
65.7153,0.810255
91.154,-6.00907
79.1721,-3.6266
79.4184,-1.30269
69.2078,-3.09053
68.3344,-3.80268
104.44,-1.87959
78.5365,10.2805
54.1087,4.47406
97.0704,4.69347
43.7552,-2.7308
61.2228,-6.35248
66.0081,-2.08848
68.4763,3.83156
81.9728,-0.472239
121.049,5.05484
47.2132,-11.4437
87.2097,6.2754
79.6509,14.0467
136.174,-3.91386
56.0205,0.847156
40.8823,-5.46432
89.3241,-5.73765
59.2938,7.74576
57.7803,-2.01614
48.9996,4.00082
67.9119,1.88809
70.0447,-1.27576
97.8087,-10.6334
62.3617,-8.51549
62.2928,5.31504
76.8398,-6.10855
46.027,-0.782936
43.2765,13.9755
61.7566,-12.8515
77.433,11.622
73.3302,-3.21241
63.0932,-13.5503
51.1551,-2.04264
68.4593,9.94313
133.446,6.80625
49.1128,-1.39928
81.023,-0.97266
49.1904,7.01712
73.4124,-0.46378
60.5254,-13.0874
42.1954,10.7217
116.615,-2.28739
53.7618,6.68709
52.3227,1.82128
80.0837,3.75961
68.7267,-0.168404
79.5645,9.53433
39.7533,-13.4975
47.1187,-19.6998
88.3294,5.69514
59.2749,-1.25738
83.5034,3.0576
49.936,-5.50895
59.5055,-7.68055
59.6024,12.0379
37.24,1.06985
54.3848,1.98762
38.9933,11.0141
42.6073,2.02167
79.65,0.83464
89.0161,-6.23151
48.1615,21.2356
52.9823,7.89548
71.129,5.7152
104.876,-6.26254
65.4567,11.2811
104.114,2.55808
47.9842,14.326
51.3803,-9.81236
67.087,9.07789
51.5016,11.5442
80.4001,-2.70771
68.9127,26.3528
67.2219,-1.30597
50.7416,8.40734
88.3542,-5.96099
116.395,-4.80448
69.0392,1.52725
50.1009,-2.04808
65.4521,-3.95456
58.9709,-12.8534
50.6624,-4.06181
67.8656,0.144796
66.4064,-10.5343
58.4804,5.93143
108.657,-5.2065
43.741,-0.0797998
55.6532,7.5828
47.7295,4.8535
79.5141,6.13492
59.2555,6.81816
104.566,-23.3756
50.936,-3.69764
58.3359,-6.14709
85.2148,-2.97482
44.8281,4.07117
40.1853,3.88533
34.8914,7.03261
36.7997,-21.1927
65.2404,4.83227
94.5641,1.2982
46.5557,6.36422
83.4998,1.71589
62.0849,-0.929588
44.6585,-5.23174
87.013,-6.43759
54.2769,7.80549
40.283,-6.3997
58.3609,-6.70694
93.1888,0.318811
69.7245,3.33239
64.1387,12.0133
46.7155,9.3371
82.124,3.77083
29.627,-10.9113
42.2194,0.973567
36.7149,-7.78797
68.099,28.6452
46.8783,-7.19623
69.5289,-4.08024
71.7353,10.2916
72.8168,-12.7966
69.6647,-2.34138
48.0051,3.61823
58.6161,1.07443
52.7592,23.5165
54.1737,-8.13656
53.54,10.4942
60.1642,2.80888
76.2989,7.53528
60.2556,-2.84729
34.0142,12.1759
92.7831,5.70308
47.4835,22.2531
101.002,2.85311
60.6823,-5.19644
52.4912,6.59986
45.8169,3.67921
52.4664,1.35522
53.7624,2.7072
95.5905,-2.10276
89.2577,0.139876
72.6866,2.06336
39.5034,-5.67153
75.0705,-1.88766
45.4822,19.8302
73.0556,3.30464
80.4159,-4.75528
87.2336,0.432015
68.2245,-11.7111
47.2924,15.2444
36.6918,1.43018
49.6576,-12.7137
40.5388,-11.5492
78.9218,5.91209
58.369,6.12296
52.9426,-11.9874
48.0465,4.01722
64.7258,-7.8266
42.5696,-5.74788
45.7524,-14.5584
48.493,-17.578
72.8142,-4.07303
47.2396,8.18775
59.6637,-0.221187
44.3075,1.95171
51.7486,1.08802
78.7117,10.2212
50.8378,-10.5473
71.9913,-0.631234
60.8676,-13.0961
58.3318,-3.71266
79.8068,-2.80849
56.1499,7.06999
75.0254,2.48005
58.8545,-5.39933
50.3527,-3.10486
62.5164,-9.561
90.5062,9.0198
109.678,5.50878
77.5068,-12.0547
117.006,13.4743
33.5488,8.35909
51.9862,7.06727
78.0861,21.3323
80.0657,-0.304698
108.736,2.728
78.2976,9.55867
26.5916,3.41754
44.4271,2.91548
65.5503,6.01226
69.5313,2.78902
63.2764,7.57671
43.9721,-6.51553
58.1941,-1.15349
67.1005,2.8444
70.9757,5.95016
64.9485,1.54947
40.1776,-17.0112
54.8673,9.88284
63.8994,-7.86781
46.508,-7.38962
46.2206,3.92931
50.6882,-10.2084
52.5084,-0.821994
89.4903,0.199866
43.2274,16.6184
137.793,2.87335
54.2567,4.0341
116.722,8.54864
62.099,-0.488035
42.3031,-10.1353
53.7227,5.75478
70.7586,0.621092
83.8282,-16.7981
49.159,4.18986
57.181,-8.95748
72.8018,-20.2336
30.7706,-13.4428
58.9264,-5.93674
52.1408,0
64.3099,-6.83654
54.1901,2.20008
66.2634,11.8493
66.2558,-9.58258
62.7887,-12.021
57.1037,3.76276
38.8875,0.936925
63.0602,7.3443
54.2681,2.61652
99.5358,-14.0216
64.1172,-2.71911
92.6544,7.88106
75.4948,6.97245
40.3631,-3.88235
51.9707,-10.6708
32.4155,-6.09918
77.2998,0.98168
41.7024,5.03732
72.7522,3.05164
71.9086,4.32702
59.6085,0.906196
54.1883,-0.136467
120.923,7.23964
48.3559,-0.330982
62.2847,7.60787
71.4427,25.064
61.6197,-10.4082
64.9187,-4.09392
56.6426,0.641118
80.0572,13.8677
36.2087,11.0635
50.295,-0.431929
63.1947,-0.597787
50.3676,-4.14497
75.335,-8.59167
67.5048,3.93276
43.6622,3.11724
52.4836,-0.886085
48.7834,0.406768
40.2575,0.954318
71.6191,11.938
76.5767,4.80284
47.446,0.0972358
96.4841,-5.28211
57.1833,1.06282
93.8081,-8.41899
41.3378,14.7418
70.7313,-4.43577
60.638,-4.05421
83.0144,-5.73251
55.3358,0.760278
44.7564,-7.64999
45.438,0.254591
97.9335,-1.34943
42.3271,1.85758
80.8062,-0.460111
55.3568,-4.13159
61.2335,-8.77824
87.1104,-6.93784
50.6591,1.25807
50.9512,3.87994
37.9153,-0.756178
49.3594,-13.4529
49.5504,26.3065
48.596,-7.63187
81.221,1.71835
99.6077,-3.1885
138.06,4.92687
56.9136,12.6656
55.9658,0.87072
67.322,10.7277
62.4148,-4.19486
58.3527,-0.160204
73.5589,-3.41564
90.7615,3.35876
53.2652,7.45431
68.5782,2.8614
45.0984,-6.54553
58.527,2.71686
54.3328,-6.76106
34.8806,11.1786
36.2955,-0.130684
45.6537,-0.93481
74.6553,-11.3175
37.3249,3.21733
99.6202,11.9943
83.283,-8.9277
88.0727,2.07333
45.1213,10.1308
48.4552,9.24422
97.1428,-18.6376
69.7663,-7.44434
67.3405,-4.71911
47.9406,-6.6044
43.9068,1.71559
62.522,-4.19409
62.0333,2.31005
55.651,0.0654281
99.7177,-6.36966
56.3257,-13.7253
95.0003,-0.996613
56.4173,-3.23209
29.8249,-4.99398
77.2478,-2.4198
38.6324,-0.451609
53.3664,6.57712
38.3722,-5.32915
63.5367,-3.96906
57.7588,-0.497702
73.6822,-3.59086
66.6771,3.29885
60.4856,-3.90911
58.9713,-14.8847
32.8059,-34.0106
72.1765,-5.39544
71.8267,-11.7919
51.3384,4.94358
54.7704,-11.1943
59.4386,9.2289
58.7992,14.1541
44.1513,3.02247
54.5405,-12.0367
68.8052,-8.14114
51.6551,-1.14352
48.6107,9.11147
61.786,-9.25488
65.3011,-7.54374
44.0813,-1.41529
54.4857,0.216094
47.0719,-4.21377
47.5483,3.46527
79.6153,2.34989
68.1752,-14.0204
42.5533,-2.83283
45.414,4.71134
93.4262,-3.80156
36.6591,6.90836
73.4965,-5.89336
47.801,0.847846
83.522,-3.75948
66.0208,-3.36514
65.3639,0.593773
34.2291,24.4069
55.2549,2.10924
88.0482,6.32814
88.6469,-0.128353
57.8261,16.8557
54.0945,-4.48817
78.3108,7.88206
77.6469,0.195335
71.1474,-0.102544
62.8668,12.638
46.2155,-2.84336
81.2987,14.5035
85.945,-2.85799
79.6705,9.79229
69.2771,0.626616
37.4891,2.83188
44.2705,0.760839
88.5401,12.1515
46.8942,-1.35293
44.6632,-0.0493732
39.3509,-6.88471
56.9262,-3.4572
99.1921,-3.12415
71.6903,-1.90851
58.5283,3.08017
157.878,4.96019
44.0003,-2.60249
50.9604,7.14577
62.0219,-16.2378
103.567,-7.13347
49.1761,-2.99731
62.3374,-10.4714
64.7805,-24.2857
71.7072,-23.2962
125.404,7.76985
23.951,-7.86807
67.4277,-7.64438
94.5805,1.19342
80.0123,-1.04875
51.6597,-3.26683
42.7095,3.04469
65.3138,-3.349
48.1246,4.14989
63.9745,-10.6789
94.7977,-1.53484
99.7582,2.09905
176.557,0.470599
66.1303,-11.567
53.5885,-4.44877
44.6806,-4.00039
36.2483,6.68303
38.6271,8.17963
107.46,-7.96712
40.4927,-5.16278
43.3839,-9.84939
81.5808,1.06088
57.2528,8.18464
43.7463,5.91265
73.0935,-23.2129
72.4664,-17.6544
67.8346,9.81011
49.2985,-25.7251
45.6326,-3.0967
59.2401,7.6238
57.0104,5.97484
88.1204,1.58357
45.7048,-4.17022
47.9243,9.25186
87.0006,-0.228437
48.9868,-0.0947758
61.5843,-17.7917
85.5896,-7.12165
52.3572,-6.65481
55.025,4.38411
80.8699,5.90044
39.6532,-1.04111
69.539,-1.08686
92.5357,1.88874
75.5192,-2.09491
74.2912,-3.33709
34.0467,-0.409141
50.954,-7.7313
45.5105,4.98501
45.8163,-0.902571
80.1611,-2.00194
82.0407,6.2565
60.6321,-0.862175
62.8945,-1.01098
45.5731,-12.3505
68.6939,-1.47373
53.5304,1.15872
133.774,-2.64768
73.0473,-8.77716
41.0837,1.38599
31.7927,6.41506
32.362,10.4598
33.6633,-6.78247
63.7269,1.01603
98.0866,12.5247
66.0334,-12.5755
60.6914,1.71041
45.0624,-2.26387
50.2423,11.6986
47.9785,-2.92169
38.6197,2.86593
80.139,0.458558
103.519,0.0186444
54.5594,-12.2106
59.9017,0.911634
87.3964,-19.5589
109.899,-8.687
64.1201,-4.93702
44.3188,7.01522
96.4083,-5.62872
44.0099,-9.3497
76.237,-20.3339
65.5104,-3.06321
162.898,5.2298
48.3441,2.33741
100.801,-3.22043
86.1737,4.82347
54.2961,-4.93602
55.9559,8.37199
43.8139,6.86956
32.2469,-0.579617
63.0895,12.2991
48.3293,0.0623638
55.3074,-27.0129
44.2223,-14.8042
49.336,-0.792733
70.5973,-0.159298
67.1627,-6.95385
44.3951,-7.97977
20.5897,-6.98359
55.4027,-6.98941
36.8912,2.98898
44.9343,4.74095
50.6678,-6.61566
56.5211,-2.3662
71.3879,-0.285622
93.4688,-1.2159
67.4522,-0.0069485
70.382,-11.288
51.2349,-6.01257
48.1576,8.05922
136.763,-4.54389
28.2042,24.9788
47.5486,-0.453249
72.071,-8.16539
77.4464,11.9431
39.0736,4.34998
66.7803,-12.0162
67.75,10.8926
57.4717,-0.592737
57.1666,4.35313
82.1574,-7.8594
75.9692,13.9882
44.3522,9.55362
57.2877,-17.7008
53.4314,-1.27624
117.631,-2.23966
58.1956,-1.80398
55.7935,14.4871
68.1908,-7.52725
71.9855,4.54907
49.3739,-11.8866
46.128,1.21115
80.641,7.50075
104.042,2.34376
93.0387,1.44814
54.0235,-4.08857
74.1661,-3.45194
48.7151,3.93397
54.5617,-1.12648
76.8713,10.5236
84.1679,3.9783
74.2181,-17.1159
58.0363,5.38224
80.3365,0.372932
71.1361,-5.70252
62.1064,7.00875
146.053,-2.11161
97.2895,7.74425
31.0944,6.15835
89.6453,10.5087
68.2125,-3.09048
63.6554,-0.167023
34.109,-6.90884
57.462,0.11998
50.5657,-19.372
42.9859,10.1795
40.3798,13.3635
39.4596,3.51158
49.378,7.73825
50.6803,-6.49564
54.0456,-4.35205
89.1255,-1.01073
97.0732,0.224424
54.6904,-3.25362
54.4444,21.8451
54.2003,-9.77865
45.1927,7.13343
62.9846,-4.1382
64.1155,6.24743
80.175,-4.91639
34.4291,8.66961
43.2077,-5.92845
92.7085,-4.10134
62.9044,-3.53476
46.5224,-2.14381
38.9467,-6.60228
41.4037,-5.93669
95.1104,-4.87258
71.358,-10.2207
132.425,-5.20529
81.7704,0.820397
66.6562,-16.0863
53.8554,2.92881
75.82,-0.655921
57.2293,-2.97171
54.0608,-3.17525
59.4258,-0.17423
39.0509,0.0463521
59.6169,0.272588
51.7107,-0.31156
34.1777,0.585832
50.4975,-0.882028
62.817,-12.888
54.6287,7.66648
83.2294,6.90793
54.2403,7.90079
56.8235,-4.16552
90.6496,5.72246
49.472,-5.47339
56.9379,5.31349
73.8973,-8.53793
66.2165,-1.9344
56.3857,-3.95266
39.5564,-3.18699
60.1345,2.52502
83.7867,13.9837
74.2089,2.82644
58.6326,-12.4338
74.4183,-9.34655
76.5179,8.78139
48.3925,6.70504
68.279,-1.26165
50.8114,9.99194
68.7024,0.71617
202.693,-7.31461
63.1161,1.05341
70.7776,2.90909
53.7081,-3.85055
46.3238,-7.69574
61.4537,-15.2711
85.8817,4.11791
59.072,-6.41402
61.789,-0.495285
55.914,-10.2825
36.5184,15.4677
48.6242,1.56725
78.7037,-8.59007
89.2811,4.01679
59.2122,-8.65817
79.918,-6.16431
54.1425,8.4142
47.844,-18.8345
30.7021,9.5951
66.2805,-5.83764
62.1647,4.88052
34.5596,-1.59695
100.745,4.22762
77.575,0.851342
68.817,-0.530028
95.475,-6.87569
70.7269,-1.39777
70.8797,6.65774
56.7846,2.97046
46.1646,0.389289
61.3371,2.2227
33.0376,14.222
45.1823,-8.6656
80.5604,-9.74188
68.4812,5.51952
49.0338,6.96546
57.5179,-2.47971
38.0644,13.3488
93.858,4.63905
51.0341,-2.08671
49.0322,7.79656
46.5901,-11.9654
49.2304,9.00534
68.9752,5.94757
51.4394,-7.57196
46.677,14.4167
131.451,-20.2088
44.4387,5.203
58.3085,-10.9674
60.4065,2.67975
63.5983,-10.412
72.0427,6.37924
60.5825,3.03235
64.8832,10.9693
78.469,5.49177
52.1444,-6.4826
157.484,-8.40708
42.0703,0.55657
88.1715,6.5766
58.8337,-16.4438
72.018,-5.30162
57.6758,7.95012
53.5019,-6.3877
66.1308,15.5626
45.5702,-4.94785
66.5667,5.87429
69.0189,-6.20376
77.0534,25.0267
81.8121,-10.6563
41.09,-4.94586
77.7134,3.17853
58.4938,2.36534
45.2433,6.59326
85.3755,-1.62034
43.0465,-15.2009
60.11,-1.11517
37.793,6.09051
40.7649,5.69652
55.7998,0.678018
66.2518,-7.9906
25.1198,-11.8888
46.1332,1.3301
29.7446,-12.1254
64.5985,-3.23446
29.4132,2.83818
53.8505,-6.01308
66.3179,7.63679
90.0457,-3.75016
61.7393,-1.70532
64.5415,-1.59539
79.2816,-3.71455
49.9419,-0.161412
47.0093,2.23578
60.2291,1.40014
101.729,4.21649
47.0518,-5.567
53.9948,9.4702
58.4137,-8.42844
41.3982,-2.76339
78.7929,-2.15343
53.6326,1.15134
61.8985,0.13159
84.4612,0.643232
42.1242,-18.6519
115.69,-9.45656
54.061,-14.1704
72.9918,-2.43469
70.0052,-14.0273
61.6913,-4.93525
75.2011,1.94411
80.1958,-3.09333
45.442,-9.77537
53.6927,5.74887
55.8525,4.00164
44.2382,0.197838
52.4024,11.4134
29.0247,-7.21012
66.3658,-2.42645
33.7436,-0.839258
52.9731,8.31904
62.732,8.61286
51.894,4.50936
78.8262,6.75908
81.4729,1.33316
51.7929,7.59121
103.604,0.984097
38.5935,3.99698
90.6948,3.31387
48.2107,-8.277
53.2262,-5.61408
43.0094,-3.0989
50.8855,5.18569
37.4692,6.0133
44.7325,-4.07575
45.6769,-7.78486
61.9161,9.5364
87.603,11.6226
77.0304,3.32393
66.1545,-9.44318
82.6282,10.0825
101.605,-8.4997
64.1388,-4.4514
44.0832,-5.50688
48.9605,10.6713
42.4884,12.7776
56.5315,-9.374
69.2092,1.0333
53.84,-6.03078
69.4196,11.3944
79.8008,-12.9739
41.5169,-43.5524
63.2506,-2.03064
60.3009,1.87243
91.7341,-11.2886
72.0062,3.85629
67.6865,1.61115
53.4162,-8.14398
107.071,-12.9733
64.6432,3.12937
59.8154,-1.17162
91.9342,-12.4706
57.1626,0.806803
81.451,-8.641
79.4423,-8.33289
37.9644,12.5493
56.3576,-4.51989
69.257,-1.95788
35.4788,4.82709
66.3488,2.26987
70.1118,-7.93695
73.4653,-9.65259
101.163,-8.56215
98.9376,2.44246
60.7195,-1.73182
85.131,-9.70705
52.2203,-7.61098
52.6739,-0.394468
74.3047,10.3272
97.6659,-12.7714
63.8219,7.18824
37.6183,-12.8801
47.5317,8.63189
97.4937,1.45435
57.1606,-0.46611
38.6948,8.75135
46.841,0.710862
87.4712,-5.65219
114.767,-1.36661
39.988,1.43225
67.8759,11.1803
49.0973,4.53029
93.7259,5.29156
64.9448,19.4435
36.8361,1.21974
50.9218,2.36279
57.4859,10.5428
49.788,4.80007
38.4554,-3.27542
45.3193,2.3022
53.9968,-4.84625
48.3281,-11.387
47.9979,-0.725492
54.1762,16.6341
60.3629,-9.2923
90.1827,-7.12933
73.7424,-12.1792
89.2612,8.32059
81.2451,7.49916
57.6879,-4.72955
81.2009,-11.8209
59.7876,5.48793
72.837,10.0307
53.1496,2.33206
54.0439,9.4153
41.6832,0.891436
51.1359,1.42228
54.0558,9.65643
36.0672,4.36698
89.2767,-5.0412
72.2689,-9.51806
77.9397,-1.34727
112.506,-10.7848
65.5428,-8.74194
79.6176,4.33465
71.6301,-12.1494
69.7274,5.68012
52.5589,-8.8662
47.5839,-4.5145
91.6657,0.886689
63.303,-6.64406
84.197,-0.425542
53.9809,2.65912
65.8181,-1.40722
53.1593,5.40559
72.3767,0.558987
53.501,0.510693
53.85,-8.30652
42.3832,4.84833
52.6387,-1.6515
48.9834,0.429469
33.6688,4.36478
54.8739,-3.01569
67.3646,-13.293
68.6176,5.88136
57.3814,3.94619
56.566,-2.12684
82.0879,6.72464
113.006,5.68141
50.6598,-4.94629
47.61,4.87836
44.2593,2.82329
60.6955,2.28942
98.5668,6.46547
57.1885,-0.0107464
108.924,13.6389
96.1167,0.126066
60.897,4.67707
60.3845,-3.17447
56.9592,-4.42093
41.9288,0.322091
77.4592,10.2347
64.7683,-5.73506
43.5351,-2.43068
46.6613,8.86745
71.7526,-0.510866
97.3649,-4.46702
54.4095,-14.8492
39.8298,-14.5521
53.5216,-8.44713
61.2841,-1.65896
67.2588,-6.36564
53.962,-4.59283
57.4904,12.7467
78.8219,-4.58502
64.5255,25.2451
65.5392,10.3954
69.3119,7.98326
49.2374,15.6782
129.878,12.2848
27.265,0.0596017
87.3919,-17.268
108.451,7.79401
73.2604,3.31758
626.425,3.56902
48.2688,0.167239
78.5237,-12.8917
70.8562,6.57967
38.0068,3.80497
59.0549,0.0802746
95.8791,-11.969
57.4738,-10.4673
81.9608,-1.91118
91.4842,0.190328
79.4678,-5.47162
39.2975,-2.82027
89.003,8.26211
37.6683,5.07331
41.9642,-3.85452
80.7639,3.54045
76.6334,8.94578
100.644,-3.00879
55.7009,7.5604
85.7903,-8.85705
80.1239,1.29536
78.3984,8.15654
50.4093,9.88901
60.4216,-24.2286
76.6653,1.60208
63.2294,9.00681
52.3503,-6.89157
73.5173,1.34758
54.5524,-3.49345
46.0826,7.09157
48.9244,-1.88943
52.8401,-4.64587
43.8519,0.289204
72.4645,-2.54686
121.567,-16.0966
44.555,-5.39294
56.5517,-5.59868
49.3257,2.35097
84.0575,4.04882
46.838,2.72627
34.4691,15.8889
58.226,6.41636
37.8999,16.0184
64.2221,3.49712
50.7581,2.81626
58.6175,-3.52233
83.1529,4.5293
63.4268,1.7029
32.3973,3.27896
49.5569,-6.38032
86.696,16.1173
57.1107,9.54832
72.4309,8.16293
62.2696,-0.142423
44.5465,-6.39637
73.0374,-0.145142
133.399,-9.91486
51.7501,-1.74567
47.4366,9.29601
107.599,10.8344
42.4498,1.01966
75.1355,-6.72464
57.2312,-7.48651
98.9685,0.235688
51.5695,6.66033
59.5078,2.04096
79.7153,10.4528
49.9109,-4.91582
55.3252,1.28849
115.092,-6.63569
43.8772,-17.2953
47.7302,3.25362
61.4691,3.52418
57.4805,2.20979
87.471,-11.9061
73.7758,12.804
49.3873,0.201852
75.7807,8.18546
108.947,17.4397
71.4083,0.795495
57.1415,10.3103
62.8625,-2.08252
59.3197,-13.1498
53.6156,11.3854
84.7961,-7.33826
63.5978,-10.1824
61.0272,-10.6681
58.3536,2.11355
69.4866,-7.18967
47.386,-4.4356
89.431,-8.53396
71.3236,1.27814
111.511,-18.5244
71.3412,-11.5663
52.8107,-4.77949
129.609,-1.32311
74.6278,3.75366
76.6083,12.648
120.276,7.95849
85.0187,-14.3758
73.2699,-11.2559
32.7016,-3.19143
76.167,-1.47356
61.2951,-0.408667
52.3484,-5.56342
61.4994,0.796143
63.0897,0.760753
90.3963,10.8802
46.6782,1.97242
62.12,-2.71721
31.048,1.76401
45.8183,4.41389
74.7016,26.4852
56.4662,-7.10408
125.316,12.4739
47.7579,-5.30382
60.8393,5.61473
87.7539,3.77165
50.3677,-3.74947
58.0597,5.51935
40.6526,-11.4244
43.4631,2.55485
73.0673,0.665459
31.8456,1.15229
68.5884,-1.88084
40.7251,-11.0132
78.4741,2.67189
67.3693,5.76976
68.4169,-4.43923
95.3478,2.26387
60.6437,-10.1072
53.3272,-2.8895
45.9107,3.78037
58.7747,11.1565
44.718,0.947974
42.5409,-10.814
62.7549,6.78273
91.2502,3.59475
56.3891,-12.7367
63.4865,-6.67047
57.6098,-18.3289
65.1929,-2.72916
83.4757,-0.258864
59.4377,-3.45837
64.0404,3.81943
55.9523,-15.9393
75.5174,6.28118
81.4794,4.93633
72.3168,2.84453
47.5493,4.01757
92.1247,-1.46419
44.3169,6.16914
94.3818,4.18757
26.208,-11.8712
62.5681,-11.3252
95.798,9.75332
51.1282,2.92847
60.9214,-4.84833
51.1947,-9.41362
71.9488,3.0292
49.7921,-15.2862
43.9701,0.542717
63.5871,-5.05769
63.0497,8.32007
52.2549,-8.62425
46.8346,-12.3687
35.7619,4.36189
87.3353,1.46471
57.6569,-8.2827
81.3392,1.64921
73.2434,2.70909
37.071,6.72632
61.5548,10.2023
59.522,-6.47358
53.9453,-1.26622
48.1811,1.10127
24.91,-8.8927
57.4318,-3.75392
33.8135,-11.6273
68.4031,2.73266
21.9344,-12.3955
54.8315,-4.84297
38.9303,5.97873
53.2322,3.80739
57.4783,-0.140222
54.7642,-7.92081
94.4191,-10.347
65.2787,14.6208
66.4709,-23.904
47.8935,-14.1944
43.4394,-2.78406
73.7458,0.514318
43.1873,6.99135
56.4911,-12.3713
69.7993,9.54633
41.5156,1.15669
45.8677,9.29398
63.9751,0.276947
19.5033,-6.23669
62.4181,11.0203
79.2559,9.57848
54.9418,-6.91691
46.8184,10.6216
68.5673,20.8849
38.0165,4.9794
56.3993,1.1304
104.927,10.2955
65.3468,-3.35267
41.8528,-6.39573
65.6921,-7.15272
53.3587,-8.371
51.8037,-10.5965
63.9145,3.01806
58.4054,-7.67524
65.6306,3.77377
63.898,3.41521
55.2801,-1.94403
52.5942,-7.46407
92.7109,5.19795
60.9447,-2.67789
38.4287,7.93113
72.4643,-1.87514
62.4468,3.48953
53.77,-4.03898
110.716,9.83178
70.8084,-2.01981
56.4281,-0.419715
64.9898,1.85719
75.2326,-4.51273
69.3507,11.4591
58.507,-10.9936
65.2333,0.0334477
88.162,-4.94755
53.3043,-1.95719
55.7134,-8.66184
55.6535,-1.5663
78.5662,-13.2132
162.958,-4.50168
62.705,-7.98542
32.2985,15.4774
53.4153,3.47554
53.0852,-8.37618
36.2855,11.3632
72.2516,-8.67954
73.5142,-3.37848
65.6677,-4.47859
47.1827,-7.26131
47.4992,-1.80044
46.0992,4.10768
31.0939,8.09336
27.0286,-2.47323
40.6497,1.12466
63.0955,-6.48761
72.4632,3.40835
100.715,-9.80511
109.359,5.97903
46.6082,-2.56943
55.4735,0.959281
40.9218,-2.42982
49.2082,8.72982
71.3362,6.09198
76.3894,-14.3715
55.7178,-2.92579
57.5007,-4.83119
37.6931,-11.6344
54.9935,-5.30473
49.3569,-8.97163
84.4777,-3.92426
73.8737,4.79865
75.4367,4.01002
52.6442,-9.14008
84.2678,-16.0157
49.7955,-8.84613
60.3901,-3.795
67.8496,-5.95538
68.6532,19.3633
63.1545,4.79727
45.4878,12.9993
45.0697,-3.95011
33.8856,-3.2358
58.5925,-7.32523
82.3394,8.64013
43.4812,8.64674
58.2726,-4.28981
64.1722,1.90678
63.9163,9.22536
62.2601,5.82319
58.9648,1.36156
67.0432,-14.9554
104.028,6.34268
46.252,12.3588
57.5108,8.97509
41.3929,-5.82077
41.9153,-6.90236
46.8625,32.0367
69.8228,6.50651
38.1371,-2.33996
43.1452,6.63961
82.882,12.486
79.6859,3.85646
67.4493,-3.50153
120.296,-9.63424
70.0149,-0.4217
54.2968,-1.8467
56.2554,2.70025
52.5873,10.0658
120.362,-3.52958
58.9037,-0.315358
39.0588,0.694289
66.0891,-10.5297
44.1676,-6.13078
57.5732,-1.70579
299.891,4.53331
53.7001,-7.25363
67.8665,6.10337
91.5634,1.64399
76.0744,-174.11
39.4758,-4.17281
46.2969,11.2325
48.3034,2.87051
70.8813,-3.17792
58.0809,-1.52707
99.2302,-0.578193
53.8912,-4.00678
61.2174,11.6865
73.7029,6.32495
54.3131,-0.361538
59.0637,-2.98164
205.058,-3.0667
43.3864,9.87196
45.2053,4.32322
52.4755,-12.7329
85.8772,-3.65185
54.4828,-5.0724
144.337,-1.76535
49.0834,9.50058
86.2113,-3.39747
44.4203,2.69917
76.5923,0.368659
46.1542,-17.4731
64.1934,11.7645
60.1589,-17.4844
39.2898,-10.1759
75.2734,6.19897
69.5676,0.833604
57.0653,-5.97765
41.9207,-13.6368
85.9063,-8.10346
53.7985,-14.9401
49.0013,15.6066
93.069,6.8829
48.6736,0.282644
88.0855,-7.38971
34.1644,10.8054
89.7797,-1.45543
48.5487,1.25902
50.073,-2.62014
51.1984,-15.4966
159.112,-17.3073
106.446,1.15785
68.1045,-12.9188
91.3186,-11.2815
59.265,-5.89017
117.581,-1.04771
42.8252,7.8487
82.185,-15.8049
53.1206,11.2014
62.8869,-3.74623
104.149,-5.22851
80.6424,-1.90717
44.0567,-3.28198
76.9687,9.15868
59.282,-1.0658
48.0366,-0.758983
52.7864,-1.64887
50.0397,7.68905
36.7275,-5.21025
60.5215,4.90132
45.8525,7.69035
72.5297,2.22391
59.7052,0.927862
44.0322,20.8652
109.326,22.2269
69.6012,-0.849227
64.1851,1.18668
87.1222,14.9101
70.1183,-0.639823
53.6323,0.553118
89.8192,-6.30975
76.9453,-4.36055
82.3645,11.0869
59.8525,6.73581
63.0493,8.46949
70.5122,4.49266
49.7554,0.0333614
85.7987,-7.92185
66.6998,-4.89226
72.2555,4.00039
132.963,2.53935
96.9652,-10.6072
28.8859,5.7203
52.5198,-6.44117
44.7284,0.517555
52.3241,-13.4884
45.5898,14.6753
40.784,-8.57932
86.4042,-16.9642
52.0053,-5.41417
40.929,12.3026
76.7685,4.4892
47.7936,-6.72291
48.9695,-3.90303
57.2136,9.16455
73.583,5.04987
29.8502,7.42458
116.195,-2.95747
124.213,4.14942
73.8557,3.48512
36.3922,7.93821
61.406,-2.94461
30.7894,15.8137
42.7065,-1.25289
68.1796,-3.25142
65.703,-7.65586
62.5583,2.17151
60.0589,2.73141
40.6907,-1.63682
74.6455,-15.0705
61.1395,-0.358517
57.0265,-2.19866
40.5285,5.81999
67.9822,-3.50981
101.142,-9.2964
73.9998,-10.2296
112.581,4.30962
68.6898,-2.17756
56.9617,1.88145
133.749,-3.38383
56.7616,1.55875
76.924,-12.3686
49.9981,-4.5091
46.0679,1.55267
80.6423,-6.74777
55.4083,11.6134
38.5181,-4.14588
65.8355,-5.31841
50.608,0.871713
105.444,8.77211
79.3672,7.3806
66.3182,-2.40694
42.9473,6.65036
60.6681,14.2036
83.8313,-13.257
57.3908,-2.20557
60.0985,4.58989
32.3196,14.387
118.387,-2.56939
17.2887,-8.37303
58.9507,0.478022
69.5127,-3.02618
46.9305,-8.62106
56.3959,0.176086
62.7158,5.39411
78.7744,12.4291
56.1691,4.98505
44.9324,-4.53771
50.926,-2.3921
57.9387,-10.2452
46.611,-2.35446
50.0213,6.78104
73.4728,6.57755
69.9274,4.42373
99.7589,1.10917
53.4541,8.68705
46.4656,5.16813
72.9411,6.54212
46.2663,-16.4978
63.8903,-15.5765
89.3294,0.10945
66.7715,16.9613
66.0222,-3.03705
85.4328,7.89164
44.2417,-3.04879
73.6796,-2.62511
33.6398,1.62319
50.4324,6.74906
57.7728,-11.579
38.5835,4.75467
76.9671,-3.37939
64.6954,0.987981
39.5412,-7.86768
54.7407,4.48705
104.492,0.0628386
93.9617,-8.47289
67.7935,17.6428
58.5831,9.0463
48.7289,8.40026
66.0476,10.4453
49.9762,18.7395
61.637,1.77532
52.6961,8.23013
50.2859,-2.67068
32.0273,4.58178
54.1031,-8.76167
78.5824,0.834683
50.4902,-2.07497
66.2116,1.49393
69.8068,6.66072
87.3185,1.39941
50.0131,4.85583
131.589,6.00221
50.3843,2.6469
57.466,-13.1889
65.6775,6.62559
68.3842,-3.01327
72.0653,13.9538
55.228,8.49214
60.9082,-2.88229
41.3515,-1.26605
59.0589,20.4438
101.897,-5.62608
69.4571,5.91921
44.5249,-25.7859
68.1085,-5.85702
84.0038,3.83816
62.8542,3.28215
54.2735,8.67432
51.6655,12.0091
34.386,-7.62971
60.914,-5.85193
65.1409,0.0159254
50.2806,-11.1791
31.8015,-6.80728
51.5405,-10.4234
51.2084,0.588767
63.3248,4.9103
88.9218,14.3992
37.7795,5.04577
55.891,-10.136
47.588,-0.708617
51.4853,6.50332
55.3025,-7.70537
37.1684,5.8638
50.4862,-2.09288
83.0932,-8.81682
54.4256,-7.34495
69.4861,6.0089
48.9472,-13.7838
138.718,-7.59691
32.553,-19.5536
41.2969,-8.80366
57.8053,-18.1118
59.1034,2.64138
55.2218,10.8704
62.5341,-10.4785
45.8374,-0.870591
44.947,1.65266
51.1466,1.80359
27.2665,-0.300166
38.3075,8.647
103.204,-11.3314
54.7052,13.0615
52.4644,-1.21206
79.3888,-4.18084
51.984,10.1459
143.946,17.0967
52.515,-12.1761
36.3398,-2.38385
95.4248,-4.97171
73.0482,-8.27993
55.0159,-7.65772
82.7786,-3.01401
88.6715,3.1989
66.3764,0.465895
51.4344,-9.15001
54.7309,0.271423
71.9888,2.42503
65.5183,12.993
64.5355,1.5562
61.0011,-9.6017
47.5823,0.0041432
79.2736,2.85855
48.1903,-5.7963
39.6406,3.46027
63.9151,2.3438
78.1841,11.2762
25.3991,0.858161
53.9827,-6.56102
75.5733,-9.35747
79.0259,-1.27503
97.3603,-4.13026
38.1023,-14.788
70.4987,13.3462
98.1018,2.3656
45.405,12.8031
52.4723,-8.25331
56.9614,5.04923
50.6027,7.50589
70.271,-2.18731
73.4608,3.22397
34.7951,-4.13414
52.3593,-2.05805
74.6965,-10.6465
68.7199,6.32357
63.2593,0.529899
89.5331,-2.99476
87.9111,11.0639
60.9575,5.13235
44.7517,-0.180445
91.576,13.7412
40.9138,5.09407
56.9107,-2.32814
52.817,-15.7509
69.5641,7.69993
87.6191,-0.172849
41.5035,7.78111
60.5584,-2.02676
55.107,1.36432
38.3417,-2.91871
40.3478,4.70668
61.3465,-8.12849
61.552,-0.460198
76.8202,1.11936
63.9798,0.355193
51.2885,-6.73845
87.107,27.4543
74.6758,3.92025
46.898,4.9362
48.4646,-5.24396
45.6373,-4.94021
84.5534,-8.03445
52.4499,-3.71689
63.0121,-6.57703
56.1866,-2.36081
69.6634,-3.95296
32.6408,1.35068
77.1404,10.2374
41.8897,9.03348
38.7471,8.29085
56.5511,-1.70161
68.131,0.368573
49.2681,-11.5332
69.8933,5.64874
80.7635,-0.261971
54.7364,4.72394
75.9685,-1.57705
59.9472,5.74209
62.7458,-3.4973
48.3763,-16.2752
50.5482,5.6837
55.7719,-15.4012
58.5048,2.55899
70.4443,-7.00322
74.5607,7.95875
41.9003,4.43785
32.7351,10.12
74.841,1.76837
44.3042,-9.95431
51.2961,-8.96192
45.306,9.66092
47.4387,11.9907
54.3919,-13.6138
50.6908,-7.08833
100.242,-1.86833
72.9596,-1.00516
45.6223,14.1385
54.5014,-2.153
62.781,-6.93253
74.9497,2.26763
54.7322,1.71969
46.4179,-5.32182
52.3755,-1.83868
64.3524,-0.0281393
43.3511,0.322264
56.9488,-8.25287
72.2538,-1.87937
46.6625,0.259382
44.1146,8.5754
82.218,2.90443
35.7446,5.81322
56.9735,-0.703309
82.087,-2.37341
70.1064,9.6481
55.1052,6.94284
50.1717,-8.90038
66.1167,1.82033
41.4019,-6.49801
70.7872,-6.40569
35.766,-5.24025
87.0198,9.81141
63.2619,7.22877
68.9088,8.87107
83.2706,-1.28927
65.3235,1.54753
60.2528,-5.92098
80.0053,-3.74498
56.7616,8.76732
48.6618,-4.24596
53.5996,-6.92519
37.3776,11.0802
36.2132,-14.4165
38.3711,-7.02217
71.6514,-1.93699
67.2464,0.976415
97.8805,6.49956
46.7683,-4.59922
76.134,2.36961
56.6067,7.6733
75.8289,13.2341
85.8982,-4.47721
59.6463,8.08801
48.727,0.861614
54.4052,9.14824
61.585,1.77644
61.5129,19.0435
50.3139,2.48048
58.8642,-3.30347
49.4294,-5.5225
53.3626,-4.77193
103.312,-4.89058
54.1666,-2.82838
61.6797,6.33034
40.7394,-7.23891
43.1714,-20.526
56.1497,0.808184
94.2383,-8.89964
56.8859,-1.95119
65.0979,-3.79259
57.8814,11.0458
50.3741,5.23218
62.3795,-3.54667
48.9751,2.7062
52.8726,-2.96615
64.3924,-3.31128
87.7164,0.650267
69.8357,0.186789
51.311,-3.96664
88.6144,-5.02851
49.2035,-10.354
91.8961,-6.57233
77.9577,-2.95648
70.3092,7.60278
57.0845,-7.32238
78.4539,6.60478
85.7235,13.2146
64.4028,4.71907
73.7534,0.182171
59.4806,4.5709
65.4743,-2.5047
47.7557,-11.0485
63.9634,-1.49949
73.6758,-1.58141
62.5254,-4.07691
46.6706,-7.88491
73.6347,9.63114
112.773,0.374442
32.1845,8.46858
91.4392,-0.548457
67.5602,-8.97781
61.8815,-12.1939
26.2933,3.55219
91.6532,-18.6724
48.9271,2.82912
41.2596,1.20244
35.4355,15.8228
57.2784,-3.08932
59.2378,-0.803134
71.4312,13.8926
96.9399,-7.9862
78.888,0.529035
83.1985,-7.39993
66.4344,-8.16371
61.6978,-0.307633
75.1951,0.687081
60.8801,6.24312
69.8043,2.11692
56.8861,2.94228
101.529,1.45245
64.338,-9.01751
91.2922,-10.2425
124.465,-0.369522
48.5208,-10.8021
60.0252,0.627609
43.797,10.4858
115.352,10.9271
51.6883,-5.17033
49.0586,-0.195033
40.8078,-1.0831
52.8834,1.74964
54.5038,9.99289
59.6918,0.971797
87.1755,-5.4285
37.6535,7.23442
69.7803,-2.43922
77.3355,2.09072
65.7853,-4.2495
57.3255,0.865498
55.1814,10.6371
70.6716,-17.9055
45.3236,-11.7125
49.6379,2.7084
108.407,7.44171
51.2337,1.25884
77.1426,-5.95758
57.1336,-0.884531
73.2139,1.58408
76.9119,-6.95074
57.6478,-8.06444
88.3171,0.472239
49.5592,-18.1678
48.2194,-1.65672
49.9786,-3.96397
53.8584,7.80377
45.0214,5.25082
54.846,1.40101
47.1691,1.30658
49.0765,7.68646
44.3372,1.40446
105.663,-5.67986
118.054,-12.1697
61.6965,-9.66445
66.4742,-2.29961
222.137,-6.82239
101.257,3.82646
61.5121,9.93165
53.0172,0.554715
50.6005,-2.15062
29.3633,-5.61654
44.692,3.29083
70.8019,-0.101336
64.4879,1.754
96.4998,3.78546
26.4881,-4.18019
58.9801,-3.79107
61.0535,2.28834
51.672,4.04463
84.8055,-12.6307
141.624,-14.1484
39.144,-8.17432
72.9162,6.65683
67.134,1.51577
46.1413,2.04402
81.6149,7.90428
59.6377,-28.4012
88.992,0.134697
63.2525,-6.64837
41.8663,-0.269179
57.6311,3.47265
49.321,1.83207
70.9821,12.1704
51.1219,0.941025
61.9807,10.0833
54.9332,3.51931
55.1276,22.6297
50.1189,1.82642
46.2056,4.12357
48.0835,2.33664
81.7346,-7.01315
106.976,1.58348
59.5395,8.54333
25.7763,35.5192
53.9026,8.21312
69.06,8.26578
88.4837,-12.0256
44.4431,-13.0839
52.8133,5.56786
33.2477,-12.5888
52.5435,9.51949
63.985,-4.7646
58.8329,1.14486
41.2204,0.152435
85.1071,3.24076
56.9278,-1.47541
52.8594,3.29967
53.778,-10.1122
83.2498,-1.09696
56.3929,2.21221
34.626,0.998771
41.3526,-4.64949
74.5153,5.46212
105.517,4.87232
61.3139,-1.85452
56.735,-10.3628
70.5186,12.7831
84.2479,5.28867
49.8361,-3.00477
46.818,5.30839
43.966,4.39624
71.6102,5.33778
150.641,-1.02385
45.7685,1.8672
43.0068,-1.44028
72.3354,-2.12037
63.9281,7.79716
43.6867,-2.66218
48.9598,-2.70599
65.3879,14.8143
53.376,0.42416
52.3708,6.98419
54.4954,2.81263
58.3904,5.10037
81.4803,-5.25868
65.2996,0.609137
44.573,-6.08516
91.9889,15.9579
41.2139,-5.67718
51.1698,-1.85646
66.7659,-1.47986
75.0717,0.098099
78.2605,1.44089
78.9697,4.54488
72.2251,3.36881
53.6672,-25.5821
58.1192,-1.36756
52.2434,3.39656
49.8588,8.05098
62.488,1.49173
106.207,3.48866
101.68,-3.10451
67.8258,13.3724
48.1252,-5.78909
35.4177,-9.93096
108.639,-7.00434
74.3332,-6.3946
75.5401,-8.34782
50.5036,-20.1633
46.5702,6.03708
52.9454,1.38387
73.3646,-3.92996
120.031,-5.21569
89.0253,-1.66893
99.9392,5.74183
85.5651,2.22719
57.5092,-0.374313
64.357,-1.7354
78.926,-27.402
50.7178,-1.75939
65.7725,0.276602
76.2252,-2.80706
110.07,-11.7822
49.2529,6.57665
92.6669,-4.46271
51.8485,11.9644
82.13,14.3315
27.3758,-9.25203
80.9187,2.24721
57.8321,18.3347
29.4072,1.50575
43.6473,-3.64969
67.5474,1.15854
67.0146,18.3541
75.0806,7.71818
72.7258,4.03734
56.0272,3.65875
69.0519,9.075
74.7784,-1.70432
43.9176,-3.58111
42.3437,-6.43185
61.036,1.71093
68.7404,-12.0751
64.9548,-11.6197
78.1747,-6.01917
74.332,8.01002
61.7835,10.1772
47.6193,-5.53446
65.6156,8.50138
75.0845,2.64846
51.5775,8.75886
64.032,-10.9247
48.243,-6.17877
64.8735,17.1627
76.7538,2.7589
58.4152,-4.31394
76.4187,10.5379
64.3877,-1.2307
71.1357,12.6085
69.9474,-3.75737
72.7359,6.23276
83.1067,-12.4536
56.6729,-2.0196
59.2746,8.17942
44.9031,3.70169
50.9905,1.32285
104.185,-2.89774
91.1792,-7.54719
45.0275,-1.91701
60.9902,-8.45658
56.4862,-8.25659
51.5048,-3.58801
69.7566,-4.28964
57.1726,4.35925
100.899,-1.79617
43.9487,-15.4421
69.0559,4.11865
68.0878,-0.452818
71.2581,2.53046
57.4286,4.93391
67.2838,-2.41903
57.2715,4.83456
65.5572,22.5767
52.401,-7.59035
59.2756,-4.97642
86.1371,-9.23473
42.395,-0.885092
49.8134,1.8609
58.0442,-8.6782
82.1947,-10.9856
80.5299,6.42775
48.6596,-10.9299
54.539,-3.71296
57.1563,0.998512
35.2725,8.3571
43.7067,188.779
72.4731,32.3951
64.4426,8.26841
46.089,-2.93468
44.6516,5.7843
69.5979,11.5869
108.501,-42.1932
81.3542,-4.4441
64.8662,-1.51965
54.8031,-7.8395
46.9546,-8.48947
111.221,-0.0661618
107.237,3.28444
91.1837,10.635
55.8334,-2.93257
54.5216,7.42639
76.3054,-12.3428
54.5453,-0.0801019
49.1939,11.3647
87.1141,-5.94571
28.6322,-10.1491
70.4593,2.73482
83.7192,7.27952
44.759,-7.00655
85.8655,0.49248
43.5077,5.61844
47.4395,-9.90657
79.9626,4.27984
63.9549,-6.99062
52.8061,-0.841243
77.0982,-1.12134
33.8176,6.00247
131.378,1.06696
64.8535,-10.2411
54.5156,-4.97465
44.4683,1.88287
67.0541,-11.1209
65.7595,1.04642
58.3877,-6.19651
83.3077,-4.64755
79.5103,12.3597
74.0582,-10.3813
84.3011,14.4643
38.9986,-5.33286
52.7985,-2.9002
54.9366,-12.3422
52.5296,15.672
66.7934,5.27594
85.1315,8.24843
101.711,-0.984442
42.3543,1.41715
97.5816,5.00042
83.6894,5.05216
51.5726,6.00998
25.6879,-35.6287
45.4521,5.84515
78.657,5.1267
61.6601,-3.41693
61.4513,0.530157
38.4163,-4.14666
68.4722,-0.630932
67.7082,-7.04284
59.4372,3.23735
55.7021,8.59745
69.3275,0.331629
75.0692,1.93608
43.2775,-2.10483
44.7407,-3.51016
58.4755,1.91541
72.2598,-1.00097
103.7,-7.14237
48.1743,8.25892
62.1848,3.4897
56.2665,-7.87632
53.7522,-12.8545
77.1152,-5.9076
94.7376,1.64973
122.506,-15.0648
60.1029,5.58819
57.1129,6.16694
47.8943,8.60008
53.0821,8.29452
64.854,3.44991
63.8258,-1.70014
79.1367,1.92996
56.4133,5.7108
39.7303,-8.34139
67.3015,3.81701
45.6878,-6.94656
60.6948,0.363696
60.2862,-6.64
50.7478,-4.96826
60.2041,-3.09195
49.2613,-5.64261
111.528,-6.29396
52.4078,2.37457
60.6342,-5.59371
38.1887,6.70038
77.7966,4.25697
62.4953,0.465506
30.2886,-24.5067
44.9246,-11.3885
52.7126,-9.43166
51.1345,5.48664
54.2145,7.14716
90.8938,2.85549
51.7762,-1.5496
65.6095,-2.28282
51.4136,19.3447
48.9679,3.91239
125.583,6.19724
60.5445,-0.162578
49.7579,-3.39143
83.3407,-5.47516
48.6895,-2.32063
56.9642,-11.9476
46.3113,3.01228
38.1228,-8.17053
57.1878,3.63864
44.6885,-16.4531
42.1595,8.17402
51.0987,18.5359
59.1375,-1.3465
57.3396,-1.79759
40.9254,2.95242
62.8075,10.5662
53.8545,-2.16888
46.522,-3.49773
97.7977,3.86975
82.6409,5.28172
135.791,6.95627
53.9296,-0.645692
56.1252,-8.61424
52.0909,4.29007
60.5262,3.68495
64.894,-4.32896
63.6697,4.49935
83.2899,6.16388
47.9505,-0.0840294
80.6817,4.06906
49.2125,-5.53933
103.61,22.2095
64.863,1.09208
81.9972,-6.84323
130.39,-5.21496
92.4309,-1.5676
48.6081,-4.3356
71.4546,2.88496
65.5401,-4.03488
40.2878,2.50539
61.7317,-19.804
62.8456,17.6756
82.9141,0.416004
80.8794,-5.95573
45.4684,5.70864
70.2248,1.60502
76.4583,-5.60942
58.2073,-1.94506
78.3808,-10.0243
55.6235,7.90601
43.773,1.81218
71.9676,-6.03954
56.467,8.37506
75.3508,0.334089
75.4784,-1.48141
80.3687,12.9235
60.6379,-0.608965
59.0209,-8.66258
72.4224,-4.85583
96.4417,4.43111
77.4642,-2.16331
65.444,6.92416
49.3716,-1.71792
57.1536,1.03036
26.0906,-18.8596
84.8473,-8.41696
79.7506,-7.48276
90.9055,9.86458
20.2104,-7.53338
50.602,0.661704
60.9231,6.69559
48.3538,2.87715
56.3768,1.24844
27.3631,-12.7828
45.1029,-0.98578
77.7521,-1.29367
47.985,2.73391
62.6331,18.1782
62.2935,17.5319
94.5039,7.86112
65.0644,2.11666
62.2929,-1.67467
105.997,5.40433
59.2874,-0.478583
81.6358,5.67524
73.9511,5.17473
85.1824,1.44287
68.0325,-0.604994
45.7853,5.06748
62.6331,-1.06001
80.7188,-3.91032
58.4362,-0.793165
19.9395,-4.52097
64.4118,0.397143
101.96,-8.21023
96.9421,-5.5364
82.2245,8.48399
58.4465,4.31532
48.5586,-0.61833
87.6012,-7.85603
88.5006,-7.01108
71.5021,-4.55299
76.6945,-3.44533
48.5844,4.82713
59.7434,-1.15522
52.7057,-1.67787
72.962,-6.16535
46.4653,3.52215
43.9176,-3.80648
123.015,5.4131
65.3603,-1.77195
44.4204,-7.46653
84.476,-10.8912
63.6284,0.362617
50.5235,0.239745
143.061,-4.08792
36.2769,9.35264
52.3886,-8.25348
30.0899,7.24474
50.9289,0.287089
49.8305,4.62938
65.1872,8.47747
90.6339,-3.19726
107.26,0.834856
88.7148,-2.34561
73.0276,5.14046
82.7379,-3.13149
41.0769,9.65781
59.7225,-15.7498
50.7106,0.992902
61.8664,4.2842
61.9408,12.4926
45.277,-18.3321
47.0611,-7.9824
47.1862,-1.46065
63.1739,-5.63575
61.5327,-2.80335
37.8679,-6.76684
84.7217,-12.43
64.2962,2.909
84.2612,4.49805
54.9848,-1.21335
50.0418,-1.90678
47.974,0.756566
45.2278,-6.01459
24.9111,3.54063
43.966,-0.600031
45.7156,-11.9564
45.3201,-6.17868
141.777,7.32057
59.5918,7.8881
79.4728,-4.17104
70.837,-2.13647
50.0594,-0.72109
76.0886,-13.755
71.3791,-11.838
81.1944,-17.3652
31.172,7.17258
64.1486,-1.79798
87.5488,2.48925
70.5979,-3.31987
73.1202,-1.38215
47.0848,-24.4961
64.4871,-3.07007
66.5251,-9.12269
66.4362,-2.22714
66.8843,-3.55798
72.3055,-5.33567
71.4558,16.4307
46.0445,12.8934
46.6501,0.391187
51.2068,-4.70146
58.6768,-5.33299
66.1895,-8.85377
38.9929,5.09316
67.2705,-5.54758
67.1129,5.28681
47.8709,5.26549
50.5483,1.72547
59.3881,-12.7103
96.3574,1.89944
35.4605,16.2205
78.6274,1.30675
61.4211,-0.538401
73.5433,-13.1351
52.1828,7.40015
48.2978,-20.5546
41.7901,-7.29148
39.5345,6.20747
86.1827,-0.615827
55.5836,3.83635
87.5443,-11.7271
100.117,-0.934206
66.2354,-9.20007
65.0598,-8.0824
61.454,-5.33015
43.9395,-8.20087
73.9162,0.116269
56.3422,9.39817
119.438,12.712
56.1151,5.33455
59.2826,2.18049
123.405,15.4731
115.616,-1.34853
75.8974,3.03623
49.4306,2.60992
60.8879,5.7815
58.9444,7.75357
127.611,-3.26308
59.1799,0.74664
35.043,-4.76663
72.8358,-11.4069
36.2915,2.98505
68.5891,3.78736
65.4053,9.74257
64.5297,-1.17494
56.5257,8.25261
51.5667,-0.831187
44.9633,-3.40287
49.513,-11.7135
91.1014,-11.6977
98.1591,2.71708
53.7821,-0.424765
65.1282,-7.33701
102.5,5.59125
52.7123,-32.5798
59.5337,-1.78533
62.0226,8.77712
74.5547,1.1238
55.4365,8.16129
40.2471,-11.2792
125.465,-8.78381
63.524,0.373967
110.443,4.18265
112.828,-17.164
66.8381,-3.27128
54.2669,11.3626
55.8428,0.494595
58.9289,6.16807
62.612,3.29195
61.9699,-5.50947
55.7179,4.8942
63.1639,-1.5351
70.6441,-2.81427
53.9202,-3.42026
39.0173,13.1048
51.2976,-3.62664
69.544,4.23668
41.402,-2.80659
48.7255,1.778
68.7328,11.6368
86.7726,14.0296
115.307,-5.221
110.502,1.65064
79.5542,3.34085
51.3267,20.7178
74.8067,20.3689
79.032,5.51629
62.0326,9.82414
66.8223,11.5866
43.1688,-7.03399
99.7884,-2.67578
71.6542,7.91067
80.2272,-4.08019
86.9401,-2.48264
66.3524,-3.57563
70.9319,12.2262
70.9132,1.97307
142.063,-1.10127
68.9171,3.10097
39.8349,0.888286
88.8624,1.81433
72.0802,18.2723
75.3212,-1.72396
89.4641,7.73346
57.2403,-6.47531
61.1614,-5.64917
65.0557,2.38403
41.1015,-4.1372
55.9172,-46.3638
47.2544,10.3898
64.3877,16.8825
101.107,-7.75655
57.3256,6.7012
93.4221,4.31951
57.583,1.3203
79.6216,-0.77698
118.085,2.07963
50.4493,4.11006
48.3274,3.45573
31.5059,-6.2369
36.573,0.896788
54.5263,-0.0998685
37.2227,-8.63344
69.9433,9.46929
69.5439,-0.900931
63.4576,-12.9579
45.3953,1.49958
65.6886,5.92698
64.8889,4.82916
89.3082,1.53506
47.3446,-12.1168
27.1059,-3.7004
51.941,0.275523
51.0493,-7.70153
84.2306,2.27652
63.4062,-5.88508
46.5534,1.04737
38.6167,-10.0651
86.5937,-18.2178
54.8091,-12.5742
68.006,-9.6594
69.3419,0.92674
67.2924,-1.14642
75.4567,13.5429
101.253,1.74485
45.4346,-4.28373
64.8677,4.50552
51.997,4.31251
56.6204,-12.6277
68.9002,-10.2317
88.6682,-24.9777
83.0054,9.41711
55.1684,-9.88025
72.5742,15.7656
54.4998,5.97135
52.7572,4.28338
51.6913,-13.0452
49.6506,-6.90508
43.9231,3.98615
42.0335,-11.5881
105.428,3.72737
86.7322,-5.127
54.6055,-14.114
42.0004,-17.0511
77.8027,1.01677
60.4825,-15.1818
68.0256,-0.00914957
90.5206,-0.18325
77.8834,-7.37188
103.866,7.11108
22.5572,9.9903
78.8291,8.44583
38.156,-1.80001
59.7423,2.29555
59.3778,-3.971
53.0353,4.21847
76.3717,4.57487
49.3616,-1.36044
63.6699,-6.43793
51.1112,-2.77116
56.7843,-6.24588
66.6115,-6.72127
59.4195,7.80446
83.5973,4.00268
63.0318,-9.8159
92.6765,2.57073
82.3258,3.42358
66.4552,1.15004
90.3312,-9.66445
46.7418,-14.8606
58.8101,9.38077
37.6078,4.04778
64.4816,1.89357
55.8045,6.37674
38.8178,4.47639
68.3185,5.62034
71.3879,-12.1901
51.4828,0.737145
47.0275,8.19539
48.0397,8.63647
33.5755,6.74432
63.7522,3.75758
90.2381,-5.19614
50.4612,14.1287
30.171,10.7763
48.0643,-6.62434
63.1641,-2.27035
61.4205,1.97717
83.4573,-3.47162
66.0385,-2.68985
45.7889,11.0315
75.0961,-3.30628
76.6202,4.45442
64.1337,2.44889
35.8851,-9.39683
59.7719,-1.57998
66.0517,11.3565
34.9274,-9.99626
67.3088,7.72716
47.8834,-9.20667
52.6962,1.1383
42.3088,-15.0207
46.7955,-1.97324
52.2273,1.52207
40.6998,15.3986
57.7803,-6.90702
67.9472,2.75286
65.0073,1.0084
65.6767,-5.61201
58.439,-1.83643
62.6491,0.552988
62.3555,6.91199
127.252,-11.328
62.0047,1.54895
56.3678,-2.97745
73.4378,-2.45973
64.948,-12.6418
31.4662,-9.35781
62.5218,1.94446
93.5172,-1.64615
36.7137,6.93676
52.0827,-1.73
39.0148,4.43435
73.3724,5.34788
55.0312,-36.6573
39.1894,3.85068
68.6006,4.7816
50.093,26.7011
38.4591,-4.22231
64.4276,-2.28593
100.334,11.8088
47.8973,-8.79792
65.1675,9.47439
62.476,-6.00661
52.7262,-2.08701
57.3825,-13.1195
78.655,-6.44203
48.8323,-1.68693
61.3942,-6.30928
50.1028,2.36996
62.8325,-1.89111
53.1281,7.30891
90.8596,-19.7781
69.4011,-1.66302
62.6183,-13.97
111.689,7.33524
61.1585,10.0132
65.9316,-6.19754
69.2046,2.82769
65.3618,32.6026
65.287,-7.85431
70.1864,9.92427
60.2039,1.89323
42.3976,-3.37645
53.3109,-4.55947
39.4525,15.3476
47.6973,-15.5087
78.1777,10.8146
78.8755,-0.796013
61.1238,11.7402
34.3723,-2.66404
40.5413,1.12341
80.5363,-17.3155
55.8876,-10.9389
52.3867,-4.80659
44.6544,0.237501
56.9963,-8.36047
58.8427,10.9826
51.1824,3.23437
50.3959,-8.92649
53.424,13.9793
83.3021,-7.50977
45.4289,-6.69991
57.6374,3.43903
49.0237,4.56106
74.3551,-4.1013
78.6485,-2.86541
82.4627,-2.5892
44.1791,11.0888
87.7852,-4.48355
103.372,-13.2238
54.4815,-9.03326
93.7038,6.34627
105.878,-2.58752
58.2221,26.1437
70.6781,-2.70966
55.064,-1.14655
83.8398,-0.561231
55.0788,8.19871
53.5706,1.83803
92.0818,-6.10303
75.5448,-1.08112
45.2251,5.6799
76.2417,-4.99929
50.1611,-4.3785
89.5547,2.39046
98.0313,-2.36042
44.0499,-24.6273
79.6407,4.54622
100.211,4.32033
47.1176,5.85448
53.0085,9.77201
37.7051,0.684837
53.036,1.72211
83.7816,-0.968042
68.1501,-5.79487
66.3339,-11.2909
93.2952,1.71775
100.644,-7.09688
58.2338,8.37134
55.3714,4.15805
51.3572,-1.4004
60.166,4.63167
38.8319,1.11064
40.7561,3.77541
35.4471,12.4021
117.689,-5.10408
71.7743,-12.303
71.0267,-6.10259
54.3856,9.11324
71.9458,2.9759
48.3447,-3.00538
64.2258,-2.06332
93.1759,2.98557
48.33,3.39186
73.7005,2.12356
58.807,-4.4334
48.2865,-4.40241
64.4793,11.7259
47.8343,-7.78659
91.1156,-7.52695
55.3799,-2.69399
73.5119,1.78693
68.0506,-11.1086
116.354,8.85912
69.9612,7.29597
51.0149,6.76283
76.2541,-7.17253
47.3534,6.71954
54.0411,-2.88764
46.6224,1.22829
63.9052,1.30114
51.9111,4.5069
84.0294,5.60183
63.1215,-8.72516
85.988,9.66256
53.9715,3.07516
75.4578,6.945
62.1492,8.83258
36.2857,-9.15885
98.03,-6.85031
61.5904,-1.61999
48.8392,-0.599513
68.9865,-1.01172
52.5161,27.2733
123.965,-8.42283
60.4976,3.6701
55.4904,-6.04796
49.3554,0.992729
55.7444,-3.0317
44.9264,6.91039
113.347,0.529899
91.7447,5.81853
34.7666,-1.53488
53.5601,19.7738
42.7159,1.25077
46.1038,-26.9582
54.8701,8.65053
43.7445,-12.1709
59.0292,7.62712
34.3774,10.4488
60.5932,1.93824
62.1104,22.7135
49.1136,-6.38666
60.4649,-3.09066
49.3079,-0.331672
34.9456,-1.75607
97.7213,2.57889
63.4434,-0.63145
62.5673,-17.1691
94.2118,-1.0863
49.1919,3.06878
83.5605,-15.8588
76.4927,-10.8082
69.1493,11.3666
42.7456,-12.0945
73.5895,-10.5617
49.243,-17.3936
67.8164,-9.26222
68.3013,13.7587
59.2367,-4.00803
89.7867,0.81988
47.8187,-8.40807
94.5951,-1.31098
63.0475,-2.26832
59.6153,3.57895
88.1856,12.4339
84.3387,-5.23356
39.2491,0.137028
68.9137,-12.1888
57.5607,-1.01025
41.2741,-6.85264
65.3504,-10.6184
25.1444,-10.7773
45.1773,7.88564
47.3817,-13.3054
65.0817,-2.62239
71.7254,-8.24437
57.0128,4.31264
61.0352,-2.21774
51.5115,10.978
44.3424,-9.49596
68.591,2.80236
92.6555,-1.29376
70.2889,-5.0488
78.8947,-9.59916
63.2618,4.09202
54.3509,-1.13109
59.2416,-13.423
45.1216,8.16
82.2096,7.48504
91.2728,-6.8081
74.6437,21.0177
47.4901,-5.85517
78.3376,9.9856
44.0066,-28.1367
67.8921,-5.8367
159.898,-3.50584
62.8439,-7.70204
45.3072,-6.70569
46.6773,9.48552
52.1263,-8.67526
37.2607,4.67712
63.2966,-6.94841
108.815,11.3423
55.8407,-4.2041
37.6242,-5.47477
61.6947,3.96323
84.1954,-15.422
80.2515,3.18966
40.2172,-3.9874
52.7293,-7.75396
46.6208,-3.18474
33.194,-15.1714
82.5467,13.6769
55.4019,-17.8677
53.9377,-1.35621
62.6315,-5.65193
81.7758,-11.266
48.3197,-5.20654
82.1954,-12.8555
46.8286,-1.35681
44.6628,13.3894
106.438,-7.35816
41.1512,3.36575
73.6711,1.23808
72.2163,2.40819
51.3042,14.7621
75.3929,5.12532
123.174,8.49879
104.99,-6.12473
86.2797,2.99165
48.9593,7.20857
47.3599,-3.81624
39.1418,-18.9112
72.5181,-1.27835
68.9773,-2.91902
53.6106,-4.16763
53.3817,-2.64669
57.4986,-12.3812
43.1196,20.9896
34.8947,-1.46458
43.4186,0.248333
58.6746,-0.209663
70.0044,14.4975
107.308,3.30904
75.6008,-2.46055
48.9936,-5.27348
56.9732,-10.09
48.983,-8.44143
91.6022,-0.361365
86.3462,-7.27322
54.2386,-3.64485
62.9677,2.69908
46.7592,0.134913
49.3062,5.28008
88.1382,3.07931
43.9642,-7.16032
55.965,10.8374
43.2202,-8.83737
77.7038,8.3054
73.5621,-7.81331
50.0681,-3.614
76.7874,1.0402
73.7965,-7.97951
59.0288,-7.79729
76.3542,2.27708
62.5438,9.2879
62.5372,-21.7482
59.9653,16.7521
87.2761,1.73773
49.5163,-13.2012
103.462,-9.56075
47.9011,-9.44042
43.5012,8.25892
63.2121,0.570985
56.0683,7.15626
62.5173,-1.64403
61.7382,0.287651
58.5653,15.8281
69.7532,3.72366
59.6463,2.90775
48.4392,-2.85562
48.9159,1.48391
94.3818,-4.66818
61.984,22.5477
56.9482,-0.96446
54.3909,-18.284
109.401,1.49026
101.827,3.64969
55.8886,-5.18893
39.8499,-2.66222
58.2386,-8.5139
56.0856,-0.570381
61.4629,-1.72767
63.1167,6.33487
68.3194,-4.08969
74.5504,-1.29333
48.8054,3.19696
59.4731,12.4092
52.2693,3.22462
37.0299,-1.45504
61.014,-6.05581
35.0603,3.76609
49.0889,-5.66583
80.0632,6.58662
46.1262,-1.94441
54.0792,-2.33659
73.4029,4.69326
87.2541,2.69891
53.8771,10.73
78.6592,-15.3103
84.0633,1.5941
48.9496,-15.6216
38.6923,5.1175
64.6381,-10.3537
66.1837,6.15059
101.127,-8.03138
26.6401,-2.74979
46.8127,2.59831
46.029,5.32678
39.8653,1.22708
146.143,0.28191
62.0307,-4.29011
51.9712,-9.35281
27.4065,-13.5445
63.2763,0.299649
86.7021,9.57766
63.3597,-1.70208
45.7119,6.99968
41.0399,-7.22467
44.3262,-2.71164
111.374,3.99694
67.7029,3.34111
55.5446,-17.4924
47.0138,9.40727
63.9011,0.515743
114.922,0.638917
64.1349,38.9767
62.4395,0.0369436
64.8508,-6.76447
65.6608,-1.78175
96.7056,-13.3517
48.5369,3.88969
50.4676,-1.9202
212.299,-11.3214
63.7315,-5.38336
132.378,5.5752
117.711,3.66324
50.9573,10.5596
72.4758,4.87375
61.7159,0.55739
49.2715,-3.29251
72.7298,-4.44816
74.514,-8.81903
83.6183,-7.07707
127.148,-2.99441
75.9992,-14.6971
79.868,2.09698
43.248,-1.91015
59.1856,-3.61175
54.9328,10.0512
74.0939,1.6698
100.288,1.03308
57.2968,6.67617
69.8273,5.02838
85.6867,1.52064
29.6743,2.03034
53.0377,4.36594
39.3463,-0.409573
83.1623,-6.92027
63.9668,13.2881
81.513,-1.48732
43.2413,3.82098
78.5468,8.52986
82.8589,-3.4206
103.983,-3.39436
65.1846,-0.264043
79.2463,8.82015
104.451,12.4375
46.7154,4.29914
35.4707,2.78082
56.8997,7.59488
89.0701,-4.62161
88.3359,3.52556
61.6581,6.08727
48.5187,-13.1518
47.1552,1.35949
105.672,-0.0585228
49.7389,2.71634
82.8504,-10.022
61.5637,0.0539911
53.7847,-7.52764
73.5732,-4.02922
85.0427,2.18839
63.7801,6.51666
55.5303,-19.2539
60.2846,-3.0144
71.8963,-5.71676
58.6302,-1.989
42.7469,3.31858
86.1482,1.00296
63.8167,2.5662
50.2199,-0.735289
29.8167,-6.66538
80.0012,5.53661
76.329,-2.97482
56.0496,3.67938
72.6677,3.00412
68.3988,0.809694
36.8312,1.59125
45.6838,-12.0471
70.1441,-2.22555
67.6368,-4.31761
79.9641,-6.22667
66.8156,-0.270776
67.861,3.96185
100.282,-20.8536
47.0112,-11.0323
49.2423,7.85866
51.264,9.00659
58.5999,3.92159
45.9782,-6.29154
106.091,-8.1089
76.9418,5.88426
101.635,-8.5968
60.0607,-5.17685
52.8091,1.67731
82.0674,-5.21625
78.7481,3.85693
50.0939,-3.06554
35.6698,0.543191
54.3478,-11.3815
49.6819,-1.15928
84.13,5.82405
64.8062,-6.34126
61.0935,3.95965
83.0219,5.09817
47.315,-10.187
64.3722,-3.45936
49.9135,-7.55211
41.578,-6.98678
63.9981,16.1572
58.0938,-11.351
43.5165,3.37645
47.0295,23.2546
78.8789,-1.58797
63.2092,2.80797
45.8521,-1.78969
80.2878,21.607
78.3249,-6.55563
39.9359,11.4865
58.6712,-9.12938
36.7109,12.9794
38.6113,13.4907
53.9727,6.00225
76.0417,6.7946
138.452,-6.47155
56.0234,2.36909
47.6539,-1.25116
51.4937,-2.07786
97.6078,4.01947
57.7395,6.79934
74.3477,0.901017
77.6878,21.8241
54.8537,7.4579
51.0263,-0.0211044
53.6479,12.5801
66.7983,-0.344188
63.383,2.24445
74.7327,11.2998
30.9365,3.12324
27.6094,0.413069
44.9086,-1.18306
41.8596,1.44913
52.6792,9.58936
61.9416,7.69427
77.3284,-7.07642
77.5791,-3.12285
58.7835,-0.0386267
61.1823,-8.16004
34.4472,1.57735
36.3007,-5.19238
61.6792,-4.94983
75.6908,7.42838
44.2398,-0.146695
41.3646,9.14306
59.0942,0.451696
117.127,10.7017
76.5372,10.0759
70.0466,-9.62652
62.0986,-7.06671
49.6329,-24.3735
50.3057,-5.50545
30.8823,72.9675
69.8262,-11.2025
30.1168,2.03673
73.2921,14.9716
74.0041,3.52371
53.1831,6.74678
102.633,-2.48161
75.1939,10.1291
55.3518,-3.91973
15.6416,18.9381
50.6068,3.60882
43.9751,-1.7663
38.9273,-6.32313
61.4834,6.33966
63.4041,0.536631
45.6627,-10.6789
126.824,-9.70882
46.5081,-5.44538
42.616,5.59294
64.0706,-0.978875
59.3544,-1.72996
83.461,21.4142
64.7303,10.6931
23.369,1.81183
79.3257,7.3986
45.6626,-8.22132
84.0571,-13.5611
56.1673,0.257138
59.453,-1.30429
92.9619,-14.5648
70.0277,0.677457
71.0689,-10.7791
43.5912,-4.69037
51.5018,-1.53834
40.4297,-6.88467
122.136,4.05447
41.5284,8.53168
58.3017,-4.02797
59.748,5.25643
42.9958,-4.08585
94.0388,1.28129
50.7231,3.75025
96.7451,4.22279
70.3835,-5.45487
52.5247,-1.08254
61.2852,1.40485
86.2933,-1.20675
46.1668,5.70286
40.6074,0.661834
49.7895,-0.61751
44.1698,7.22147
64.4177,1.69099
64.7656,3.88313
64.5186,-7.17676
49.02,-0.137977
50.883,-0.739821
30.7224,-0.135086
38.9619,-15.2602
75.5337,-11.9559
52.968,3.39941
62.8304,-13.949
72.3212,3.99642
31.3988,-7.3349
85.9927,-6.48713
59.0991,-1.35664
103.281,7.75487
95.9348,-3.36359
77.146,-2.82817
52.0535,-0.411083
63.4309,-10.098
41.1532,13.0822
67.2145,0.0932221
51.6987,2.35291
42.2513,-0.528949
90.3444,2.29508
36.343,5.60683
41.5683,8.87116
70.4067,4.75644
63.8216,10.7815
55.9888,-8.94082
43.6873,-4.89882
44.8991,-4.3943
71.276,3.47261
77.6023,-9.07685
52.3164,5.41525
85.677,6.06785
58.8913,-1.33023
66.9059,2.00415
76.7069,-0.849098
48.5563,-6.0016
72.1014,2.12533
39.9851,0.35036
50.0478,-15.0725
86.2375,-0.516088
68.9483,9.01518
58.8103,0.0824325
51.5682,-8.02944
53.4898,9.99345
50.6796,2.1631
37.596,0.819793
143.711,-5.8742
45.095,17.3672
69.3088,5.69052
58.917,-1.14577
56.8502,4.04545
60.247,-14.0553
47.8072,-17.2262
68.8162,17.9929
52.441,-10.993
57.2327,7.45021
87.0882,1.0585
48.4351,14.7656
40.0759,0.190717
99.5862,-0.0129475
51.6998,-6.81902
73.8301,-2.1792
39.324,1.65676
85.8169,-20.8378
73.5859,-2.80758
73.6715,11.0645
89.5205,4.95855
76.5136,-8.33362
42.4927,3.96181
43.7724,-4.06785
62.1411,-4.74405
78.0448,6.91975
49.45,0.168231
111.943,-4.35973
46.1892,-8.9034
47.0727,2.77059
74.7937,-13.5125
50.8588,0.978918
43.26,-9.70351
111.021,4.8996
47.5783,-9.47495
66.8844,5.17469
47.7642,11.5618
35.221,-2.92907
59.7615,3.31413
74.6086,-6.38114
47.2188,2.27764
60.4371,2.93015
46.8265,7.77559
75.2395,-8.00182
85.2222,16.0199
44.4994,8.4
43.7258,11.0572
37.1382,-6.47898
57.2438,5.203
64.285,16.0172
58.8298,-9.00033
64.4673,1.7666
73.5044,-0.146825
35.3432,24.0557
75.2159,4.24381
93.9422,-11.0521
100.352,10.6507
53.3565,-10.1371
41.0016,4.00186
43.3934,2.73823
57.992,-3.99729
49.272,-4.91682
57.9582,-13.1866
67.4262,-2.2038
67.6367,-4.06453
55.5563,4.05248
30.6175,2.19905
52.468,-5.24495
46.5322,-9.14798
31.8006,3.04927
74.2352,-0.808097
50.0845,-12.1494
56.2126,-13.5128
48.0305,8.91751
59.7775,-9.19278
43.407,9.21841
48.8159,0.228696
168.625,-0.731707
40.9172,15.1749
59.9454,2.68674
60.757,-10.0234
79.8997,-1.14365
54.187,-8.61873
64.2404,-18.5807
60.3779,-11.0977
85.8887,-8.28106
57.4685,-9.17556
40.6789,-10.5332
67.8857,-4.8772
55.534,-1.60713
53.8258,-0.432835
67.621,-3.60739
45.8089,0.853586
65.0209,-16.6496
64.3162,2.07121
66.8921,0.230293
44.2653,2.76947
54.106,-1.09018
46.7057,0.741461
65.7352,-6.96857
73.6851,6.06341
67.9002,-2.48277
68.7841,12.8318
51.7723,-1.78261
99.7757,2.32857
67.829,2.34328
52.9294,-22.9652
64.8106,-2.86412
46.9386,9.16248
100.171,6.55653
59.2205,11.0937
59.9297,-4.09422
33.2564,1.88084
49.5028,0.707236
47.3186,-4.45873
82.5857,0.482338
77.5704,-1.56613
81.3269,-5.45686
32.477,-8.70241
67.0988,-16.3384
39.1253,13.8114
64.1413,0.079843
57.1421,0.988499
100.38,7.44883
62.4809,9.16093
54.2206,9.75681
45.948,-1.06959
82.0273,3.94209
77.1585,-0.515743
63.6397,8.12297
82.0885,2.25908
61.7582,-3.2743
48.0401,13.8887
62.3953,3.13114
63.9432,3.85452
76.667,5.98904
121.034,-6.99852
75.5976,-1.95827
47.7394,-4.43491
54.5587,-10.0688
50.5893,-16.087
51.2642,-8.764
84.3937,-9.13611
57.6597,9.17974
79.4939,1.94782
26.4148,8.83284
76.7001,-4.10026
70.4071,10.4926
50.325,-10.6065
79.0072,-5.32393
82.2573,4.35308
76.3706,7.45816
68.0617,6.46771
66.896,-10.1029
45.841,3.80299
65.7176,-6.21506
56.447,-3.25082
51.8126,15.2469
41.019,-6.83939
46.5999,13.3638
42.489,3.86621
65.8521,-8.44916
41.7869,-11.0284
50.3764,-10.1475
56.944,5.87407
48.4319,8.86974
63.2763,-11.1096
77.2071,7.25635
123.722,8.00018
54.5678,3.69949
88.8021,0.534214
52.561,-9.03007
78.4887,-3.60083
59.6116,-0.864549
26.4611,-17.7591
44.4039,-7.7894
75.6899,-8.50552
46.6723,-13.5803
43.1004,-8.46146
68.5878,13.2988
58.996,2.07329
59.9528,-1.57265
124.108,-3.76337
37.3928,-3.77191
46.0655,1.13097
33.5208,0.333442
66.8091,-7.08311
113.4,1.87407
109.723,0.285018
46.1886,-2.94888
78.4514,1.00814
82.3939,-1.0932
53.9148,1.8215
54.5062,7.16753
90.102,2.81306
60.7734,-9.83579
60.2632,9.51694
96.3782,6.69145
117.536,4.14549
75.089,0.297145
117.964,3.38862
71.2385,14.5582
49.0019,3.65797
51.2693,-4.12762
31.692,-0.0842883
53.2161,8.22603
43.1263,-6.71984
80.7402,-3.70023
52.6735,1.01357
49.966,-3.92534
70.3265,-13.2469
52.9638,23.8278
44.3648,-8.76978
43.4909,0.872231
45.7355,-4.98354
107.321,1.28638
42.6614,-1.71425
49.378,-10.8928
46.387,0.545694
101.654,2.48251
66.217,-0.17669
71.6538,-15.5157
80.029,4.06975
89.795,-5.10473
61.3898,-15.204
46.7493,-4.27971
61.1895,7.94209
55.5712,-4.67958
63.8635,-5.01716
129.414,-22.9242
33.7156,-18.3573
40.6908,-6.57703
49.3027,2.90529
65.809,-1.6824
69.1564,-8.02293
51.4986,2.23504
77.1311,-3.02674
123.384,-6.14295
74.2075,-10.4794
84.0731,2.61544
59.8233,10.0205
97.4364,2.73982
90.445,-1.05453
65.4217,-5.40386
84.8493,1.467
85.5389,5.30438
44.1808,3.26705
39.7057,-1.46367
65.9111,2.73313
83.94,3.44969
57.0177,4.48329
76.1834,-2.05956
72.6893,-6.6583
60.0135,0.0242118
60.9403,2.53504
52.0658,9.32061
95.9397,1.03442
86.8379,5.49911
94.1818,-3.3181
28.4863,8.7539
103.581,-15.4601
67.326,1.77156
48.9478,3.85469
2040.75,-4.1707
77.619,8.58916
54.9787,-3.43433
59.7508,5.06282
57.4607,4.27725
44.0553,-3.84804
54.9452,2.4747
64.6081,13.9911
35.4471,-1.38784
72.7867,-3.60912
52.2169,0.0740166
37.6102,-9.86436
48.9872,8.47842
68.4272,-13.6908
53.0201,-8.16362
47.7883,5.76859
60.0103,1.62012
65.4238,0.135992
49.2546,0.428994
61.0566,-2.12654
47.587,2.28545
64.9098,5.86276
52.2343,-2.13586
60.1426,0.175137
57.453,-2.62576
46.4445,8.58619
64.8249,1.01129
60.5918,2.2167
58.6742,-9.09161
61.1789,-5.27611
42.9912,-18.5743
54.5141,-13.3219
35.9312,-3.95654
35.5329,6.01718
66.6113,-6.45403
76.4903,8.63172
43.3259,-7.26075
56.1543,2.04312
56.5484,2.69623
46.3446,-3.78866
70.5502,1.17848
48.6717,-2.58998
59.694,-13.5323
64.2002,-0.75553
44.5443,-7.09411
50.6034,-5.73717
46.1357,8.99861
80.5038,1.73285
72.4236,0.775772
41.628,-7.64443
81.7107,5.56691
101.58,8.6457
47.5696,7.28198
64.1029,-0.512074
56.9651,-0.882243
60.6051,-7.86544
94.827,-9.46761
59.1704,5.77239
84.1993,-13.9551
84.3453,-8.68782
42.4586,6.87094
136.023,-1.48607
72.3947,5.74615
55.1587,-8.52878
100.084,9.50718
57.5321,1.45323
45.798,5.17314
51.1042,-13.4597
39.2258,2.23862
61.1652,-10.9681
45.1621,-7.01734
49.5821,5.29195
47.2015,-17.5878
66.7399,0.0683197
39.6941,-1.68305
50.7807,-11.3012
55.8,5.5301
103.621,12.793
80.4981,2.55515
58.9355,16.7269
53.7841,-13.5653
65.7683,1.62888
44.2521,6.60876
44.0639,14.9852
48.0111,3.39475
55.5944,17.6152
58.3175,-3.20822
76.922,-0.393173
50.1273,15.7608
71.1028,11.6326
53.6765,-7.09442
48.1028,0.891652
35.2199,-16.0599
59.8452,7.00659
72.803,22.6947
56.6042,-5.98589
31.5958,-8.62701
49.7943,3.65914
74.7757,-3.41672
76.893,-14.2465
53.837,2.50957
58.5858,-1.912
80.8857,5.20792
76.5874,-3.27115
49.6293,8.51325
45.2709,-1.15147
73.1491,1.22725
75.4197,-8.70414
48.4166,4.57941
42.5851,15.8405
85.609,9.40507
44.3774,1.73946
42.9489,15.327
106.988,-10.6013
73.7613,-3.18176
42.7509,-2.09728
61.6107,0.506981
37.2473,7.44995
65.4471,4.047
50.5005,-9.32488
71.2766,-1.11323
75.8768,-7.55962
33.8093,1.34503
84.1448,1.39039
146.312,-17.2099
42.7807,5.43964
63.3808,-1.75232
79.975,4.92851
72.0858,9.34128
86.7951,8.43574
68.7497,12.0804
36.2037,-3.36519
40.5714,-3.0147
63.9664,9.30011
78.0089,21.8934
42.7562,10.8217
132.091,-13.4803
56.9364,-4.34285
51.6786,5.05346
95.8657,-6.63733
90.272,-6.29374
49.7752,-3.49963
107.51,-10.3107
62.5642,-1.38983
50.7452,-11.2017
69.1338,-2.56982
56.0882,-5.07426
44.3026,-0.0707366
21.5863,-38.834
71.508,4.82019
55.8683,-8.91833
51.7815,-7.80019
57.4561,-8.30415
51.2369,3.33627
40.0221,-36.6368
55.4168,5.90661
54.8358,-1.19009
102.51,-6.35201
66.7377,12.3823
70.4955,12.0126
74.7595,-2.85803
66.4227,-5.78188
46.5255,10.8593
82.1748,-4.24173
85.0428,-0.575258
40.0029,-1.98334
72.1919,11.9755
49.603,15.101
96.116,-3.15082
76.7401,-0.619668
44.4972,0.279796
49.3158,5.27995
140.086,12.028
40.0604,6.1663
45.9012,-8.97094
57.33,-0.354114
97.2911,-1.25604
49.7709,-5.05177
55.5612,-7.87343
55.743,-1.88632
79.6638,10.8873
38.6909,0.581041
32.9138,2.48666
60.028,6.01783
61.1648,-11.8221
66.305,-6.31657
74.0588,-8.86425
52.7467,1.71477
61.8029,9.13235
80.378,1.49203
53.84,2.41834
50.992,-3.52634
90.6898,-6.77276
90.13,22.3339
52.1956,2.2044
81.8693,2.80905
90.2411,18.016
89.8616,-13.1876
61.077,-7.96881
97.6231,-3.25824
54.4272,-12.7611
93.2657,-4.51221
105.844,0.689412
83.5003,4.55709
51.0825,12.7469
52.163,-3.38224
150.791,-1.00244
61.4935,8.15387
56.1172,-13.0051
78.4757,1.67903
39.8743,-3.34861
77.7758,-9.19157
72.3263,10.7224
75.8735,0.808399
78.3917,-5.79897
59.3994,7.13101
56.0603,1.95892
64.7702,4.98911
73.224,-4.82614
67.276,-2.17894
158.767,-4.64587
41.3632,6.48152
69.9208,-7.60666
74.2678,5.98343
54.3787,5.21651
54.866,2.51268
120.868,-8.97923
70.6185,-0.0449279
42.8606,-4.93939
92.2414,-4.02823
72.4908,-2.67931
87.5856,29.4503
48.5732,-8.27281
60.8078,-0.419154
54.9443,-1.29907
116.191,2.59611
47.8114,-14.0397
99.549,-13.1676
38.0358,-14.9732
66.7407,-17.4313
97.0341,-6.62162
80.1534,-5.55181
63.9626,5.00149
96.9307,-12.9057
86.7799,-2.80732
19.2146,3.78128
50.314,-0.931746
51.2477,8.75381
41.8695,-0.0796272
65.3135,-5.86177
62.7084,-4.00082
49.7136,-5.10089
60.4165,-0.881553
65.5831,4.25209
71.462,-9.06701
52.3362,-0.590838
45.5697,1.38081
108.114,-0.551478
71.1206,-1.99279
92.4052,1.75806
43.4838,-7.2737
93.5742,-0.00120843
172.028,-31.0368
42.2421,-3.65957
48.8027,6.10833
107.23,-3.15565
42.8003,-1.3597
37.1065,20.0282
40.9518,-0.399992
83.8061,2.04454
85.2311,4.57207
42.5851,10.0771
59.6898,-3.94964
76.2451,-5.03887
53.5102,-1.35043
38.7793,8.91842
61.274,4.09016
66.4708,7.58193
94.9675,-2.38687
101.278,1.26441
49.7686,-2.27216
69.0295,-42.2422
35.6981,5.80221
63.6923,3.06144
51.1665,-24.132
73.0901,-2.96317
58.709,-3.73501
189.169,4.65532
68.8487,-3.12872
45.6824,-0.221359
56.2537,2.01735
72.6371,3.47701
99.1432,14.7678
34.9634,-25.7786
38.6775,12.945
51.47,2.77262
50.4572,8.83206
53.9827,-11.7361
54.2537,-0.542673
30.6688,-43.5745
92.5722,8.39922
72.526,1.14236
67.2224,8.47937
71.5224,8.48217
44.5601,8.87565
39.6656,8.20566
68.8489,-2.89826
77.6762,-2.08951
53.7737,4.48303
53.6587,-6.63931
98.6945,-1.64925
57.6784,0.953153
97.1428,4.75109
88.4899,9.90217
79.4975,12.3006
87.6807,2.92411
58.657,-1.15056
41.4219,-0.378931
52.099,12.0235
50.7796,-3.8833
78.2043,5.97752
73.2639,-8.40902
81.958,-7.74857
74.8331,14.3958
81.2944,-3.48081
28.1808,11.7096
41.6739,2.59006
54.9546,-9.73895
68.0261,6.18749
49.9589,8.25874
71.1748,-3.48901
61.0751,-1.76008
68.9591,6.9412
55.9638,-9.1936
37.4694,-2.49533
25.7012,10.7895
55.2836,-9.88866
53.796,-12.5864
48.2169,6.78009
39.9246,1.81222
33.3086,1.56074
61.2359,7.66924
51.4062,-12.489
53.8484,-5.66743
69.7167,11.364
63.3494,4.48994
26.4373,-8.05486
50.0086,3.63147
35.4818,7.14051
55.4477,1.01944
81.3046,3.261
64.0816,20.4719
61.1653,-3.97769
57.6861,2.95907
78.0312,-0.354934
69.2247,2.5236
43.3697,0.308151
79.19,-1.48344
75.8479,-1.27032
61.0216,-1.7966
55.3757,8.77841
80.9406,-2.15977
57.3632,3.03408
69.499,4.94077
80.1498,14.4237
63.8746,-9.5743
50.4497,-4.07415
73.7511,19.8558
84.0291,3.1289
62.9138,-0.748323
43.8895,1.61209
54.5234,-1.80014
47.4075,5.28345
33.2287,7.24478
49.9254,14.3559
49.3639,0.386785
72.5473,2.56982
58.383,0.0756566
45.4531,0.649145
55.2651,-6.00877
55.4117,4.17963
75.4112,-12.6999
51.1784,1.65228
69.9375,6.12883
60.2745,7.94831
58.8133,3.58422
32.3283,7.87852
49.9713,-0.739519
72.8988,11.4716
93.927,5.12014
46.9099,0.838524
75.6838,1.63661
65.4866,-9.13464
71.994,3.97312
72.5715,-17.2661
46.2047,-1.62004
43.4113,2.9939
139.227,27.5831
39.8519,1.66777
87.5495,4.54294
81.2014,8.71484
89.8779,16.4547
53.9892,2.55165
87.7794,-2.24838
76.2092,4.94301
46.1679,-2.88799
69.3854,-2.63607
96.462,8.41925
91.3611,-8.83633
87.2199,12.7781
98.279,-1.54624
54.8886,4.94371
51.438,-4.23591
56.7936,-4.67707
64.061,-2.11795
43.5827,-3.167
70.475,0.386915
79.7817,-5.9997
65.5899,7.82086
133.929,-5.55863
67.6282,2.21377
51.1834,-0.317128
81.5292,2.99994
54.01,-4.51812
51.8353,1.79871
70.8706,6.13151
43.1454,4.35347
69.0765,-2.42589
128.662,-1.47861
51.1469,64.5447
110.104,-0.245399
82.3583,-8.07981
31.2552,-1.58706
76.1747,-6.21166
82.5966,-1.49527
81.7312,-17.3419
36.1625,8.0092
59.7196,0.51216
53.75,-5.45418
57.2734,-2.55191
50.7036,-10.9849
50.2655,7.23762
42.0311,1.26579
47.5637,-1.65978
45.315,4.39508
56.6323,12.8815
46.6528,7.5654
95.2249,-4.17678
70.196,8.15499
45.1857,8.30721
53.6836,4.71432
83.7605,-12.914
36.3424,-3.43541
67.202,-3.76738
69.7219,4.63214
119.397,-15.3615
57.1938,-0.830065
71.3167,-7.43727
90.0744,1.56052
40.8163,-8.02633
90.9221,-2.71617
42.2982,-3.37637
63.1048,2.09676
58.2476,7.04996
58.3988,-2.31981
47.3449,-15.054
69.5309,-5.06265
49.5352,-6.51135
56.1913,-2.96787
69.8072,1.48232
53.8493,6.76305
58.0206,-6.79084
78.2953,-2.91966
47.3102,9.61305
65.4777,-13.1649
59.3111,-7.04681
53.1448,-10.0058
67.1164,-3.86552
51.3277,-3.03956
25.6049,-16.2913
86.2673,-8.15145
87.0719,-1.67217
50.1395,-1.75094
144.612,-1.77562
209.358,3.50472
71.9428,6.9012
56.5471,-7.10512
48.9252,-3.60027
35.518,7.31616
63.2077,3.90083
65.6421,2.03474
64.0874,6.08792
92.7006,2.00471
54.3842,-20.4682
102.628,3.74002
77.8627,8.20057
73.3225,8.25456
52.233,-3.53713
65.9979,-0.770075
44.3318,-1.25513
31.079,-6.6009
47.4152,-2.06556
51.3121,-4.44846
65.0298,3.13412
82.6317,3.57334
82.658,-8.31787
53.3887,0.428778
70.9218,-16.696
72.5186,4.35213
64.6366,1.05104
46.6599,0.527784
81.1376,-6.68782
50.9658,-9.13762
37.7319,-2.3747
60.1063,-5.45328
41.1154,-8.43086
51.5324,-5.24875
49.0483,26.5347
70.8909,0.573488
65.7737,10.2496
42.8609,3.15345
50.1963,-9.52475
36.4008,12.9089
50.8701,-2.27345
35.7563,3.47226
92.2361,-1.57826
97.2978,-17.1548
61.9801,-9.96173
58.7915,3.31793
44.0833,5.75776
58.9703,-7.28608
55.9632,3.69621
53.4907,7.82673
109.651,-0.779958
45.0782,3.39341
79.8426,2.37319
48.7174,-10.8061
67.0657,1.15941
68.8085,5.51154
57.1626,4.64181
109.352,1.51572
38.6397,4.70668
46.8257,3.3973
85.104,7.84964
72.9962,-5.20434
46.4671,1.06139
115.879,0.966402
64.8434,3.00948
73.8691,-13.0078
94.2881,-2.47552
110.961,21.3785
45.4679,-1.68585
66.9335,5.15048
80.7678,-2.19836
65.6204,4.25555
44.7582,5.98123
71.8112,6.5044
51.0409,10.8636
41.7006,0.660625
62.8065,-4.7709
48.9783,2.93037
49.8412,18.0876
40.6475,-4.11929
57.8515,-3.28975
63.3872,-4.08645
51.9811,1.18129
49.1572,-11.0182
57.7223,1.49004
45.3227,14.8151
64.0449,-7.58185
57.587,10.3802
60.4855,6.53664
65.1996,-2.70383
52.8704,3.0396
54.7121,-9.00374
40.5521,-17.0631
63.5369,1.50856
61.9897,3.07357
52.9151,3.43605
90.0007,10.0723
154.156,-6.53116
75.016,0.897521
87.767,2.06452
27.3963,-7.58439
48.5973,-2.01973
38.9525,-7.59385
45.8751,146.995
39.0838,3.00391
87.6753,-17.6928
133.25,1.01418
79.8526,-6.51609
97.0059,-4.04264
64.7209,-13.4968
67.9986,-0.871281
65.0874,-2.41726
51.9792,-2.73451
38.7917,28.9265
69.084,2.86339
92.7599,9.18863
61.3346,-8.83767
59.0584,10.3328
99.1667,-2.19262
55.8226,-1.5367
71.8251,5.07374
59.733,12.4884
73.6441,-1.37632
46.9173,-13.7264
67.0364,-14.4821
79.3053,30.4734
58.6661,-15.2266
56.8935,11.1356
32.6968,-3.17197
74.2403,6.77962
42.4816,-10.8951
37.8635,-0.467362
56.7735,0.164779
35.7505,14.2075
57.6982,6.7406
64.2427,1.44701
64.8348,-1.57778
58.9955,-6.33125
58.3694,-8.95873
42.702,2.06556
35.7006,5.5484
48.5544,2.59969
32.2679,1.5521
91.7177,-5.00672
102.958,-6.62723
62.2842,-1.49885
71.0825,0.288773
44.4334,-1.58011
56.8649,-0.35692
63.1983,4.12102
29.4969,4.43327
48.4105,-16.6716
49.2732,-0.363739
112.989,0.188775
85.5795,0.755617
38.6353,2.93809
78.5748,-5.5563
57.7342,-10.7449
37.0979,-0.853802
44.6023,-23.4812
60.6976,-0.8617
27.4274,21.7583
79.382,-6.41627
36.2888,-0.367105
77.8738,1.10166
38.6059,-7.63562
50.0508,7.18794
61.7713,6.05607
65.5802,5.04612
55.3192,-4.85773
51.4393,-9.7714
73.5801,1.03761
70.8321,0.859542
35.6429,4.21916
60.4794,5.19376
46.3339,1.06765
59.9096,-9.05804
126.296,9.23814
43.3337,-0.269222
79.3708,9.25851
101.069,-0.407501
45.3013,-4.71734
87.6795,4.58519
50.5463,-2.94789
92.6558,8.89416
49.9752,3.84714
55.289,-2.57634
89.0734,-7.27775
37.4304,-0.646253
78.7592,-0.901492
32.1616,-1.41706
95.1637,-2.38886
95.0816,1.64045
56.1656,-6.63115
55.5625,0.352
65.6428,12.1167
38.2171,4.40207
109.593,-15.4532
73.3042,-8.54277
94.7259,-2.0631
59.2235,7.71473
97.6338,-5.72448
50.7107,0.127576
89.7616,1.08267
97.1403,1.36847
48.4191,-2.56141
95.43,-4.93283
89.8916,-2.50107
77.5803,11.2031
56.9653,6.28533
94.9843,-18.1664
54.0198,10.0351
92.4463,2.04005
35.5718,-10.8892
55.2239,0.615007
58.6589,5.99487
87.2008,6.49559
71.3694,-6.24174
52.6373,-1.2976
72.3668,-2.04428
73.7941,-1.19834
87.3709,-3.13835
99.6447,4.51851
36.1459,14.7919
34.1412,-1.03576
56.0535,-1.4307
84.2404,-4.45791
81.7404,9.15924
70.998,3.93238
49.0918,-4.93412
69.4283,-16.3605
88.5597,1.05703
56.9622,3.68348
76.9923,7.3128
36.726,-0.679615
62.5272,-3.60441
68.3891,-3.91239
39.6038,1.55698
57.3328,9.24314
44.5786,-7.52238
71.5478,3.42078
52.6796,12.4504
65.656,-3.0352
67.9358,12.6029
73.7782,-2.27803
59.9013,4.07523
42.0253,2.81902
48.518,6.99148
58.5248,-17.6795
77.4329,9.08492
65.6629,11.5951
61.0622,0.273538
47.9859,-3.7704
94.52,-10.4738
76.7508,6.13259
40.0798,0.534473
55.2497,13.5815
44.4415,-13.9582
72.8262,1.11534
72.7596,1.66104
71.3928,6.77302
99.4349,-25.3586
51.336,-1.2686
46.852,8.08443
52.957,-4.19089
76.6563,-4.15218
50.3629,-0.332881
63.2002,-2.23051
69.4518,-4.61039
59.5991,-1.4228
59.5149,-22.9635
37.6136,14.4113
50.0149,-59.7312
86.9866,13.0721
42.4468,-17.3893
55.3471,-2.01921
63.8439,-0.681859
74.3321,1.38292
54.7491,-4.51562
76.5877,-4.31044
70.0566,-2.19957
54.3253,-6.8611
40.3189,5.70295
47.3124,-4.36491
34.1645,-9.13145
49.8299,15.2726
40.7414,-1.70027
65.1157,2.81906
31.3883,2.77871
67.2124,2.94987
41.0991,-4.03863
69.0063,-2.98112
48.9942,-8.93987
55.9641,13.2359
53.8238,20.8984
80.4528,-21.3437
54.2847,-8.53694
81.7592,-1.90458
83.9996,-1.73039
41.1626,-1.91968
113.061,-16.108
39.777,-7.5689
50.2845,2.69075
105.319,2.39805
66.0334,-6.79796
36.4496,-9.16831
58.19,-1.89526
33.9755,-3.49721
36.1693,10.6935
104.983,13.6613
90.5828,-2.90136
46.3441,5.31802
75.9409,0.513887
61.2521,6.75088
71.5296,2.9418
38.9395,13.8321
92.5175,-55.9021
58.0326,-3.31797
88.7814,-7.01082
53.8314,-5.13442
61.9192,6.87086
40.4829,12.7246
33.7409,11.468
30.7365,7.67291
42.4629,-9.92643
107.58,2.14562
138.47,-9.33472
52.0535,-9.78845
39.5326,-6.19741
57.7662,2.24959
56.9469,22.3304
56.2852,-6.7182
69.4446,-7.88594
80.689,-4.17143
65.9117,5.07845
70.2651,-4.27781
57.4812,-11.7152
39.3549,6.59054
50.4279,-1.48745
41.4139,4.66926
61.331,8.46539
75.0676,-12.5055
49.5373,5.8146
58.8452,0.974171
50.8034,13.3905
54.2957,-3.45099
107.579,-1.73458
55.0475,-2.17333
66.1113,1.32665
114.037,-3.27991
75.2243,6.28062
85.9244,-18.6886
56.3538,-5.15527
50.0834,2.60349
48.0399,9.2049
69.7141,6.94198
57.65,7.99595
37.1808,-0.126886
96.1068,-7.51594
109.674,3.87869
57.3197,-1.15319
26.6143,5.50334
58.2825,-6.14467
78.311,2.19585
76.6154,-7.91322
65.2968,-5.61124
44.8888,-1.50385
66.3158,-9.83558
70.7728,-3.19519
70.4123,0.102156
77.0429,-9.94628
79.993,4.3123
156.825,-0.763946
57.3846,6.03307
111.234,7.30024
57.5163,-3.96108
43.3139,-4.94267
60.2587,3.70497
60.2401,-15.3706
85.3315,-5.68547
66.3313,-0.217259
82.2533,2.34954
30.8125,11.9853
65.1038,-1.62819
61.5538,-4.32589
55.4124,-2.13215
50.1503,13.7695
53.1859,-10.7632
36.664,-21.8551
45.242,-9.60179
68.4526,6.33418
84.9343,5.12631
64.1709,6.55088
49.8979,15.0032
45.8947,8.35438
52.1793,-3.06351
65.8614,17.925
33.3334,-7.50887
60.8704,7.55988
42.9526,9.15549
52.8514,1.34421
101.001,4.40306
49.9677,2.83494
87.6553,-6.78791
60.9001,8.76279
50.7073,9.52622
145.651,-1.97307
33.802,-9.68569
141.748,-8.36461
58.2758,2.37099
31.5371,0.25567
38.9091,5.33545
71.0335,-5.17508
161.781,-11.7342
65.0301,-4.939
49.2577,2.54177
65.4119,3.48651
84.3502,8.81954
55.4251,-1.15647
53.4596,-3.44866
48.3925,-6.61204
49.1059,-3.98663
52.1396,-2.1795
49.2469,4.90996
49.3317,-8.96598
90.3435,3.60355
41.8198,4.12525
66.5755,0.988888
113.373,8.68735
58.552,-7.12269
49.9493,2.01118
68.6909,6.86784
48.5159,3.25475
70.1033,-9.97826
44.7946,-0.813104
66.9459,0.363998
46.299,1.11193
75.5003,-2.72114
64.5096,7.11578
53.4149,-4.12046
86.7457,-4.90098
72.0878,-7.75232
91.2058,0.813233
47.1783,10.8463
76.6238,-0.846638
105.285,13.2541
66.5439,6.066
63.8567,1.87018
51.4001,4.96002
80.4643,-8.94613
51.0896,5.97031
47.0886,-15.2245
50.8739,11.2679
138.506,-12.0672
40.6591,-1.37231
77.7197,7.40369
82.1777,-0.0249887
73.5108,8.40086
62.8495,-5.19191
55.3473,11.0871
51.6094,11.11
99.6372,0.171641
85.4853,-3.54986
56.3693,-10.5576
76.5935,-4.70413
53.4439,-4.54967
107.669,12.2601
74.3048,20.4466
88.677,-3.74446
70.0452,-3.20641
37.2917,-9.38759
43.7944,-3.99142
65.9791,9.84736
65.0703,0.058868
60.0607,-4.98613
62.4226,-7.94006
22.1425,10.5469
54.9999,10.3221
51.6711,6.19685
49.6231,2.47712
49.7658,-1.86612
69.8677,-2.10319
113.339,-8.69214
71.195,-2.22594
67.9659,-7.01255
46.2942,-9.77921
55.5745,6.23004
44.6949,-8.13436
66.1671,-15.226
51.5746,-0.469649
39.3059,12.3814
103.906,-19.0693
61.7313,-1.95602
60.6441,9.0034
64.5177,9.63032
124.225,-3.99802
131.429,-0.95639
113.879,-18.5501
75.8086,-13.4955
49.3319,-9.00098
43.2884,13.473
75.5843,5.97787
38.7443,-0.982285
45.7472,-9.3437
63.5781,-6.00635
50.2004,5.58314
87.15,-8.61381
111.615,-2.54401
66.9124,-3.95382
43.3071,7.97429
74.6786,0.401891
51.1423,-11.1743
46.6767,8.29582
49.0165,-6.69654
74.124,1.2096
81.7409,2.72178
65.2574,2.31644
35.4363,-0.769168
73.236,13.2247
62.0261,-7.2841
40.4559,-4.77124
90.5156,1.17287
76.9105,13.6719
72.1476,-5.31521
68.6306,-3.21297
62.4963,-1.77545
51.7457,1.35888
67.3115,2.67275
47.5084,0.811982
56.4717,8.289
24.6844,-4.57979
86.2713,4.71138
61.4383,-4.46206
67.7064,5.73627
62.6485,-1.33433
70.7398,-2.18217
41.7508,-9.96009
38.7964,1.25392
48.3382,5.65888
59.8215,-2.63905
92.2005,-1.24374
48.6603,6.43491
53.6118,-1.7401
49.406,-9.43157
68.1426,9.68375
137.653,4.86494
87.4972,-4.17575
51.4584,15.8223
54.1471,-2.3012
48.0925,0.403186
48.9413,10.5962
109.54,-9.34819
71.871,-6.47268
53.1911,6.3375
86.595,-6.03376
106.679,1.18759
58.2155,-1.98408
65.2316,5.81369
69.7215,11.6038
66.1502,7.95612
56.783,4.02145
87.8618,11.43
51.7851,5.89423
68.1183,4.13216
74.1605,-5.78236
122.03,3.88149
49.2693,13.522
34.1103,3.79975
62.2352,3.03572
82.2588,-10.5508
99.5846,-15.9954
55.0155,-2.1779
48.5783,7.01134
88.6126,-2.07972
73.6394,-6.52032
47.5474,-1.05656
53.4651,6.25494
72.5454,14.8415
76.8661,-5.08337
48.2465,-1.03636
50.8044,-1.50122
38.5338,5.43735
77.4284,-8.33708
67.9237,4.23772
71.8647,-14.4962
87.4043,-1.92037
64.6027,8.27044
60.0099,0.104314
83.7608,-1.78792
38.4739,-3.69664
43.8318,-2.10777
68.4377,13.2317
54.2775,-7.94831
44.9822,-3.04469
55.8665,5.28522
53.3966,3.87601
65.4121,5.48802
53.793,-9.66191
42.632,-6.00329
57.1877,-0.821994
47.0542,-6.69063
55.0211,-5.11198
82.4192,-13.5584
40.5405,-5.99806
102.965,0.758465
24.2389,5.76566
79.7254,4.3028
72.2523,7.29856
71.0791,2.67146
65.6943,-4.44846
54.349,-5.20788
21.2426,5.62664
76.035,-0.527309
72.8454,-0.168145
62.6001,-8.23906
82.9553,0.0685355
46.7153,2.97857
62.2607,-8.43358
53.0359,-3.47459
101.935,6.49659
61.8505,-0.145789
42.7351,-8.80375
53.5375,12.7456
80.8544,-1.43372
56.5921,12.4002
38.1805,1.30062
24.4017,1.34046
95.111,9.73653
46.8398,-8.80616
67.6016,-8.30229
80.3178,-7.79298
38.5549,3.53338
57.1997,10.257
38.7547,11.8205
80.6157,-6.73055
565.399,-10.9745
63.7895,2.97491
23.7889,10.1277
68.0219,-8.49767
55.9275,-2.09391
56.068,0.502709
48.4989,7.0825
46.1889,-2.37539
33.9701,7.5765
64.7985,-1.10494
74.8685,3.86453
53.8461,-13.8587
56.2006,13.1184
43.4969,1.06765
42.0028,-8.04761
60.7172,-7.08578
71.3561,-4.37799
62.2354,-35.1871
99.5331,-3.36186
57.5878,-4.09193
73.1567,-0.163268
56.7702,-7.63325
62.3807,-10.1247
56.3138,-16.1459
46.7558,-0.867138
59.5606,-2.3003
75.2337,-2.70914
62.9105,-6.10013
50.7121,-4.37531
88.1478,20.4353
33.1351,-0.49658
44.4633,-2.79584
122.546,-3.59889
79.9854,12.4804
62.34,-4.65571
46.1931,-4.38834
58.3543,9.16494
64.1942,1.14525
37.7025,15.2292
51.3587,-6.70323
83.303,5.08596
44.3442,0.520404
55.2274,-6.67902
79.7766,4.17186
59.774,-10.5084
45.4139,1.21694
96.0755,1.97268
92.4679,-4.20436
74.0265,2.93995
64.9204,2.80883
98.0348,-3.14266
87.4583,-4.58579
63.363,-2.03807
32.9531,13.9805
49.5748,0.15619
66.4864,-3.75033
64.1632,6.21455
65.7581,3.01263
163.862,2.39063
79.3086,2.5933
66.2336,5.52293
37.8509,10.8742
58.2868,-1.43057
58.6017,-1.11836
56.091,-2.20621
46.9996,5.97316
63.666,-15.4479
70.3112,-9.9345
65.7877,7.83368
86.4623,9.8001
61.0067,2.76239
84.2323,-4.54311
42.4272,-6.0836
42.2441,0.812586
98.9937,-9.9247
64.6279,-0.373147
44.5714,-26.6066
48.7308,7.1904
87.3019,-5.30447
58.1218,-0.32563
74.0347,12.8557
68.7706,-8.86145
52.5845,-5.38133
49.0003,-11.4284
43.8903,2.47358
46.7452,8.66443
62.7351,8.18214
48.0288,7.31729
35.8584,-5.93695
73.6814,-31.7915
44.7204,-8.97263
63.5761,6.57306
46.4314,4.6406
71.5092,-7.82543
88.6913,-1.67774
86.4151,7.18444
83.3732,9.71922
58.6398,12.5901
34.8095,2.60616
52.51,1.62461
77.7824,-20.088
73.67,2.61838
53.2242,5.2853
57.4547,5.98589
55.9799,1.99629
72.7095,-0.313675
69.3805,-0.28942
43.7474,4.88208
83.0595,-7.06213
66.3355,-1.80566
64.487,6.50112
42.9907,5.20399
77.2025,-8.12689
75.9799,9.90489
49.8839,-18.1001
46.8124,-10.3149
56.9294,0.826397
52.6118,-12.2485
96.3477,7.45406
54.9623,-0.526403
48.5363,13.8284
123.551,-8.82403
38.1313,-0.324939
51.0242,-17.3946
74.4194,-12.1079
63.1996,4.18278
49.1973,-3.25621
53.5362,-3.3459
59.9844,-3.3011
53.5066,8.35041
52.3991,-12.2781
53.9873,3.76086
63.0356,-0.559894
53.6401,3.29152
81.3244,-18.8655
45.5701,-4.93365
73.7605,-1.68982
56.9565,2.36784
64.3221,5.38694
40.8411,-7.79436
44.3387,-3.01543
61.1533,1.47882
57.1857,4.26737
80.4281,-3.61784
43.3458,-11.7219
79.0844,6.70426
70.8256,-10.0562
56.6183,4.29538
75.5365,1.90328
36.1728,-7.77524
44.9157,-0.923028
62.0511,-8.13639
39.775,12.776
56.1157,-11.4592
75.7559,-1.19998
41.1638,9.41155
60.1712,3.94243
84.743,0.116225
46.5166,-0.170691
43.0092,11.8944
44.7192,-15.7168
46.8664,-10.1296
70.4126,7.19536
85.3249,-0.047949
46.9783,-19.4575
85.2638,-14.2423
76.9811,0.988715
64.1749,-5.23671
48.4107,3.9824
60.2371,1.4635
51.6723,10.3296
54.2554,1.26005
72.4296,2.47988
82.1357,0.192314
55.9955,3.54688
145.024,3.94739
106.479,4.46335
68.1592,-0.988974
87.7618,-5.66635
305.505,4.85691
75.1351,-1.90544
24.1637,0.792388
54.145,-7.95551
44.009,-1.88063
54.4251,3.8767
44.5836,1.28716
58.055,3.73613
76.427,13.3795
83.8121,6.98354
61.1989,0.231372
71.4805,-2.60789
71.952,0.706632
53.231,-6.04571
55.4694,6.60578
58.6958,17.7194
41.9291,30.962
16.1208,64.3381
56.4794,15.5115
42.7414,4.23397
66.2308,-9.06054
41.6516,-1.54943
48.0073,19.9446
55.1228,1.98468
38.3413,3.73462
43.2111,15.4105
35.0169,-0.829633
65.7677,3.40299
48.1723,4.08032
41.7302,-6.41148
75.5725,-2.96632
99.0484,11.026
74.2312,-4.28006
33.7011,-7.33619
91.4701,-14.6688
68.0603,-3.79371
63.5774,-6.61795
67.1411,6.02819
72.77,-2.96774
99.6913,-7.31427
84.0246,0.352863
65.2454,28.5879
56.6711,17.0129
70.5289,17.9207
73.3093,2.30026
74.3911,-11.2099
44.3055,-16.3349
47.462,5.16204
69.3486,6.39577
64.4153,-11.4987
45.5368,8.43185
61.8285,-12.7831
56.5227,7.11168
63.6326,0.883927
54.1967,-11.1892
28.4043,21.9858
134.391,3.63998
89.1573,-1.42026
56.4825,-4.59611
34.6388,6.41817
103.871,6.0161
48.6576,-0.509787
54.7829,-4.74647
61.254,5.42307
66.256,-3.28919
69.8438,7.93134
45.8315,15.9653
39.0326,-3.42242
31.5104,-3.96297
55.4549,-5.80692
65.75,6.84384
52.9631,-2.2274
60.351,10.1683
86.2176,-3.18146
56.8091,1.52897
51.628,-5.5244
98.27,4.85057
56.2706,1.83712
67.9558,-4.17475
65.9136,-1.75819
63.5922,-0.0517469
51.9083,12.7756
48.2304,26.5474
73.1088,22.6258
82.6875,-1.73523
63.0975,-0.0248161
69.3483,5.0743
71.9743,-0.906498
162.303,-7.16442
61.9,-3.7452
95.6579,-15.2346
53.414,8.67703
86.0152,-0.408321
46.1844,1.2304
69.5236,7.15656
25.3504,12.5235
55.1837,-8.72956
91.7353,-1.17279
93.8011,-2.71993
44.2584,-2.91794
57.1045,-8.43854
48.0371,-3.74839
133.111,2.17121
63.6188,1.91748
86.7922,4.58044
62.2569,-15.228
34.5947,-3.1964
66.9133,-4.51337
78.355,-2.1558
133.547,-13.8717
67.3523,10.3032
79.0308,-3.35315
80.4171,-9.29053
63.8653,-4.33133
44.571,-7.83808
57.9477,-22.6481
62.3973,2.64561
74.1981,-3.83756
63.7099,2.82303
67.3983,8.83279
113.483,8.05383
64.3666,14.8519
62.844,-12.8022
96.3753,7.32009
40.7669,17.3339
37.422,20.6728
38.7585,-1.38197
75.8375,-3.95654
40.5072,-6.41981
55.0156,-6.64259
53.1366,-12.1611
56.3373,8.4773
69.8624,-10.6946
51.4816,7.63631
90.6428,2.38998
61.6888,-0.523554
37.8309,-5.44374
49.8261,6.51044
54.6336,-2.95989
49.8725,2.51812
91.769,-3.84274
65.3489,6.73465
48.9812,-1.31059
61.8505,0.131849
61.8406,-2.55006
63.7306,16.9094
45.1116,-1.90501
66.3867,4.3735
50.6384,4.37332
90.9448,3.11353
89.383,-7.32152
52.325,-11.3343
69.638,4.9535
66.4484,0.497012
70.6462,2.16435
75.4742,3.02713
61.0243,31.3837
40.6907,-8.63198
77.7269,4.94724
63.0936,0.839258
121.896,-11.8519
103.655,-1.95607
76.2091,-0.313546
33.9405,12.811
87.8334,-1.84252
59.5397,12.5013
64.4743,8.99559
39.941,-21.1725
90.4944,6.91224
53.6201,-4.43185
68.0655,-6.5804
31.8158,-3.41866
39.0814,9.73252
46.6646,-13.0862
59.8325,18.4462
82.8126,9.081
99.9049,9.21535
48.6638,-2.90974
76.8341,2.69015
58.8142,3.31137
71.7091,3.75486
66.0655,-1.42518
77.784,-9.2582
85.065,-0.312423
38.9837,12.3996
74.2866,3.54516
47.2413,4.47686
44.2125,12.2863
58.7792,3.73903
69.4825,6.21412
36.2917,11.4324
69.8014,-0.560627
70.6295,-0.635895
63.9913,-5.73329
82.6118,-3.69181
47.2519,-12.0086
40.1178,3.52695
76.1668,-2.88842
54.2728,3.59505
70.7646,3.74364
56.0508,8.78679
58.7929,5.09131
59.1939,0.716127
51.1604,-0.925574
63.5984,-5.20244
71.5619,-1.27852
50.2126,-2.65856
99.8749,-28.5989
57.5657,-6.05663
72.7599,-3.46549
58.0759,1.71921
54.3458,-9.96371
52.3271,-1.71818
52.6432,-0.969423
78.56,-7.59652
47.2509,-6.93197
62.7153,6.28084
52.6286,2.43456
108.739,-3.84502
77.6408,4.93136
86.0249,4.47065
77.6549,-5.55638
46.252,-9.46424
51.2909,-8.74428
75.9389,5.75845
43.2338,-25.3194
69.4906,-0.645261
84.0918,-6.71173
49.9645,-1.03502
50.4372,9.74365
81.4774,0.154162
67.3894,5.68508
58.113,3.9496
43.8441,2.51816
44.4481,0.738267
45.2429,-2.85342
35.9093,-4.96209
52.8265,20.9743
60.6095,-21.0984
62.1364,-0.57392
54.425,1.47092
81.4748,-10.675
71.3663,2.25623
58.727,0.0561922
55.7228,-2.65834
53.8528,-1.76086
50.6445,0.377981
72.5483,-3.01599
73.5527,-11.1644
78.1414,9.07249
76.7452,4.26271
199.064,-3.84463
74.5805,3.04405
46.6214,7.14487
57.1163,0.713322
60.4685,-3.92448
62.2603,0.911203
55.0629,5.50442
53.833,-5.09299
76.8785,-2.51402
38.4046,3.25738
75.4461,-12.0868
38.7888,5.18915
79.3081,1.89003
70.2235,-1.87994
81.7309,10.4278
61.1044,1.6433
35.4935,-0.682981
41.8056,-1.86608
38.8934,-0.475044
51.5875,-0.437885
58.0661,-6.83327
64.1712,-2.71509
131.145,-8.05245
50.8136,11.0047
53.8504,4.21955
34.462,7.11509
55.5534,-9.77537
81.3386,9.52087
54.9974,0.749488
22.197,16.0247
92.9897,8.1994
56.9689,-4.5334
64.2482,1.21245
112.94,3.84243
93.7853,-18.4918
63.3329,-7.10296
91.7319,12.1546
54.0754,-4.74591
46.7239,-19.9532
64.3575,-6.13509
71.2196,9.57585
50.583,9.95573
63.6134,2.19689
37.2545,-6.3628
91.5162,-1.44641
42.8824,-4.94366
58.6422,-7.53843
85.6152,-9.84132
48.3528,7.01151
75.6033,14.3452
55.7215,-0.951124
74.7992,0.546514
72.8046,1.74105
61.274,-4.58648
51.4923,-14.6145
63.4319,1.60588
85.617,-0.162319
33.3008,-8.83525
72.3276,2.49412
64.5273,2.28614
47.4965,2.5277
63.3597,6.32913
92.0769,-1.31465
88.854,-5.35194
49.9901,16.3717
58.9998,7.53364
62.5728,-12.4502
55.9386,8.4577
57.1641,-8.32456
56.8889,-1.85974
73.0169,8.78536
67.8933,-1.72526
85.4003,25.8618
99.366,15.6933
64.1041,4.50185
62.5067,12.2052
62.6344,0.402279
37.2578,-6.91168
88.2159,-12.5139
72.4889,-6.49879
57.704,-6.50366
48.4315,-4.81311
54.4947,-2.43802
46.2182,9.50727
91.5826,-12.347
66.1618,-7.42721
63.9987,5.51258
51.334,-9.68871
61.1966,2.28545
50.1626,-18.8726
76.4226,-4.03919
43.006,-2.90279
79.6001,-4.89325
40.33,9.12316
50.2373,10.9469
72.3452,-1.92599
60.8258,1.43178
42.7938,-16.3806
53.9786,4.59714
35.5417,2.15239
44.1098,5.8326
104.997,4.55584
83.7191,-4.05577
76.5032,4.49883
46.3124,-10.3364
116.375,5.79414
51.3643,5.84326
43.8148,23.6015
54.527,1.12928
48.9158,-14.2675
31.7504,-3.0333
57.123,2.18977
62.2998,6.05309
35.383,3.19415
43.2794,2.75014
63.2072,8.97168
60.1293,-6.03091
78.3408,8.00143
58.73,-0.453249
61.2872,0.173842
55.9837,-13.0421
38.0966,-0.909433
83.5478,0.32317
340.503,16.4705
67.7417,5.97726
94.5113,-8.72546
92.1963,10.1556
95.5985,-0.361667
68.3117,-9.25048
69.8815,7.12661
73.6573,-3.70023
61.5625,-0.0298224
86.2729,21.3098
40.4304,-7.92362
43.6209,10.8637
54.9764,0.54686
53.785,22.61
57.7402,-0.15632
49.1731,4.55748
57.8656,12.5685
42.7249,-4.57699
60.8893,-8.28244
85.5399,3.11867
67.3892,-5.85935
34.292,-13.5544
68.3015,-3.31901
50.2455,8.76262
81.6072,-9.11289
47.878,-16.3051
43.7813,-0.690663
53.6871,1.5783
29.7297,1.86133
59.1609,8.78765
73.5339,-14.3675
54.4206,-13.1936
53.5078,-1.14391
46.1085,3.41037
75.4085,2.6652
69.092,4.69481
30.9929,-9.00417
77.5758,-2.01532
64.8236,4.01425
46.7563,2.11187
44.2034,-3.94476
39.953,-0.0252476
50.8348,2.07078
40.0474,6.5602
71.962,-13.3592
49.276,8.92804
88.466,-9.7534
90.3262,7.56722
83.3506,1.07602
42.2084,8.15443
120.381,-4.55925
58.0717,6.47108
69.7238,10.9579
76.5992,-5.70221
59.8846,17.5032
64.9862,-4.41596
41.9468,1.27883
152.909,6.14752
65.7376,1.11728
75.7033,-5.3872
43.5141,-14.5565
62.9196,-2.35584
101.807,0.31825
56.5277,0.465765
88.0679,-12.7325
64.5283,-11.4751
31.7018,-8.38779
68.5855,-6.62175
45.7175,1.65219
56.4751,-2.81919
36.9943,6.45658
131.135,6.94858
45.84,-12.2808
64.8208,-10.1856
50.3314,-1.05142
81.6577,-1.49902
67.5758,0.816341
42.7118,-1.43873
74.4236,2.41329
93.9143,10.6028
99.2539,6.82252
50.3673,11.2356
77.8972,-0.635075
46.7075,-16.4785
37.4053,5.09299
100.581,7.46467
42.3012,10.859
57.8774,-5.33964
69.4043,-13.7844
48.965,0.634169
76.2518,8.40928
67.4722,-4.48817
51.0756,-11.3674
55.1823,-8.35654
48.5763,-6.07325
24.654,-10.5946
67.963,2.06012
49.254,-6.55964
39.1105,-2.23042
55.6462,7.23049
68.7932,5.0264
66.4073,2.45157
57.9011,-0.011998
64.1164,-4.84025
74.4118,-2.411
40.3322,-7.08786
69.5376,3.35686
61.8002,-1.62107
46.9204,6.5646
82.1525,-19.8685
51.982,5.61283
43.5007,-5.97169
54.4015,0.7655
43.0269,-9.22057
64.4631,-4.84798
31.6363,-2.62601
52.6177,-1.87018
44.0498,-0.345051
55.4613,-5.57416
157.033,-0.715264
86.4021,-1.65003
93.9705,13.9645
51.5301,2.07108
62.3683,1.1519
47.0497,-9.66437
60.8935,-6.64678
61.341,2.09564
50.0683,-13.1714
66.5877,-2.20587
100.426,23.5433
40.0812,-1.24132
98.2233,-9.72678
39.878,5.40679
71.1527,-2.05555
66.9299,-4.58467
109.148,-5.83251
15.5749,-4.51933
56.3685,-1.59306
68.1077,15.4141
67.0324,1.97967
144.769,3.94122
76.1818,0.967438
63.3003,3.09126
51.5322,7.69371
50.1081,-0.949571
46.3195,1.6578
86.8739,-6.01831
90.596,0.275653
46.6292,31.6962
63.5943,-5.80234
67.6972,-5.43839
29.9119,-1.5231
146.123,2.46296
68.9395,-1.09631
54.7115,-13.4424
59.1223,-6.24864
45.4145,-17.519
74.4845,2.40336
50.3901,-5.89591
112.261,14.1877
32.2703,-2.27384
80.6828,-10.015
98.1358,6.68407
101.714,-2.21739
70.1066,2.1044
112.085,-6.9677
131.312,13.6857
69.8294,-9.96328
58.1361,-4.6479
115.97,2.60133
44.3476,-9.64995
59.4877,1.19549
104.028,12.1336
37.5069,11.0517
56.1505,9.67386
75.0785,-3.69172
56.0877,6.43578
32.1396,12.9401
69.5245,-0.815607
152.013,9.30097
46.0974,0.466024
53.5009,-4.96546
56.424,-20.5965
53.1062,1.59509
58.7668,3.86811
72.0184,-2.87163
42.3545,5.48483
123.538,2.3309
50.0886,26.3082
26.8206,-9.49299
121.675,-4.06897
57.9725,0.342203
62.5376,7.0037
73.1996,-1.53441
62.197,3.81132
96.5104,-1.65228
58.937,-4.65627
72.6484,2.33461
58.6249,1.58089
109.79,-11.4149
68.9255,-12.2335
60.7707,9.17573
69.8361,0.25006
45.7396,6.43543
99.9517,3.64054
23.3313,15.8307
54.0619,0.645908
55.38,-8.36301
75.6002,10.5533
61.9306,-10.6949
65.1853,16.7659
91.1657,-9.76674
70.7124,-0.170476
58.9526,-3.76479
55.7952,-7.01229
58.5147,-10.2851
43.8966,8.97452
119.755,1.84821
75.3682,-0.300771
71.3724,5.12238
102.059,4.42084
85.1913,-4.96136
94.0119,-20.4967
79.6162,-1.78266
58.3258,0.363091
48.4149,10.6001
40.7546,-8.55433
35.3893,-7.18302
44.0039,6.693
54.937,0.132453
46.7955,11.2594
84.0034,5.13986
63.0909,2.12464
66.0432,-2.87443
50.9198,-1.57317
78.5163,-9.18976
61.4112,-3.78861
56.4758,-5.6086
64.9813,2.20954
31.2407,0.122872
89.2496,-6.37984
35.0817,2.04916
119.801,11.9894
89.2524,5.62457
83.8995,3.78244
90.8526,8.21446
46.2242,28.4216
32.4678,-3.19156
49.663,6.1101
38.6676,11.6852
52.3533,-7.20525
50.9229,-1.14495
83.9713,5.09726
57.0935,-11.1195
45.4948,-0.578926
64.7283,-1.9379
71.3613,3.47658
64.263,5.24978
42.4138,11.504
66.7342,5.08962
88.4867,-0.420449
66.3679,11.5607
63.4031,1.21728
52.74,6.98384
67.8395,10.8611
70.0027,-3.21435
62.4327,1.26946
47.1521,16.0006
79.3792,0.10781
56.0783,3.13356
52.5109,-14.5672
64.9944,-10.7898
65.684,0.0930495
35.9855,-7.10672
53.9201,0.143631
54.0132,-7.76005
70.0332,2.7917
42.1899,-0.218813
65.3859,-8.06936
27.2704,-12.0191
101.597,-12.3
59.5427,-4.76188
69.0573,0.693167
40.1159,17.1599
66.1612,2.41419
61.3041,-2.64298
83.9535,1.03209
39.2949,-1.19894
69.7772,-5.46191
52.3533,-3.27809
38.1559,2.28541
36.2855,-9.74848
58.7934,7.96488
93.5887,0.356877
72.7293,1.52245
54.4292,0.862347
71.1015,1.5679
68.7409,-12.4073
69.875,5.19929
79.1591,11.4945
90.4881,2.28127
60.8994,-1.0913
38.0753,-16.2023
59.0068,3.08073
76.6315,12.9478
62.9566,-5.67533
53.3365,2.07281
72.0382,-9.94792
83.8858,-0.110485
50.6243,7.44771
82.0374,-8.5643
59.5174,-8.23807
52.1457,14.8381
68.026,-1.88149
99.7661,-4.83896
93.6588,0.818067
47.1662,-10.1926
66.4687,1.25034
69.3008,1.35513
38.0874,-4.45968
62.6892,10.2133
72.9155,-10.8954



(int) 0
